ARM GAS  C:\Users\skipi\AppData\Local\Temp\cc09pqTg.s 			page 1


   1              		.cpu cortex-m7
   2              		.eabi_attribute 28, 1
   3              		.eabi_attribute 20, 1
   4              		.eabi_attribute 21, 1
   5              		.eabi_attribute 23, 3
   6              		.eabi_attribute 24, 1
   7              		.eabi_attribute 25, 1
   8              		.eabi_attribute 26, 1
   9              		.eabi_attribute 30, 4
  10              		.eabi_attribute 34, 1
  11              		.eabi_attribute 18, 4
  12              		.file	"AnalogDelay.cpp"
  13              		.text
  14              	.Ltext0:
  15              		.cfi_sections	.debug_frame
  16              		.section	.text._ZN7daisysp12PitchShifter16SetTranspositionERKf.isra.0,"ax",%progbits
  17              		.align	1
  18              		.arch armv7e-m
  19              		.syntax unified
  20              		.thumb
  21              		.thumb_func
  22              		.fpu fpv5-d16
  24              	_ZN7daisysp12PitchShifter16SetTranspositionERKf.isra.0:
  25              	.LVL0:
  26              	.LFB5655:
  27              		.file 1 "../libs/PoliTeKDSP/libs/DaisySP/Source/Effects/pitchshifter.h"
   1:../libs/PoliTeKDSP/libs/DaisySP/Source/Effects/pitchshifter.h **** /*
   2:../libs/PoliTeKDSP/libs/DaisySP/Source/Effects/pitchshifter.h **** Copyright (c) 2020 Electrosmith, Corp
   3:../libs/PoliTeKDSP/libs/DaisySP/Source/Effects/pitchshifter.h **** 
   4:../libs/PoliTeKDSP/libs/DaisySP/Source/Effects/pitchshifter.h **** Use of this source code is governed by an MIT-style
   5:../libs/PoliTeKDSP/libs/DaisySP/Source/Effects/pitchshifter.h **** license that can be found in the LICENSE file or at
   6:../libs/PoliTeKDSP/libs/DaisySP/Source/Effects/pitchshifter.h **** https://opensource.org/licenses/MIT.
   7:../libs/PoliTeKDSP/libs/DaisySP/Source/Effects/pitchshifter.h **** */
   8:../libs/PoliTeKDSP/libs/DaisySP/Source/Effects/pitchshifter.h **** 
   9:../libs/PoliTeKDSP/libs/DaisySP/Source/Effects/pitchshifter.h **** #pragma once
  10:../libs/PoliTeKDSP/libs/DaisySP/Source/Effects/pitchshifter.h **** #ifndef DSY_PITCHSHIFTER_H
  11:../libs/PoliTeKDSP/libs/DaisySP/Source/Effects/pitchshifter.h **** #define DSY_PITCHSHIFTER_H
  12:../libs/PoliTeKDSP/libs/DaisySP/Source/Effects/pitchshifter.h **** #include <stdint.h>
  13:../libs/PoliTeKDSP/libs/DaisySP/Source/Effects/pitchshifter.h **** #include <cmath>
  14:../libs/PoliTeKDSP/libs/DaisySP/Source/Effects/pitchshifter.h **** #ifdef USE_ARM_DSP
  15:../libs/PoliTeKDSP/libs/DaisySP/Source/Effects/pitchshifter.h **** #include "arm_math.h"
  16:../libs/PoliTeKDSP/libs/DaisySP/Source/Effects/pitchshifter.h **** #endif
  17:../libs/PoliTeKDSP/libs/DaisySP/Source/Effects/pitchshifter.h **** #include "Utility/dsp.h"
  18:../libs/PoliTeKDSP/libs/DaisySP/Source/Effects/pitchshifter.h **** #include "Utility/delayline.h"
  19:../libs/PoliTeKDSP/libs/DaisySP/Source/Effects/pitchshifter.h **** #include "Control/phasor.h"
  20:../libs/PoliTeKDSP/libs/DaisySP/Source/Effects/pitchshifter.h **** 
  21:../libs/PoliTeKDSP/libs/DaisySP/Source/Effects/pitchshifter.h **** /** Shift can be 30-100 ms lets just start with 50 for now.
  22:../libs/PoliTeKDSP/libs/DaisySP/Source/Effects/pitchshifter.h **** 0.050 * SR = 2400 samples (at 48kHz)
  23:../libs/PoliTeKDSP/libs/DaisySP/Source/Effects/pitchshifter.h **** */
  24:../libs/PoliTeKDSP/libs/DaisySP/Source/Effects/pitchshifter.h **** #define SHIFT_BUFFER_SIZE 16384
  25:../libs/PoliTeKDSP/libs/DaisySP/Source/Effects/pitchshifter.h **** //#define SHIFT_BUFFER_SIZE 4800
  26:../libs/PoliTeKDSP/libs/DaisySP/Source/Effects/pitchshifter.h **** //#define SHIFT_BUFFER_SIZE 8192
  27:../libs/PoliTeKDSP/libs/DaisySP/Source/Effects/pitchshifter.h **** //#define SHIFT_BUFFER_SIZE 1024
  28:../libs/PoliTeKDSP/libs/DaisySP/Source/Effects/pitchshifter.h **** 
  29:../libs/PoliTeKDSP/libs/DaisySP/Source/Effects/pitchshifter.h **** namespace daisysp
  30:../libs/PoliTeKDSP/libs/DaisySP/Source/Effects/pitchshifter.h **** {
  31:../libs/PoliTeKDSP/libs/DaisySP/Source/Effects/pitchshifter.h **** static inline uint32_t hash_xs32(uint32_t x)
ARM GAS  C:\Users\skipi\AppData\Local\Temp\cc09pqTg.s 			page 2


  32:../libs/PoliTeKDSP/libs/DaisySP/Source/Effects/pitchshifter.h **** {
  33:../libs/PoliTeKDSP/libs/DaisySP/Source/Effects/pitchshifter.h ****     x ^= x << 13;
  34:../libs/PoliTeKDSP/libs/DaisySP/Source/Effects/pitchshifter.h ****     x ^= x >> 17;
  35:../libs/PoliTeKDSP/libs/DaisySP/Source/Effects/pitchshifter.h ****     x ^= x << 5;
  36:../libs/PoliTeKDSP/libs/DaisySP/Source/Effects/pitchshifter.h ****     return x;
  37:../libs/PoliTeKDSP/libs/DaisySP/Source/Effects/pitchshifter.h **** }
  38:../libs/PoliTeKDSP/libs/DaisySP/Source/Effects/pitchshifter.h **** 
  39:../libs/PoliTeKDSP/libs/DaisySP/Source/Effects/pitchshifter.h **** inline uint32_t myrand()
  40:../libs/PoliTeKDSP/libs/DaisySP/Source/Effects/pitchshifter.h **** {
  41:../libs/PoliTeKDSP/libs/DaisySP/Source/Effects/pitchshifter.h ****     static uint32_t seed = 1;
  42:../libs/PoliTeKDSP/libs/DaisySP/Source/Effects/pitchshifter.h ****     seed                 = hash_xs32(seed);
  43:../libs/PoliTeKDSP/libs/DaisySP/Source/Effects/pitchshifter.h ****     return seed;
  44:../libs/PoliTeKDSP/libs/DaisySP/Source/Effects/pitchshifter.h **** }
  45:../libs/PoliTeKDSP/libs/DaisySP/Source/Effects/pitchshifter.h **** 
  46:../libs/PoliTeKDSP/libs/DaisySP/Source/Effects/pitchshifter.h **** /**  time-domain pitchshifter
  47:../libs/PoliTeKDSP/libs/DaisySP/Source/Effects/pitchshifter.h **** 
  48:../libs/PoliTeKDSP/libs/DaisySP/Source/Effects/pitchshifter.h **** Author: shensley
  49:../libs/PoliTeKDSP/libs/DaisySP/Source/Effects/pitchshifter.h **** 
  50:../libs/PoliTeKDSP/libs/DaisySP/Source/Effects/pitchshifter.h **** Based on "Pitch Shifting" from ucsd.edu 
  51:../libs/PoliTeKDSP/libs/DaisySP/Source/Effects/pitchshifter.h **** 
  52:../libs/PoliTeKDSP/libs/DaisySP/Source/Effects/pitchshifter.h **** t = 1 - ((s *f) / R)
  53:../libs/PoliTeKDSP/libs/DaisySP/Source/Effects/pitchshifter.h **** 
  54:../libs/PoliTeKDSP/libs/DaisySP/Source/Effects/pitchshifter.h **** where:
  55:../libs/PoliTeKDSP/libs/DaisySP/Source/Effects/pitchshifter.h ****     s is the size of the delay
  56:../libs/PoliTeKDSP/libs/DaisySP/Source/Effects/pitchshifter.h ****     f is the frequency of the lfo
  57:../libs/PoliTeKDSP/libs/DaisySP/Source/Effects/pitchshifter.h ****     r is the sample_rate
  58:../libs/PoliTeKDSP/libs/DaisySP/Source/Effects/pitchshifter.h **** 
  59:../libs/PoliTeKDSP/libs/DaisySP/Source/Effects/pitchshifter.h **** solving for t = 12.0
  60:../libs/PoliTeKDSP/libs/DaisySP/Source/Effects/pitchshifter.h **** f = (12 - 1) * 48000 / SHIFT_BUFFER_SIZE;
  61:../libs/PoliTeKDSP/libs/DaisySP/Source/Effects/pitchshifter.h **** 
  62:../libs/PoliTeKDSP/libs/DaisySP/Source/Effects/pitchshifter.h **** \todo - move hash_xs32 and myrand to dsp.h and give appropriate names
  63:../libs/PoliTeKDSP/libs/DaisySP/Source/Effects/pitchshifter.h **** */
  64:../libs/PoliTeKDSP/libs/DaisySP/Source/Effects/pitchshifter.h **** class PitchShifter
  65:../libs/PoliTeKDSP/libs/DaisySP/Source/Effects/pitchshifter.h **** {
  66:../libs/PoliTeKDSP/libs/DaisySP/Source/Effects/pitchshifter.h ****   public:
  67:../libs/PoliTeKDSP/libs/DaisySP/Source/Effects/pitchshifter.h ****     PitchShifter() {}
  68:../libs/PoliTeKDSP/libs/DaisySP/Source/Effects/pitchshifter.h ****     ~PitchShifter() {}
  69:../libs/PoliTeKDSP/libs/DaisySP/Source/Effects/pitchshifter.h ****     /** Initialize pitch shifter
  70:../libs/PoliTeKDSP/libs/DaisySP/Source/Effects/pitchshifter.h ****     */
  71:../libs/PoliTeKDSP/libs/DaisySP/Source/Effects/pitchshifter.h ****     void Init(float sr)
  72:../libs/PoliTeKDSP/libs/DaisySP/Source/Effects/pitchshifter.h ****     {
  73:../libs/PoliTeKDSP/libs/DaisySP/Source/Effects/pitchshifter.h ****         force_recalc_ = false;
  74:../libs/PoliTeKDSP/libs/DaisySP/Source/Effects/pitchshifter.h ****         sr_           = sr;
  75:../libs/PoliTeKDSP/libs/DaisySP/Source/Effects/pitchshifter.h ****         mod_freq_     = 5.0f;
  76:../libs/PoliTeKDSP/libs/DaisySP/Source/Effects/pitchshifter.h ****         SetSemitones();
  77:../libs/PoliTeKDSP/libs/DaisySP/Source/Effects/pitchshifter.h ****         for(uint8_t i = 0; i < 2; i++)
  78:../libs/PoliTeKDSP/libs/DaisySP/Source/Effects/pitchshifter.h ****         {
  79:../libs/PoliTeKDSP/libs/DaisySP/Source/Effects/pitchshifter.h ****             gain_[i] = 0.0f;
  80:../libs/PoliTeKDSP/libs/DaisySP/Source/Effects/pitchshifter.h ****             d_[i].Init();
  81:../libs/PoliTeKDSP/libs/DaisySP/Source/Effects/pitchshifter.h ****             phs_[i].Init(sr, 50, i == 0 ? 0 : PI_F);
  82:../libs/PoliTeKDSP/libs/DaisySP/Source/Effects/pitchshifter.h ****         }
  83:../libs/PoliTeKDSP/libs/DaisySP/Source/Effects/pitchshifter.h ****         shift_up_ = true;
  84:../libs/PoliTeKDSP/libs/DaisySP/Source/Effects/pitchshifter.h ****         del_size_ = SHIFT_BUFFER_SIZE;
  85:../libs/PoliTeKDSP/libs/DaisySP/Source/Effects/pitchshifter.h ****         SetDelSize(del_size_);
  86:../libs/PoliTeKDSP/libs/DaisySP/Source/Effects/pitchshifter.h ****         fun_ = 0.0f;
  87:../libs/PoliTeKDSP/libs/DaisySP/Source/Effects/pitchshifter.h ****     }
  88:../libs/PoliTeKDSP/libs/DaisySP/Source/Effects/pitchshifter.h **** 
ARM GAS  C:\Users\skipi\AppData\Local\Temp\cc09pqTg.s 			page 3


  89:../libs/PoliTeKDSP/libs/DaisySP/Source/Effects/pitchshifter.h ****     /** process pitch shifter
  90:../libs/PoliTeKDSP/libs/DaisySP/Source/Effects/pitchshifter.h ****     */
  91:../libs/PoliTeKDSP/libs/DaisySP/Source/Effects/pitchshifter.h ****     float Process(float &in)
  92:../libs/PoliTeKDSP/libs/DaisySP/Source/Effects/pitchshifter.h ****     {
  93:../libs/PoliTeKDSP/libs/DaisySP/Source/Effects/pitchshifter.h ****         float val, fade1, fade2;
  94:../libs/PoliTeKDSP/libs/DaisySP/Source/Effects/pitchshifter.h ****         // First Process delay mod/crossfade
  95:../libs/PoliTeKDSP/libs/DaisySP/Source/Effects/pitchshifter.h ****         fade1 = phs_[0].Process();
  96:../libs/PoliTeKDSP/libs/DaisySP/Source/Effects/pitchshifter.h ****         fade2 = phs_[1].Process();
  97:../libs/PoliTeKDSP/libs/DaisySP/Source/Effects/pitchshifter.h ****         if(prev_phs_a_ > fade1)
  98:../libs/PoliTeKDSP/libs/DaisySP/Source/Effects/pitchshifter.h ****         {
  99:../libs/PoliTeKDSP/libs/DaisySP/Source/Effects/pitchshifter.h ****             mod_a_amt_ = fun_ * ((float)(myrand() % 255) / 255.0f)
 100:../libs/PoliTeKDSP/libs/DaisySP/Source/Effects/pitchshifter.h ****                          * (del_size_ * 0.5f);
 101:../libs/PoliTeKDSP/libs/DaisySP/Source/Effects/pitchshifter.h ****             mod_coeff_[0]
 102:../libs/PoliTeKDSP/libs/DaisySP/Source/Effects/pitchshifter.h ****                 = 0.0002f + (((float)(myrand() % 255) / 255.0f) * 0.001f);
 103:../libs/PoliTeKDSP/libs/DaisySP/Source/Effects/pitchshifter.h ****         }
 104:../libs/PoliTeKDSP/libs/DaisySP/Source/Effects/pitchshifter.h ****         if(prev_phs_b_ > fade2)
 105:../libs/PoliTeKDSP/libs/DaisySP/Source/Effects/pitchshifter.h ****         {
 106:../libs/PoliTeKDSP/libs/DaisySP/Source/Effects/pitchshifter.h ****             mod_b_amt_ = fun_ * ((float)(myrand() % 255) / 255.0f)
 107:../libs/PoliTeKDSP/libs/DaisySP/Source/Effects/pitchshifter.h ****                          * (del_size_ * 0.5f);
 108:../libs/PoliTeKDSP/libs/DaisySP/Source/Effects/pitchshifter.h ****             mod_coeff_[1]
 109:../libs/PoliTeKDSP/libs/DaisySP/Source/Effects/pitchshifter.h ****                 = 0.0002f + (((float)(myrand() % 255) / 255.0f) * 0.001f);
 110:../libs/PoliTeKDSP/libs/DaisySP/Source/Effects/pitchshifter.h ****         }
 111:../libs/PoliTeKDSP/libs/DaisySP/Source/Effects/pitchshifter.h ****         slewed_mod_[0] += mod_coeff_[0] * (mod_a_amt_ - slewed_mod_[0]);
 112:../libs/PoliTeKDSP/libs/DaisySP/Source/Effects/pitchshifter.h ****         slewed_mod_[1] += mod_coeff_[1] * (mod_b_amt_ - slewed_mod_[1]);
 113:../libs/PoliTeKDSP/libs/DaisySP/Source/Effects/pitchshifter.h ****         prev_phs_a_ = fade1;
 114:../libs/PoliTeKDSP/libs/DaisySP/Source/Effects/pitchshifter.h ****         prev_phs_b_ = fade2;
 115:../libs/PoliTeKDSP/libs/DaisySP/Source/Effects/pitchshifter.h ****         if(shift_up_)
 116:../libs/PoliTeKDSP/libs/DaisySP/Source/Effects/pitchshifter.h ****         {
 117:../libs/PoliTeKDSP/libs/DaisySP/Source/Effects/pitchshifter.h ****             fade1 = 1.0f - fade1;
 118:../libs/PoliTeKDSP/libs/DaisySP/Source/Effects/pitchshifter.h ****             fade2 = 1.0f - fade2;
 119:../libs/PoliTeKDSP/libs/DaisySP/Source/Effects/pitchshifter.h ****         }
 120:../libs/PoliTeKDSP/libs/DaisySP/Source/Effects/pitchshifter.h ****         mod_[0] = fade1 * (del_size_ - 1);
 121:../libs/PoliTeKDSP/libs/DaisySP/Source/Effects/pitchshifter.h ****         mod_[1] = fade2 * (del_size_ - 1);
 122:../libs/PoliTeKDSP/libs/DaisySP/Source/Effects/pitchshifter.h **** #ifdef USE_ARM_DSP
 123:../libs/PoliTeKDSP/libs/DaisySP/Source/Effects/pitchshifter.h ****         gain_[0] = arm_sin_f32(fade1 * (float)M_PI);
 124:../libs/PoliTeKDSP/libs/DaisySP/Source/Effects/pitchshifter.h ****         gain_[1] = arm_sin_f32(fade2 * (float)M_PI);
 125:../libs/PoliTeKDSP/libs/DaisySP/Source/Effects/pitchshifter.h **** #else
 126:../libs/PoliTeKDSP/libs/DaisySP/Source/Effects/pitchshifter.h ****         gain_[0] = sinf(fade1 * PI_F);
 127:../libs/PoliTeKDSP/libs/DaisySP/Source/Effects/pitchshifter.h ****         gain_[1] = sinf(fade2 * PI_F);
 128:../libs/PoliTeKDSP/libs/DaisySP/Source/Effects/pitchshifter.h **** #endif
 129:../libs/PoliTeKDSP/libs/DaisySP/Source/Effects/pitchshifter.h **** 
 130:../libs/PoliTeKDSP/libs/DaisySP/Source/Effects/pitchshifter.h ****         // Handle Delay Writing
 131:../libs/PoliTeKDSP/libs/DaisySP/Source/Effects/pitchshifter.h ****         d_[0].Write(in);
 132:../libs/PoliTeKDSP/libs/DaisySP/Source/Effects/pitchshifter.h ****         d_[1].Write(in);
 133:../libs/PoliTeKDSP/libs/DaisySP/Source/Effects/pitchshifter.h ****         // Modulate Delay Lines
 134:../libs/PoliTeKDSP/libs/DaisySP/Source/Effects/pitchshifter.h ****         //mod_a_amt = mod_b_amt = 0.0f;
 135:../libs/PoliTeKDSP/libs/DaisySP/Source/Effects/pitchshifter.h ****         d_[0].SetDelay(mod_[0] + mod_a_amt_);
 136:../libs/PoliTeKDSP/libs/DaisySP/Source/Effects/pitchshifter.h ****         d_[1].SetDelay(mod_[1] + mod_b_amt_);
 137:../libs/PoliTeKDSP/libs/DaisySP/Source/Effects/pitchshifter.h ****         d_[0].SetDelay(mod_[0] + slewed_mod_[0]);
 138:../libs/PoliTeKDSP/libs/DaisySP/Source/Effects/pitchshifter.h ****         d_[1].SetDelay(mod_[1] + slewed_mod_[1]);
 139:../libs/PoliTeKDSP/libs/DaisySP/Source/Effects/pitchshifter.h ****         val = 0.0f;
 140:../libs/PoliTeKDSP/libs/DaisySP/Source/Effects/pitchshifter.h ****         val += (d_[0].Read() * gain_[0]);
 141:../libs/PoliTeKDSP/libs/DaisySP/Source/Effects/pitchshifter.h ****         val += (d_[1].Read() * gain_[1]);
 142:../libs/PoliTeKDSP/libs/DaisySP/Source/Effects/pitchshifter.h ****         return val;
 143:../libs/PoliTeKDSP/libs/DaisySP/Source/Effects/pitchshifter.h ****     }
 144:../libs/PoliTeKDSP/libs/DaisySP/Source/Effects/pitchshifter.h **** 
 145:../libs/PoliTeKDSP/libs/DaisySP/Source/Effects/pitchshifter.h ****     /** sets transposition in semitones
ARM GAS  C:\Users\skipi\AppData\Local\Temp\cc09pqTg.s 			page 4


 146:../libs/PoliTeKDSP/libs/DaisySP/Source/Effects/pitchshifter.h ****     */
 147:../libs/PoliTeKDSP/libs/DaisySP/Source/Effects/pitchshifter.h ****     void SetTransposition(const float &transpose)
  28              		.loc 1 147 10 view -0
  29              		.cfi_startproc
  30              		@ args = 0, pretend = 0, frame = 8
  31              		@ frame_needed = 0, uses_anonymous_args = 0
 148:../libs/PoliTeKDSP/libs/DaisySP/Source/Effects/pitchshifter.h ****     {
 149:../libs/PoliTeKDSP/libs/DaisySP/Source/Effects/pitchshifter.h ****         float   ratio;
  32              		.loc 1 149 9 view .LVU1
 150:../libs/PoliTeKDSP/libs/DaisySP/Source/Effects/pitchshifter.h ****         uint8_t idx;
  33              		.loc 1 150 9 view .LVU2
 151:../libs/PoliTeKDSP/libs/DaisySP/Source/Effects/pitchshifter.h ****         if(transpose_ != transpose || force_recalc_)
  34              		.loc 1 151 9 view .LVU3
 147:../libs/PoliTeKDSP/libs/DaisySP/Source/Effects/pitchshifter.h ****     {
  35              		.loc 1 147 10 is_stmt 0 view .LVU4
  36 0000 13B5     		push	{r0, r1, r4, lr}
  37              		.cfi_def_cfa_offset 16
  38              		.cfi_offset 4, -8
  39              		.cfi_offset 14, -4
  40              		.loc 1 151 12 view .LVU5
  41 0002 00F50034 		add	r4, r0, #131072
  42              		.loc 1 151 9 view .LVU6
  43 0006 D4ED187A 		vldr.32	s15, [r4, #96]
  44 000a F4EE407A 		vcmp.f32	s15, s0
  45 000e F1EE10FA 		vmrs	APSR_nzcv, FPSCR
  46 0012 03D1     		bne	.L2
  47              		.loc 1 151 36 view .LVU7
  48 0014 94F82430 		ldrb	r3, [r4, #36]	@ zero_extendqisi2
  49 0018 002B     		cmp	r3, #0
  50 001a 57D0     		beq	.L1
  51              	.L2:
 152:../libs/PoliTeKDSP/libs/DaisySP/Source/Effects/pitchshifter.h ****         {
 153:../libs/PoliTeKDSP/libs/DaisySP/Source/Effects/pitchshifter.h ****             transpose_ = transpose;
  52              		.loc 1 153 13 is_stmt 1 view .LVU8
 154:../libs/PoliTeKDSP/libs/DaisySP/Source/Effects/pitchshifter.h ****             idx        = (uint8_t)fabsf(transpose);
  53              		.loc 1 154 40 is_stmt 0 view .LVU9
  54 001c F0EEC07A 		vabs.f32	s15, s0
 155:../libs/PoliTeKDSP/libs/DaisySP/Source/Effects/pitchshifter.h ****             ratio      = semitone_ratios_[idx % 12];
  55              		.loc 1 155 47 view .LVU10
  56 0020 0C22     		movs	r2, #12
 156:../libs/PoliTeKDSP/libs/DaisySP/Source/Effects/pitchshifter.h ****             ratio *= (uint8_t)(fabsf(transpose) / 12) + 1;
  57              		.loc 1 156 49 view .LVU11
  58 0022 B2EE086A 		vmov.f32	s12, #1.2e+1
 153:../libs/PoliTeKDSP/libs/DaisySP/Source/Effects/pitchshifter.h ****             idx        = (uint8_t)fabsf(transpose);
  59              		.loc 1 153 24 view .LVU12
  60 0026 84ED180A 		vstr.32	s0, [r4, #96]
 154:../libs/PoliTeKDSP/libs/DaisySP/Source/Effects/pitchshifter.h ****             ratio      = semitone_ratios_[idx % 12];
  61              		.loc 1 154 13 is_stmt 1 view .LVU13
  62              	.LVL1:
 155:../libs/PoliTeKDSP/libs/DaisySP/Source/Effects/pitchshifter.h ****             ratio *= (uint8_t)(fabsf(transpose) / 12) + 1;
  63              		.loc 1 155 13 view .LVU14
 157:../libs/PoliTeKDSP/libs/DaisySP/Source/Effects/pitchshifter.h ****             if(transpose > 0.0f)
  64              		.loc 1 157 13 is_stmt 0 view .LVU15
  65 002a B5EEC00A 		vcmpe.f32	s0, #0
 158:../libs/PoliTeKDSP/libs/DaisySP/Source/Effects/pitchshifter.h ****             {
 159:../libs/PoliTeKDSP/libs/DaisySP/Source/Effects/pitchshifter.h ****                 shift_up_ = true;
 160:../libs/PoliTeKDSP/libs/DaisySP/Source/Effects/pitchshifter.h ****             }
ARM GAS  C:\Users\skipi\AppData\Local\Temp\cc09pqTg.s 			page 5


 161:../libs/PoliTeKDSP/libs/DaisySP/Source/Effects/pitchshifter.h ****             else
 162:../libs/PoliTeKDSP/libs/DaisySP/Source/Effects/pitchshifter.h ****             {
 163:../libs/PoliTeKDSP/libs/DaisySP/Source/Effects/pitchshifter.h ****                 shift_up_ = false;
 164:../libs/PoliTeKDSP/libs/DaisySP/Source/Effects/pitchshifter.h ****             }
 165:../libs/PoliTeKDSP/libs/DaisySP/Source/Effects/pitchshifter.h ****             mod_freq_ = ((ratio - 1.0f) * sr_) / del_size_;
  66              		.loc 1 165 23 view .LVU16
  67 002e 9FED280A 		vldr.32	s0, .L10
 154:../libs/PoliTeKDSP/libs/DaisySP/Source/Effects/pitchshifter.h ****             ratio      = semitone_ratios_[idx % 12];
  68              		.loc 1 154 24 view .LVU17
  69 0032 BCEEE77A 		vcvt.u32.f32	s14, s15
 157:../libs/PoliTeKDSP/libs/DaisySP/Source/Effects/pitchshifter.h ****             if(transpose > 0.0f)
  70              		.loc 1 157 13 view .LVU18
  71 0036 F1EE10FA 		vmrs	APSR_nzcv, FPSCR
 154:../libs/PoliTeKDSP/libs/DaisySP/Source/Effects/pitchshifter.h ****             ratio      = semitone_ratios_[idx % 12];
  72              		.loc 1 154 24 view .LVU19
  73 003a 8DED017A 		vstr.32	s14, [sp, #4]	@ int
 156:../libs/PoliTeKDSP/libs/DaisySP/Source/Effects/pitchshifter.h ****             if(transpose > 0.0f)
  74              		.loc 1 156 49 view .LVU20
  75 003e 87EE867A 		vdiv.f32	s14, s15, s12
 155:../libs/PoliTeKDSP/libs/DaisySP/Source/Effects/pitchshifter.h ****             ratio *= (uint8_t)(fabsf(transpose) / 12) + 1;
  76              		.loc 1 155 47 view .LVU21
  77 0042 9DF80430 		ldrb	r3, [sp, #4]	@ zero_extendqisi2
  78 0046 B3FBF2F1 		udiv	r1, r3, r2
  79 004a 02FB1133 		mls	r3, r2, r1, r3
 155:../libs/PoliTeKDSP/libs/DaisySP/Source/Effects/pitchshifter.h ****             ratio *= (uint8_t)(fabsf(transpose) / 12) + 1;
  80              		.loc 1 155 24 view .LVU22
  81 004e 48F22202 		movw	r2, #32802
  82 0052 52FA83F3 		uxtab	r3, r2, r3
  83 0056 00EB8300 		add	r0, r0, r3, lsl #2
  84              	.LVL2:
 157:../libs/PoliTeKDSP/libs/DaisySP/Source/Effects/pitchshifter.h ****             {
  85              		.loc 1 157 13 view .LVU23
  86 005a CCBF     		ite	gt
  87 005c 0123     		movgt	r3, #1
  88 005e 0023     		movle	r3, #0
 156:../libs/PoliTeKDSP/libs/DaisySP/Source/Effects/pitchshifter.h ****             if(transpose > 0.0f)
  89              		.loc 1 156 22 view .LVU24
  90 0060 FCEEC77A 		vcvt.u32.f32	s15, s14
  91              	.LVL3:
 155:../libs/PoliTeKDSP/libs/DaisySP/Source/Effects/pitchshifter.h ****             ratio *= (uint8_t)(fabsf(transpose) / 12) + 1;
  92              		.loc 1 155 24 view .LVU25
  93 0064 D0ED006A 		vldr.32	s13, [r0]
  94              	.LVL4:
 156:../libs/PoliTeKDSP/libs/DaisySP/Source/Effects/pitchshifter.h ****             if(transpose > 0.0f)
  95              		.loc 1 156 13 is_stmt 1 view .LVU26
 157:../libs/PoliTeKDSP/libs/DaisySP/Source/Effects/pitchshifter.h ****             {
  96              		.loc 1 157 13 view .LVU27
  97 0068 84F82C30 		strb	r3, [r4, #44]
  98              		.loc 1 165 13 view .LVU28
  99              		.loc 1 165 33 is_stmt 0 view .LVU29
 100 006c BFEE007A 		vmov.f32	s14, #-1.0e+0
 166:../libs/PoliTeKDSP/libs/DaisySP/Source/Effects/pitchshifter.h ****             if(mod_freq_ < 0.0f)
 167:../libs/PoliTeKDSP/libs/DaisySP/Source/Effects/pitchshifter.h ****             {
 168:../libs/PoliTeKDSP/libs/DaisySP/Source/Effects/pitchshifter.h ****                 mod_freq_ = 0.0f;
 169:../libs/PoliTeKDSP/libs/DaisySP/Source/Effects/pitchshifter.h ****             }
 170:../libs/PoliTeKDSP/libs/DaisySP/Source/Effects/pitchshifter.h ****             phs_[0].SetFreq(mod_freq_);
 101              		.loc 1 170 28 view .LVU30
ARM GAS  C:\Users\skipi\AppData\Local\Temp\cc09pqTg.s 			page 6


 102 0070 04F13000 		add	r0, r4, #48
 156:../libs/PoliTeKDSP/libs/DaisySP/Source/Effects/pitchshifter.h ****             if(transpose > 0.0f)
 103              		.loc 1 156 22 view .LVU31
 104 0074 CDED017A 		vstr.32	s15, [sp, #4]	@ int
 105 0078 9DF80430 		ldrb	r3, [sp, #4]	@ zero_extendqisi2
 156:../libs/PoliTeKDSP/libs/DaisySP/Source/Effects/pitchshifter.h ****             if(transpose > 0.0f)
 106              		.loc 1 156 55 view .LVU32
 107 007c 0133     		adds	r3, r3, #1
 156:../libs/PoliTeKDSP/libs/DaisySP/Source/Effects/pitchshifter.h ****             if(transpose > 0.0f)
 108              		.loc 1 156 19 view .LVU33
 109 007e 07EE903A 		vmov	s15, r3	@ int
 110 0082 F8EEE77A 		vcvt.f32.s32	s15, s15
 165:../libs/PoliTeKDSP/libs/DaisySP/Source/Effects/pitchshifter.h ****             if(mod_freq_ < 0.0f)
 111              		.loc 1 165 33 view .LVU34
 112 0086 A6EEA77A 		vfma.f32	s14, s13, s15
 165:../libs/PoliTeKDSP/libs/DaisySP/Source/Effects/pitchshifter.h ****             if(mod_freq_ < 0.0f)
 113              		.loc 1 165 41 view .LVU35
 114 008a D4ED0A7A 		vldr.32	s15, [r4, #40]
 115 008e 67EE277A 		vmul.f32	s15, s14, s15
 165:../libs/PoliTeKDSP/libs/DaisySP/Source/Effects/pitchshifter.h ****             if(mod_freq_ < 0.0f)
 116              		.loc 1 165 48 view .LVU36
 117 0092 94ED087A 		vldr.32	s14, [r4, #32]	@ int
 118 0096 B8EE477A 		vcvt.f32.u32	s14, s14
 119 009a C7EE876A 		vdiv.f32	s13, s15, s14
 166:../libs/PoliTeKDSP/libs/DaisySP/Source/Effects/pitchshifter.h ****             if(mod_freq_ < 0.0f)
 120              		.loc 1 166 13 is_stmt 1 view .LVU37
 165:../libs/PoliTeKDSP/libs/DaisySP/Source/Effects/pitchshifter.h ****             if(mod_freq_ < 0.0f)
 121              		.loc 1 165 23 is_stmt 0 view .LVU38
 122 009e F5EEC06A 		vcmpe.f32	s13, #0
 123 00a2 F1EE10FA 		vmrs	APSR_nzcv, FPSCR
 124 00a6 58BF     		it	pl
 125 00a8 B0EE660A 		vmovpl.f32	s0, s13
 126 00ac 84ED070A 		vstr.32	s0, [r4, #28]
 127              		.loc 1 170 13 is_stmt 1 view .LVU39
 128              		.loc 1 170 28 is_stmt 0 view .LVU40
 129 00b0 FFF7FEFF 		bl	_ZN7daisysp6Phasor7SetFreqEf
 130              	.LVL5:
 171:../libs/PoliTeKDSP/libs/DaisySP/Source/Effects/pitchshifter.h ****             phs_[1].SetFreq(mod_freq_);
 131              		.loc 1 171 13 is_stmt 1 view .LVU41
 132              		.loc 1 171 28 is_stmt 0 view .LVU42
 133 00b4 94ED070A 		vldr.32	s0, [r4, #28]
 134 00b8 04F14000 		add	r0, r4, #64
 135 00bc FFF7FEFF 		bl	_ZN7daisysp6Phasor7SetFreqEf
 136              	.LVL6:
 172:../libs/PoliTeKDSP/libs/DaisySP/Source/Effects/pitchshifter.h ****             if(force_recalc_)
 137              		.loc 1 172 13 is_stmt 1 view .LVU43
 138 00c0 94F82430 		ldrb	r3, [r4, #36]	@ zero_extendqisi2
 139 00c4 13B1     		cbz	r3, .L1
 173:../libs/PoliTeKDSP/libs/DaisySP/Source/Effects/pitchshifter.h ****             {
 174:../libs/PoliTeKDSP/libs/DaisySP/Source/Effects/pitchshifter.h ****                 force_recalc_ = false;
 140              		.loc 1 174 17 view .LVU44
 141              		.loc 1 174 31 is_stmt 0 view .LVU45
 142 00c6 0023     		movs	r3, #0
 143 00c8 84F82430 		strb	r3, [r4, #36]
 144              	.L1:
 175:../libs/PoliTeKDSP/libs/DaisySP/Source/Effects/pitchshifter.h ****             }
 176:../libs/PoliTeKDSP/libs/DaisySP/Source/Effects/pitchshifter.h ****         }
ARM GAS  C:\Users\skipi\AppData\Local\Temp\cc09pqTg.s 			page 7


 177:../libs/PoliTeKDSP/libs/DaisySP/Source/Effects/pitchshifter.h ****     }
 145              		.loc 1 177 5 view .LVU46
 146 00cc 02B0     		add	sp, sp, #8
 147              		.cfi_def_cfa_offset 8
 148              		@ sp needed
 149 00ce 10BD     		pop	{r4, pc}
 150              	.LVL7:
 151              	.L11:
 152              		.loc 1 177 5 view .LVU47
 153              		.align	2
 154              	.L10:
 155 00d0 00000000 		.word	0
 156              		.cfi_endproc
 157              	.LFE5655:
 159              		.section	.text._ZN7daisysp6myrandEv,"axG",%progbits,_ZN7daisysp6myrandEv,comdat
 160              		.align	1
 161              		.weak	_ZN7daisysp6myrandEv
 162              		.syntax unified
 163              		.thumb
 164              		.thumb_func
 165              		.fpu fpv5-d16
 167              	_ZN7daisysp6myrandEv:
 168              	.LFB4571:
  40:../libs/PoliTeKDSP/libs/DaisySP/Source/Effects/pitchshifter.h ****     static uint32_t seed = 1;
 169              		.loc 1 40 1 is_stmt 1 view -0
 170              		.cfi_startproc
 171              		@ args = 0, pretend = 0, frame = 0
 172              		@ frame_needed = 0, uses_anonymous_args = 0
 173              		@ link register save eliminated.
  41:../libs/PoliTeKDSP/libs/DaisySP/Source/Effects/pitchshifter.h ****     seed                 = hash_xs32(seed);
 174              		.loc 1 41 5 view .LVU49
  42:../libs/PoliTeKDSP/libs/DaisySP/Source/Effects/pitchshifter.h ****     return seed;
 175              		.loc 1 42 5 view .LVU50
  42:../libs/PoliTeKDSP/libs/DaisySP/Source/Effects/pitchshifter.h ****     return seed;
 176              		.loc 1 42 37 is_stmt 0 view .LVU51
 177 0000 044B     		ldr	r3, .L13
 178 0002 1868     		ldr	r0, [r3]
 179              	.LVL8:
 180              	.LBB142:
 181              	.LBI142:
  31:../libs/PoliTeKDSP/libs/DaisySP/Source/Effects/pitchshifter.h **** {
 182              		.loc 1 31 24 is_stmt 1 view .LVU52
 183              	.LBB143:
  33:../libs/PoliTeKDSP/libs/DaisySP/Source/Effects/pitchshifter.h ****     x ^= x >> 17;
 184              		.loc 1 33 5 view .LVU53
  33:../libs/PoliTeKDSP/libs/DaisySP/Source/Effects/pitchshifter.h ****     x ^= x >> 17;
 185              		.loc 1 33 7 is_stmt 0 view .LVU54
 186 0004 80EA4030 		eor	r0, r0, r0, lsl #13
 187              	.LVL9:
  34:../libs/PoliTeKDSP/libs/DaisySP/Source/Effects/pitchshifter.h ****     x ^= x << 5;
 188              		.loc 1 34 5 is_stmt 1 view .LVU55
  34:../libs/PoliTeKDSP/libs/DaisySP/Source/Effects/pitchshifter.h ****     x ^= x << 5;
 189              		.loc 1 34 7 is_stmt 0 view .LVU56
 190 0008 80EA5040 		eor	r0, r0, r0, lsr #17
 191              	.LVL10:
  35:../libs/PoliTeKDSP/libs/DaisySP/Source/Effects/pitchshifter.h ****     return x;
 192              		.loc 1 35 5 is_stmt 1 view .LVU57
ARM GAS  C:\Users\skipi\AppData\Local\Temp\cc09pqTg.s 			page 8


  35:../libs/PoliTeKDSP/libs/DaisySP/Source/Effects/pitchshifter.h ****     return x;
 193              		.loc 1 35 7 is_stmt 0 view .LVU58
 194 000c 80EA4010 		eor	r0, r0, r0, lsl #5
 195              	.LVL11:
  36:../libs/PoliTeKDSP/libs/DaisySP/Source/Effects/pitchshifter.h **** }
 196              		.loc 1 36 5 is_stmt 1 view .LVU59
  36:../libs/PoliTeKDSP/libs/DaisySP/Source/Effects/pitchshifter.h **** }
 197              		.loc 1 36 5 is_stmt 0 view .LVU60
 198              	.LBE143:
 199              	.LBE142:
  42:../libs/PoliTeKDSP/libs/DaisySP/Source/Effects/pitchshifter.h ****     return seed;
 200              		.loc 1 42 26 view .LVU61
 201 0010 1860     		str	r0, [r3]
  43:../libs/PoliTeKDSP/libs/DaisySP/Source/Effects/pitchshifter.h **** }
 202              		.loc 1 43 5 is_stmt 1 view .LVU62
  44:../libs/PoliTeKDSP/libs/DaisySP/Source/Effects/pitchshifter.h **** 
 203              		.loc 1 44 1 is_stmt 0 view .LVU63
 204 0012 7047     		bx	lr
 205              	.L14:
 206              		.align	2
 207              	.L13:
 208 0014 00000000 		.word	_ZZN7daisysp6myrandEvE4seed
 209              		.cfi_endproc
 210              	.LFE4571:
 212              		.section	.text._ZN11AnalogDelayC2Ev,"ax",%progbits
 213              		.align	1
 214              		.global	_ZN11AnalogDelayC2Ev
 215              		.syntax unified
 216              		.thumb
 217              		.thumb_func
 218              		.fpu fpv5-d16
 220              	_ZN11AnalogDelayC2Ev:
 221              	.LVL12:
 222              	.LFB5067:
 223              		.file 2 "../libs/PoliTeKDSP/Effects/AnalogDelay/src/AnalogDelay.cpp"
   1:../libs/PoliTeKDSP/Effects/AnalogDelay/src/AnalogDelay.cpp **** #include "AnalogDelay.h" // Include l'header file della classe AnalogDelay
   2:../libs/PoliTeKDSP/Effects/AnalogDelay/src/AnalogDelay.cpp **** 
   3:../libs/PoliTeKDSP/Effects/AnalogDelay/src/AnalogDelay.cpp **** // Variabile globale per il tempo di delay corrente
   4:../libs/PoliTeKDSP/Effects/AnalogDelay/src/AnalogDelay.cpp **** static float currentDelayTime = 0.0f;
   5:../libs/PoliTeKDSP/Effects/AnalogDelay/src/AnalogDelay.cpp **** 
   6:../libs/PoliTeKDSP/Effects/AnalogDelay/src/AnalogDelay.cpp **** // Costruttore: inizializza tutti i parametri dell'effetto delay con valori predefiniti
   7:../libs/PoliTeKDSP/Effects/AnalogDelay/src/AnalogDelay.cpp **** AnalogDelay::AnalogDelay() : 
 224              		.loc 2 7 1 is_stmt 1 view -0
 225              		.cfi_startproc
 226              		@ args = 0, pretend = 0, frame = 0
 227              		@ frame_needed = 0, uses_anonymous_args = 0
 228              		@ link register save eliminated.
 229              	.LBB144:
   8:../libs/PoliTeKDSP/Effects/AnalogDelay/src/AnalogDelay.cpp ****     _sampleRate(48000.0f),     // Frequenza di campionamento standard (48kHz)
   9:../libs/PoliTeKDSP/Effects/AnalogDelay/src/AnalogDelay.cpp ****     _delayTime(0.5f),          // Tempo di delay iniziale (500ms)
  10:../libs/PoliTeKDSP/Effects/AnalogDelay/src/AnalogDelay.cpp ****     _feedback(0.4f),           // Quantità di feedback iniziale (40%)
  11:../libs/PoliTeKDSP/Effects/AnalogDelay/src/AnalogDelay.cpp ****     _mix(0.5f),                // Mix tra segnale dry/wet (50%)
  12:../libs/PoliTeKDSP/Effects/AnalogDelay/src/AnalogDelay.cpp ****     _depth(0.0f),              // Profondità del pitch shifter (50%)
  13:../libs/PoliTeKDSP/Effects/AnalogDelay/src/AnalogDelay.cpp ****     _smooth_factor(0.00008f)       // Fattore di smoothing iniziale (0)
 230              		.loc 2 13 28 is_stmt 0 view .LVU65
 231 0000 064A     		ldr	r2, .L16
 232 0002 0749     		ldr	r1, .L16+4
ARM GAS  C:\Users\skipi\AppData\Local\Temp\cc09pqTg.s 			page 9


 233 0004 0260     		str	r2, [r0]	@ float
 234 0006 4FF07C52 		mov	r2, #1056964608
 235 000a 8160     		str	r1, [r0, #8]	@ float
 236 000c 4260     		str	r2, [r0, #4]	@ float
 237 000e C260     		str	r2, [r0, #12]	@ float
 238 0010 0022     		movs	r2, #0
 239 0012 0261     		str	r2, [r0, #16]	@ float
 240 0014 034A     		ldr	r2, .L16+8
 241 0016 4261     		str	r2, [r0, #20]	@ float
 242              	.LVL13:
 243              	.LBB145:
 244              	.LBI145:
 245              		.file 3 "../libs/PoliTeKDSP/libs/DaisySP/Source/Utility/delayline.h"
   1:../libs/PoliTeKDSP/libs/DaisySP/Source/Utility/delayline.h **** /*
   2:../libs/PoliTeKDSP/libs/DaisySP/Source/Utility/delayline.h **** Copyright (c) 2020 Electrosmith, Corp
   3:../libs/PoliTeKDSP/libs/DaisySP/Source/Utility/delayline.h **** 
   4:../libs/PoliTeKDSP/libs/DaisySP/Source/Utility/delayline.h **** Use of this source code is governed by an MIT-style
   5:../libs/PoliTeKDSP/libs/DaisySP/Source/Utility/delayline.h **** license that can be found in the LICENSE file or at
   6:../libs/PoliTeKDSP/libs/DaisySP/Source/Utility/delayline.h **** https://opensource.org/licenses/MIT.
   7:../libs/PoliTeKDSP/libs/DaisySP/Source/Utility/delayline.h **** */
   8:../libs/PoliTeKDSP/libs/DaisySP/Source/Utility/delayline.h **** 
   9:../libs/PoliTeKDSP/libs/DaisySP/Source/Utility/delayline.h **** #pragma once
  10:../libs/PoliTeKDSP/libs/DaisySP/Source/Utility/delayline.h **** #ifndef DSY_DELAY_H
  11:../libs/PoliTeKDSP/libs/DaisySP/Source/Utility/delayline.h **** #define DSY_DELAY_H
  12:../libs/PoliTeKDSP/libs/DaisySP/Source/Utility/delayline.h **** #include <stdlib.h>
  13:../libs/PoliTeKDSP/libs/DaisySP/Source/Utility/delayline.h **** #include <stdint.h>
  14:../libs/PoliTeKDSP/libs/DaisySP/Source/Utility/delayline.h **** namespace daisysp
  15:../libs/PoliTeKDSP/libs/DaisySP/Source/Utility/delayline.h **** {
  16:../libs/PoliTeKDSP/libs/DaisySP/Source/Utility/delayline.h **** /** Simple Delay line.
  17:../libs/PoliTeKDSP/libs/DaisySP/Source/Utility/delayline.h **** November 2019
  18:../libs/PoliTeKDSP/libs/DaisySP/Source/Utility/delayline.h **** 
  19:../libs/PoliTeKDSP/libs/DaisySP/Source/Utility/delayline.h **** Converted to Template December 2019
  20:../libs/PoliTeKDSP/libs/DaisySP/Source/Utility/delayline.h **** 
  21:../libs/PoliTeKDSP/libs/DaisySP/Source/Utility/delayline.h **** declaration example: (1 second of floats)
  22:../libs/PoliTeKDSP/libs/DaisySP/Source/Utility/delayline.h **** 
  23:../libs/PoliTeKDSP/libs/DaisySP/Source/Utility/delayline.h **** DelayLine<float, SAMPLE_RATE> del;
  24:../libs/PoliTeKDSP/libs/DaisySP/Source/Utility/delayline.h **** 
  25:../libs/PoliTeKDSP/libs/DaisySP/Source/Utility/delayline.h **** By: shensley
  26:../libs/PoliTeKDSP/libs/DaisySP/Source/Utility/delayline.h **** */
  27:../libs/PoliTeKDSP/libs/DaisySP/Source/Utility/delayline.h **** template <typename T, size_t max_size>
  28:../libs/PoliTeKDSP/libs/DaisySP/Source/Utility/delayline.h **** class DelayLine
  29:../libs/PoliTeKDSP/libs/DaisySP/Source/Utility/delayline.h **** {
  30:../libs/PoliTeKDSP/libs/DaisySP/Source/Utility/delayline.h ****   public:
  31:../libs/PoliTeKDSP/libs/DaisySP/Source/Utility/delayline.h ****     DelayLine() {}
 246              		.loc 3 31 5 is_stmt 1 view .LVU66
 247              		.loc 3 31 5 is_stmt 0 view .LVU67
 248              	.LBE145:
 249              	.LBB146:
 250              	.LBI146:
 251              		.file 4 "../libs/PoliTeKDSP/libs/DaisySP/Source/Dynamics/crossfade.h"
   1:../libs/PoliTeKDSP/libs/DaisySP/Source/Dynamics/crossfade.h **** /*
   2:../libs/PoliTeKDSP/libs/DaisySP/Source/Dynamics/crossfade.h **** Copyright (c) 2020 Electrosmith, Corp, Paul Batchelor
   3:../libs/PoliTeKDSP/libs/DaisySP/Source/Dynamics/crossfade.h **** 
   4:../libs/PoliTeKDSP/libs/DaisySP/Source/Dynamics/crossfade.h **** Use of this source code is governed by an MIT-style
   5:../libs/PoliTeKDSP/libs/DaisySP/Source/Dynamics/crossfade.h **** license that can be found in the LICENSE file or at
   6:../libs/PoliTeKDSP/libs/DaisySP/Source/Dynamics/crossfade.h **** https://opensource.org/licenses/MIT.
   7:../libs/PoliTeKDSP/libs/DaisySP/Source/Dynamics/crossfade.h **** */
ARM GAS  C:\Users\skipi\AppData\Local\Temp\cc09pqTg.s 			page 10


   8:../libs/PoliTeKDSP/libs/DaisySP/Source/Dynamics/crossfade.h **** 
   9:../libs/PoliTeKDSP/libs/DaisySP/Source/Dynamics/crossfade.h **** #pragma once
  10:../libs/PoliTeKDSP/libs/DaisySP/Source/Dynamics/crossfade.h **** #ifndef DSY_CROSSFADE_H
  11:../libs/PoliTeKDSP/libs/DaisySP/Source/Dynamics/crossfade.h **** #define DSY_CROSSFADE_H
  12:../libs/PoliTeKDSP/libs/DaisySP/Source/Dynamics/crossfade.h **** #include <stdint.h>
  13:../libs/PoliTeKDSP/libs/DaisySP/Source/Dynamics/crossfade.h **** #ifdef __cplusplus
  14:../libs/PoliTeKDSP/libs/DaisySP/Source/Dynamics/crossfade.h **** 
  15:../libs/PoliTeKDSP/libs/DaisySP/Source/Dynamics/crossfade.h **** namespace daisysp
  16:../libs/PoliTeKDSP/libs/DaisySP/Source/Dynamics/crossfade.h **** {
  17:../libs/PoliTeKDSP/libs/DaisySP/Source/Dynamics/crossfade.h **** /** Curve applied to the CrossFade
  18:../libs/PoliTeKDSP/libs/DaisySP/Source/Dynamics/crossfade.h **** - LIN = linear
  19:../libs/PoliTeKDSP/libs/DaisySP/Source/Dynamics/crossfade.h **** - CPOW = constant power
  20:../libs/PoliTeKDSP/libs/DaisySP/Source/Dynamics/crossfade.h **** - LOG = logarithmic
  21:../libs/PoliTeKDSP/libs/DaisySP/Source/Dynamics/crossfade.h **** - EXP  exponential
  22:../libs/PoliTeKDSP/libs/DaisySP/Source/Dynamics/crossfade.h **** - LAST = end of enum (used for array indexing)
  23:../libs/PoliTeKDSP/libs/DaisySP/Source/Dynamics/crossfade.h **** */
  24:../libs/PoliTeKDSP/libs/DaisySP/Source/Dynamics/crossfade.h **** enum
  25:../libs/PoliTeKDSP/libs/DaisySP/Source/Dynamics/crossfade.h **** {
  26:../libs/PoliTeKDSP/libs/DaisySP/Source/Dynamics/crossfade.h ****     CROSSFADE_LIN,
  27:../libs/PoliTeKDSP/libs/DaisySP/Source/Dynamics/crossfade.h ****     CROSSFADE_CPOW,
  28:../libs/PoliTeKDSP/libs/DaisySP/Source/Dynamics/crossfade.h ****     CROSSFADE_LOG,
  29:../libs/PoliTeKDSP/libs/DaisySP/Source/Dynamics/crossfade.h ****     CROSSFADE_EXP,
  30:../libs/PoliTeKDSP/libs/DaisySP/Source/Dynamics/crossfade.h ****     CROSSFADE_LAST,
  31:../libs/PoliTeKDSP/libs/DaisySP/Source/Dynamics/crossfade.h **** };
  32:../libs/PoliTeKDSP/libs/DaisySP/Source/Dynamics/crossfade.h **** 
  33:../libs/PoliTeKDSP/libs/DaisySP/Source/Dynamics/crossfade.h **** /** Performs a CrossFade between two signals
  34:../libs/PoliTeKDSP/libs/DaisySP/Source/Dynamics/crossfade.h **** 
  35:../libs/PoliTeKDSP/libs/DaisySP/Source/Dynamics/crossfade.h ****     Original author: Paul Batchelor
  36:../libs/PoliTeKDSP/libs/DaisySP/Source/Dynamics/crossfade.h **** 
  37:../libs/PoliTeKDSP/libs/DaisySP/Source/Dynamics/crossfade.h ****     Ported from Soundpipe by Andrew Ikenberry
  38:../libs/PoliTeKDSP/libs/DaisySP/Source/Dynamics/crossfade.h **** 
  39:../libs/PoliTeKDSP/libs/DaisySP/Source/Dynamics/crossfade.h ****     added curve option for constant power, etc.
  40:../libs/PoliTeKDSP/libs/DaisySP/Source/Dynamics/crossfade.h **** */
  41:../libs/PoliTeKDSP/libs/DaisySP/Source/Dynamics/crossfade.h **** class CrossFade
  42:../libs/PoliTeKDSP/libs/DaisySP/Source/Dynamics/crossfade.h **** {
  43:../libs/PoliTeKDSP/libs/DaisySP/Source/Dynamics/crossfade.h ****   public:
  44:../libs/PoliTeKDSP/libs/DaisySP/Source/Dynamics/crossfade.h ****     CrossFade() {}
 252              		.loc 4 44 5 is_stmt 1 view .LVU68
 253              		.loc 4 44 5 is_stmt 0 view .LVU69
 254              	.LBE146:
 255              	.LBB147:
 256              	.LBI147:
  67:../libs/PoliTeKDSP/libs/DaisySP/Source/Effects/pitchshifter.h ****     ~PitchShifter() {}
 257              		.loc 1 67 5 is_stmt 1 view .LVU70
 258              	.LBE147:
 259              	.LBE144:
  67:../libs/PoliTeKDSP/libs/DaisySP/Source/Effects/pitchshifter.h ****     ~PitchShifter() {}
 260              		.loc 1 67 20 view .LVU71
  67:../libs/PoliTeKDSP/libs/DaisySP/Source/Effects/pitchshifter.h ****     ~PitchShifter() {}
 261              		.loc 1 67 20 view .LVU72
 262              	.LBB149:
 263              	.LBB148:
 264              	.LBI148:
 265              		.file 5 "../libs/PoliTeKDSP/libs/DaisySP/Source/Synthesis/oscillator.h"
   1:../libs/PoliTeKDSP/libs/DaisySP/Source/Synthesis/oscillator.h **** /*
   2:../libs/PoliTeKDSP/libs/DaisySP/Source/Synthesis/oscillator.h **** Copyright (c) 2020 Electrosmith, Corp
   3:../libs/PoliTeKDSP/libs/DaisySP/Source/Synthesis/oscillator.h **** 
ARM GAS  C:\Users\skipi\AppData\Local\Temp\cc09pqTg.s 			page 11


   4:../libs/PoliTeKDSP/libs/DaisySP/Source/Synthesis/oscillator.h **** Use of this source code is governed by an MIT-style
   5:../libs/PoliTeKDSP/libs/DaisySP/Source/Synthesis/oscillator.h **** license that can be found in the LICENSE file or at
   6:../libs/PoliTeKDSP/libs/DaisySP/Source/Synthesis/oscillator.h **** https://opensource.org/licenses/MIT.
   7:../libs/PoliTeKDSP/libs/DaisySP/Source/Synthesis/oscillator.h **** */
   8:../libs/PoliTeKDSP/libs/DaisySP/Source/Synthesis/oscillator.h **** 
   9:../libs/PoliTeKDSP/libs/DaisySP/Source/Synthesis/oscillator.h **** #pragma once
  10:../libs/PoliTeKDSP/libs/DaisySP/Source/Synthesis/oscillator.h **** #ifndef DSY_OSCILLATOR_H
  11:../libs/PoliTeKDSP/libs/DaisySP/Source/Synthesis/oscillator.h **** #define DSY_OSCILLATOR_H
  12:../libs/PoliTeKDSP/libs/DaisySP/Source/Synthesis/oscillator.h **** #include <stdint.h>
  13:../libs/PoliTeKDSP/libs/DaisySP/Source/Synthesis/oscillator.h **** #include "Utility/dsp.h"
  14:../libs/PoliTeKDSP/libs/DaisySP/Source/Synthesis/oscillator.h **** #ifdef __cplusplus
  15:../libs/PoliTeKDSP/libs/DaisySP/Source/Synthesis/oscillator.h **** 
  16:../libs/PoliTeKDSP/libs/DaisySP/Source/Synthesis/oscillator.h **** namespace daisysp
  17:../libs/PoliTeKDSP/libs/DaisySP/Source/Synthesis/oscillator.h **** {
  18:../libs/PoliTeKDSP/libs/DaisySP/Source/Synthesis/oscillator.h **** /** Synthesis of several waveforms, including polyBLEP bandlimited waveforms.
  19:../libs/PoliTeKDSP/libs/DaisySP/Source/Synthesis/oscillator.h **** */
  20:../libs/PoliTeKDSP/libs/DaisySP/Source/Synthesis/oscillator.h **** class Oscillator
  21:../libs/PoliTeKDSP/libs/DaisySP/Source/Synthesis/oscillator.h **** {
  22:../libs/PoliTeKDSP/libs/DaisySP/Source/Synthesis/oscillator.h ****   public:
  23:../libs/PoliTeKDSP/libs/DaisySP/Source/Synthesis/oscillator.h ****     Oscillator() {}
 266              		.loc 5 23 5 view .LVU73
 267              		.loc 5 23 5 is_stmt 0 view .LVU74
 268              	.LBE148:
 269              	.LBE149:
  14:../libs/PoliTeKDSP/Effects/AnalogDelay/src/AnalogDelay.cpp **** {}
 270              		.loc 2 14 2 view .LVU75
 271 0018 7047     		bx	lr
 272              	.L17:
 273 001a 00BF     		.align	2
 274              	.L16:
 275 001c 00803B47 		.word	1195081728
 276 0020 CDCCCC3E 		.word	1053609165
 277 0024 ACC5A738 		.word	950519212
 278              		.cfi_endproc
 279              	.LFE5067:
 281              		.global	_ZN11AnalogDelayC1Ev
 282              		.thumb_set _ZN11AnalogDelayC1Ev,_ZN11AnalogDelayC2Ev
 283              		.section	.text._ZN11AnalogDelayD2Ev,"ax",%progbits
 284              		.align	1
 285              		.global	_ZN11AnalogDelayD2Ev
 286              		.syntax unified
 287              		.thumb
 288              		.thumb_func
 289              		.fpu fpv5-d16
 291              	_ZN11AnalogDelayD2Ev:
 292              	.LVL14:
 293              	.LFB5070:
  15:../libs/PoliTeKDSP/Effects/AnalogDelay/src/AnalogDelay.cpp **** 
  16:../libs/PoliTeKDSP/Effects/AnalogDelay/src/AnalogDelay.cpp **** AnalogDelay::~AnalogDelay() {} // Distruttore (vuoto)
 294              		.loc 2 16 1 is_stmt 1 view -0
 295              		.cfi_startproc
 296              		@ args = 0, pretend = 0, frame = 0
 297              		@ frame_needed = 0, uses_anonymous_args = 0
 298              		@ link register save eliminated.
 299              	.LBB150:
 300              	.LBI150:
  24:../libs/PoliTeKDSP/libs/DaisySP/Source/Synthesis/oscillator.h ****     ~Oscillator() {}
ARM GAS  C:\Users\skipi\AppData\Local\Temp\cc09pqTg.s 			page 12


 301              		.loc 5 24 5 view .LVU77
 302              		.loc 5 24 5 is_stmt 0 view .LVU78
 303              	.LBE150:
 304              	.LBB151:
 305              	.LBI151:
  68:../libs/PoliTeKDSP/libs/DaisySP/Source/Effects/pitchshifter.h ****     /** Initialize pitch shifter
 306              		.loc 1 68 5 is_stmt 1 view .LVU79
  68:../libs/PoliTeKDSP/libs/DaisySP/Source/Effects/pitchshifter.h ****     /** Initialize pitch shifter
 307              		.loc 1 68 5 is_stmt 0 view .LVU80
 308              	.LBE151:
 309              	.LBB152:
 310              	.LBI152:
  45:../libs/PoliTeKDSP/libs/DaisySP/Source/Dynamics/crossfade.h ****     ~CrossFade() {}
 311              		.loc 4 45 5 is_stmt 1 view .LVU81
 312              		.loc 4 45 5 is_stmt 0 view .LVU82
 313              	.LBE152:
 314              	.LBB153:
 315              	.LBI153:
  32:../libs/PoliTeKDSP/libs/DaisySP/Source/Utility/delayline.h ****     ~DelayLine() {}
 316              		.loc 3 32 5 is_stmt 1 view .LVU83
 317              		.loc 3 32 5 is_stmt 0 view .LVU84
 318              	.LBE153:
 319              		.loc 2 16 30 view .LVU85
 320 0000 7047     		bx	lr
 321              		.cfi_endproc
 322              	.LFE5070:
 324              		.global	_ZN11AnalogDelayD1Ev
 325              		.thumb_set _ZN11AnalogDelayD1Ev,_ZN11AnalogDelayD2Ev
 326              		.section	.text._ZN11AnalogDelay4InitEf,"ax",%progbits
 327              		.align	1
 328              		.global	_ZN11AnalogDelay4InitEf
 329              		.syntax unified
 330              		.thumb
 331              		.thumb_func
 332              		.fpu fpv5-d16
 334              	_ZN11AnalogDelay4InitEf:
 335              	.LVL15:
 336              	.LFB5072:
  17:../libs/PoliTeKDSP/Effects/AnalogDelay/src/AnalogDelay.cpp **** 
  18:../libs/PoliTeKDSP/Effects/AnalogDelay/src/AnalogDelay.cpp **** // Inizializza l'effetto con la frequenza di campionamento specificata
  19:../libs/PoliTeKDSP/Effects/AnalogDelay/src/AnalogDelay.cpp **** void AnalogDelay::Init(float sampleRate) {
 337              		.loc 2 19 42 is_stmt 1 view -0
 338              		.cfi_startproc
 339              		@ args = 0, pretend = 0, frame = 0
 340              		@ frame_needed = 0, uses_anonymous_args = 0
  20:../libs/PoliTeKDSP/Effects/AnalogDelay/src/AnalogDelay.cpp ****     _sampleRate = sampleRate;    // Imposta la frequenza di campionamento
 341              		.loc 2 20 5 view .LVU87
  19:../libs/PoliTeKDSP/Effects/AnalogDelay/src/AnalogDelay.cpp ****     _sampleRate = sampleRate;    // Imposta la frequenza di campionamento
 342              		.loc 2 19 42 is_stmt 0 view .LVU88
 343 0000 2DE9F84F 		push	{r3, r4, r5, r6, r7, r8, r9, r10, fp, lr}
 344              		.cfi_def_cfa_offset 40
 345              		.cfi_offset 3, -40
 346              		.cfi_offset 4, -36
 347              		.cfi_offset 5, -32
 348              		.cfi_offset 6, -28
 349              		.cfi_offset 7, -24
 350              		.cfi_offset 8, -20
ARM GAS  C:\Users\skipi\AppData\Local\Temp\cc09pqTg.s 			page 13


 351              		.cfi_offset 9, -16
 352              		.cfi_offset 10, -12
 353              		.cfi_offset 11, -8
 354              		.cfi_offset 14, -4
 355 0004 0446     		mov	r4, r0
 356              	.LBB183:
 357              	.LBB184:
 358              	.LBB185:
 359              	.LBB186:
  33:../libs/PoliTeKDSP/libs/DaisySP/Source/Utility/delayline.h ****     /** initializes the delay line by clearing the values within, and setting delay to 1 sample.
  34:../libs/PoliTeKDSP/libs/DaisySP/Source/Utility/delayline.h ****     */
  35:../libs/PoliTeKDSP/libs/DaisySP/Source/Utility/delayline.h ****     void Init() { Reset(); }
  36:../libs/PoliTeKDSP/libs/DaisySP/Source/Utility/delayline.h ****     /** clears buffer, sets write ptr to 0, and delay to 1 sample.
  37:../libs/PoliTeKDSP/libs/DaisySP/Source/Utility/delayline.h ****     */
  38:../libs/PoliTeKDSP/libs/DaisySP/Source/Utility/delayline.h ****     void Reset()
  39:../libs/PoliTeKDSP/libs/DaisySP/Source/Utility/delayline.h ****     {
  40:../libs/PoliTeKDSP/libs/DaisySP/Source/Utility/delayline.h ****         for(size_t i = 0; i < max_size; i++)
  41:../libs/PoliTeKDSP/libs/DaisySP/Source/Utility/delayline.h ****         {
  42:../libs/PoliTeKDSP/libs/DaisySP/Source/Utility/delayline.h ****             line_[i] = T(0);
 360              		.loc 3 42 22 view .LVU89
 361 0006 5F4A     		ldr	r2, .L23
 362              	.LBE186:
 363              	.LBE185:
 364              	.LBE184:
 365              	.LBE183:
 366              		.loc 2 20 17 view .LVU90
 367 0008 2430     		adds	r0, r0, #36
 368              	.LVL16:
 369              	.LBB198:
 370              	.LBB194:
 371              	.LBB190:
 372              	.LBB187:
 373              		.loc 3 42 22 view .LVU91
 374 000a 0021     		movs	r1, #0
 375              	.LBE187:
  43:../libs/PoliTeKDSP/libs/DaisySP/Source/Utility/delayline.h ****         }
  44:../libs/PoliTeKDSP/libs/DaisySP/Source/Utility/delayline.h ****         write_ptr_ = 0;
  45:../libs/PoliTeKDSP/libs/DaisySP/Source/Utility/delayline.h ****         delay_     = 1;
 376              		.loc 3 45 20 view .LVU92
 377 000c 0025     		movs	r5, #0
 378              	.LBE190:
 379              	.LBE194:
 380              	.LBE198:
 381              	.LBB199:
 382              	.LBB200:
 383              	.LBB201:
  46:../libs/PoliTeKDSP/libs/DaisySP/Source/Dynamics/crossfade.h ****     /** Initializes CrossFade module
  47:../libs/PoliTeKDSP/libs/DaisySP/Source/Dynamics/crossfade.h ****         Defaults
  48:../libs/PoliTeKDSP/libs/DaisySP/Source/Dynamics/crossfade.h ****         - current position = .5
  49:../libs/PoliTeKDSP/libs/DaisySP/Source/Dynamics/crossfade.h ****         - curve = linear
  50:../libs/PoliTeKDSP/libs/DaisySP/Source/Dynamics/crossfade.h ****     */
  51:../libs/PoliTeKDSP/libs/DaisySP/Source/Dynamics/crossfade.h ****     inline void Init(int curve)
  52:../libs/PoliTeKDSP/libs/DaisySP/Source/Dynamics/crossfade.h ****     {
  53:../libs/PoliTeKDSP/libs/DaisySP/Source/Dynamics/crossfade.h ****         pos_   = 0.5f;
 384              		.loc 4 53 16 view .LVU93
 385 000e 04F53836 		add	r6, r4, #188416
 386 0012 4FF07C5B 		mov	fp, #1056964608
ARM GAS  C:\Users\skipi\AppData\Local\Temp\cc09pqTg.s 			page 14


 387              	.LBE201:
 388              	.LBE200:
 389              	.LBE199:
  21:../libs/PoliTeKDSP/Effects/AnalogDelay/src/AnalogDelay.cpp ****     _delayLine.Init();           // Inizializza la linea di ritardo
  22:../libs/PoliTeKDSP/Effects/AnalogDelay/src/AnalogDelay.cpp ****     _crossfade.Init();           // Inizializza il modulo di crossfade
  23:../libs/PoliTeKDSP/Effects/AnalogDelay/src/AnalogDelay.cpp ****     _ps.Init(sampleRate);           // Inizializza il pitch shifter
 390              		.loc 2 23 13 view .LVU94
 391 0016 04F53B3A 		add	r10, r4, #191488
 392 001a 04F59D27 		add	r7, r4, #321536
 393 001e 0AF50B78 		add	r8, r10, #556
 394 0022 07F2B467 		addw	r7, r7, #1716
  19:../libs/PoliTeKDSP/Effects/AnalogDelay/src/AnalogDelay.cpp ****     _sampleRate = sampleRate;    // Imposta la frequenza di campionamento
 395              		.loc 2 19 42 view .LVU95
 396 0026 2DED028B 		vpush.64	{d8}
 397              		.cfi_def_cfa_offset 48
 398              		.cfi_offset 80, -48
 399              		.cfi_offset 81, -44
  20:../libs/PoliTeKDSP/Effects/AnalogDelay/src/AnalogDelay.cpp ****     _delayLine.Init();           // Inizializza la linea di ritardo
 400              		.loc 2 20 17 view .LVU96
 401 002a 84ED000A 		vstr.32	s0, [r4]
  21:../libs/PoliTeKDSP/Effects/AnalogDelay/src/AnalogDelay.cpp ****     _delayLine.Init();           // Inizializza la linea di ritardo
 402              		.loc 2 21 5 is_stmt 1 view .LVU97
 403              	.LVL17:
 404              	.LBB206:
 405              	.LBI183:
  35:../libs/PoliTeKDSP/libs/DaisySP/Source/Utility/delayline.h ****     /** clears buffer, sets write ptr to 0, and delay to 1 sample.
 406              		.loc 3 35 10 view .LVU98
 407              	.LBB195:
 408              	.LBI184:
  38:../libs/PoliTeKDSP/libs/DaisySP/Source/Utility/delayline.h ****     {
 409              		.loc 3 38 10 view .LVU99
 410              	.LBB191:
 411              	.LBB188:
  40:../libs/PoliTeKDSP/libs/DaisySP/Source/Utility/delayline.h ****         {
 412              		.loc 3 40 29 view .LVU100
 413              	.LBE188:
 414              	.LBE191:
 415              	.LBE195:
 416              	.LBE206:
  19:../libs/PoliTeKDSP/Effects/AnalogDelay/src/AnalogDelay.cpp ****     _sampleRate = sampleRate;    // Imposta la frequenza di campionamento
 417              		.loc 2 19 42 is_stmt 0 view .LVU101
 418 002e B0EE408A 		vmov.f32	s16, s0
 419              	.LBB207:
 420              	.LBB196:
 421              	.LBB192:
 422              	.LBB189:
  42:../libs/PoliTeKDSP/libs/DaisySP/Source/Utility/delayline.h ****         }
 423              		.loc 3 42 22 view .LVU102
 424 0032 FFF7FEFF 		bl	memset
 425              	.LVL18:
  42:../libs/PoliTeKDSP/libs/DaisySP/Source/Utility/delayline.h ****         }
 426              		.loc 3 42 22 view .LVU103
 427              	.LBE189:
 428              		.loc 3 45 20 view .LVU104
 429 0036 0123     		movs	r3, #1
 430              	.LBE192:
 431              	.LBE196:
ARM GAS  C:\Users\skipi\AppData\Local\Temp\cc09pqTg.s 			page 15


 432              	.LBE207:
 433              	.LBB208:
 434              	.LBB209:
  75:../libs/PoliTeKDSP/libs/DaisySP/Source/Effects/pitchshifter.h ****         SetSemitones();
 435              		.loc 1 75 23 view .LVU105
 436 0038 534A     		ldr	r2, .L23+4
 437              	.LBE209:
 438              	.LBE208:
 439              	.LBB260:
 440              	.LBB197:
 441              	.LBB193:
 442              		.loc 3 45 20 view .LVU106
 443 003a C4E90753 		strd	r5, r3, [r4, #28]
 444              	.LVL19:
 445              		.loc 3 45 20 view .LVU107
 446              	.LBE193:
 447              	.LBE197:
 448              	.LBE260:
  22:../libs/PoliTeKDSP/Effects/AnalogDelay/src/AnalogDelay.cpp ****     _ps.Init(sampleRate);           // Inizializza il pitch shifter
 449              		.loc 2 22 5 is_stmt 1 view .LVU108
 450              	.LBB261:
 451              	.LBI199:
  54:../libs/PoliTeKDSP/libs/DaisySP/Source/Dynamics/crossfade.h ****         curve_ = curve < CROSSFADE_LAST ? curve : CROSSFADE_LIN;
  55:../libs/PoliTeKDSP/libs/DaisySP/Source/Dynamics/crossfade.h ****     }
  56:../libs/PoliTeKDSP/libs/DaisySP/Source/Dynamics/crossfade.h **** 
  57:../libs/PoliTeKDSP/libs/DaisySP/Source/Dynamics/crossfade.h ****     /** Initialize with default linear curve 
  58:../libs/PoliTeKDSP/libs/DaisySP/Source/Dynamics/crossfade.h ****     */
  59:../libs/PoliTeKDSP/libs/DaisySP/Source/Dynamics/crossfade.h ****     inline void Init() { Init(CROSSFADE_LIN); }
 452              		.loc 4 59 17 view .LVU109
 453              	.LBE261:
 454              		.loc 4 59 26 view .LVU110
 455              	.LBB262:
 456              	.LBB204:
 457              	.LBI200:
  51:../libs/PoliTeKDSP/libs/DaisySP/Source/Dynamics/crossfade.h ****     {
 458              		.loc 4 51 17 view .LVU111
 459              	.LBB202:
  53:../libs/PoliTeKDSP/libs/DaisySP/Source/Dynamics/crossfade.h ****         curve_ = curve < CROSSFADE_LAST ? curve : CROSSFADE_LIN;
 460              		.loc 4 53 9 view .LVU112
  53:../libs/PoliTeKDSP/libs/DaisySP/Source/Dynamics/crossfade.h ****         curve_ = curve < CROSSFADE_LAST ? curve : CROSSFADE_LIN;
 461              		.loc 4 53 16 is_stmt 0 view .LVU113
 462 003e 06F62463 		addw	r3, r6, #3620
 463 0042 C3F800B0 		str	fp, [r3]	@ float
  54:../libs/PoliTeKDSP/libs/DaisySP/Source/Dynamics/crossfade.h ****         curve_ = curve < CROSSFADE_LAST ? curve : CROSSFADE_LIN;
 464              		.loc 4 54 9 is_stmt 1 view .LVU114
 465              	.LBE202:
 466              	.LBE204:
 467              	.LBE262:
 468              	.LBB263:
 469              	.LBB255:
  73:../libs/PoliTeKDSP/libs/DaisySP/Source/Effects/pitchshifter.h ****         sr_           = sr;
 470              		.loc 1 73 23 is_stmt 0 view .LVU115
 471 0046 04F59C23 		add	r3, r4, #319488
 472              	.LBE255:
 473              	.LBE263:
 474              	.LBB264:
 475              	.LBB205:
ARM GAS  C:\Users\skipi\AppData\Local\Temp\cc09pqTg.s 			page 16


 476              	.LBB203:
  54:../libs/PoliTeKDSP/libs/DaisySP/Source/Dynamics/crossfade.h ****     }
 477              		.loc 4 54 16 view .LVU116
 478 004a 86F8285E 		strb	r5, [r6, #3624]
 479              	.LVL20:
  54:../libs/PoliTeKDSP/libs/DaisySP/Source/Dynamics/crossfade.h ****     }
 480              		.loc 4 54 16 view .LVU117
 481              	.LBE203:
 482              	.LBE205:
 483              	.LBE264:
 484              		.loc 2 23 5 is_stmt 1 view .LVU118
 485              	.LBB265:
 486              	.LBI208:
  71:../libs/PoliTeKDSP/libs/DaisySP/Source/Effects/pitchshifter.h ****     {
 487              		.loc 1 71 10 view .LVU119
 488              	.LBB256:
  73:../libs/PoliTeKDSP/libs/DaisySP/Source/Effects/pitchshifter.h ****         sr_           = sr;
 489              		.loc 1 73 9 view .LVU120
  73:../libs/PoliTeKDSP/libs/DaisySP/Source/Effects/pitchshifter.h ****         sr_           = sr;
 490              		.loc 1 73 23 is_stmt 0 view .LVU121
 491 004e 83F8505E 		strb	r5, [r3, #3664]
  74:../libs/PoliTeKDSP/libs/DaisySP/Source/Effects/pitchshifter.h ****         mod_freq_     = 5.0f;
 492              		.loc 1 74 9 is_stmt 1 view .LVU122
  74:../libs/PoliTeKDSP/libs/DaisySP/Source/Effects/pitchshifter.h ****         mod_freq_     = 5.0f;
 493              		.loc 1 74 23 is_stmt 0 view .LVU123
 494 0052 06F50333 		add	r3, r6, #134144
 495 0056 83ED958A 		vstr.32	s16, [r3, #596]
  75:../libs/PoliTeKDSP/libs/DaisySP/Source/Effects/pitchshifter.h ****         SetSemitones();
 496              		.loc 1 75 9 is_stmt 1 view .LVU124
  75:../libs/PoliTeKDSP/libs/DaisySP/Source/Effects/pitchshifter.h ****         SetSemitones();
 497              		.loc 1 75 23 is_stmt 0 view .LVU125
 498 005a C3F84822 		str	r2, [r3, #584]	@ float
  76:../libs/PoliTeKDSP/libs/DaisySP/Source/Effects/pitchshifter.h ****         for(uint8_t i = 0; i < 2; i++)
 499              		.loc 1 76 9 is_stmt 1 view .LVU126
 500              	.LVL21:
 501              	.LBB210:
 502              	.LBI210:
 178:../libs/PoliTeKDSP/libs/DaisySP/Source/Effects/pitchshifter.h **** 
 179:../libs/PoliTeKDSP/libs/DaisySP/Source/Effects/pitchshifter.h ****     /** sets delay size changing the timbre of the pitchshifting 
 180:../libs/PoliTeKDSP/libs/DaisySP/Source/Effects/pitchshifter.h ****     */
 181:../libs/PoliTeKDSP/libs/DaisySP/Source/Effects/pitchshifter.h ****     void SetDelSize(uint32_t size)
 182:../libs/PoliTeKDSP/libs/DaisySP/Source/Effects/pitchshifter.h ****     {
 183:../libs/PoliTeKDSP/libs/DaisySP/Source/Effects/pitchshifter.h ****         del_size_     = size < SHIFT_BUFFER_SIZE ? size : SHIFT_BUFFER_SIZE;
 184:../libs/PoliTeKDSP/libs/DaisySP/Source/Effects/pitchshifter.h ****         force_recalc_ = true;
 185:../libs/PoliTeKDSP/libs/DaisySP/Source/Effects/pitchshifter.h ****         SetTransposition(transpose_);
 186:../libs/PoliTeKDSP/libs/DaisySP/Source/Effects/pitchshifter.h ****     }
 187:../libs/PoliTeKDSP/libs/DaisySP/Source/Effects/pitchshifter.h **** 
 188:../libs/PoliTeKDSP/libs/DaisySP/Source/Effects/pitchshifter.h ****     /** sets an amount of internal random modulation, kind of sounds like tape-flutter
 189:../libs/PoliTeKDSP/libs/DaisySP/Source/Effects/pitchshifter.h ****     */
 190:../libs/PoliTeKDSP/libs/DaisySP/Source/Effects/pitchshifter.h ****     inline void SetFun(float f) { fun_ = f; }
 191:../libs/PoliTeKDSP/libs/DaisySP/Source/Effects/pitchshifter.h **** 
 192:../libs/PoliTeKDSP/libs/DaisySP/Source/Effects/pitchshifter.h ****   private:
 193:../libs/PoliTeKDSP/libs/DaisySP/Source/Effects/pitchshifter.h ****     inline void SetSemitones()
 503              		.loc 1 193 17 view .LVU127
 504              	.LBB211:
 194:../libs/PoliTeKDSP/libs/DaisySP/Source/Effects/pitchshifter.h ****     {
 195:../libs/PoliTeKDSP/libs/DaisySP/Source/Effects/pitchshifter.h ****         for(size_t i = 0; i < 12; i++)
ARM GAS  C:\Users\skipi\AppData\Local\Temp\cc09pqTg.s 			page 17


 505              		.loc 1 195 29 view .LVU128
 506              	.L20:
 196:../libs/PoliTeKDSP/libs/DaisySP/Source/Effects/pitchshifter.h ****         {
 197:../libs/PoliTeKDSP/libs/DaisySP/Source/Effects/pitchshifter.h ****             semitone_ratios_[i] = powf(2.0f, (float)i / 12);
 507              		.loc 1 197 13 view .LVU129
 508              		.loc 1 197 46 is_stmt 0 view .LVU130
 509 005e 07EE905A 		vmov	s15, r5	@ int
 195:../libs/PoliTeKDSP/libs/DaisySP/Source/Effects/pitchshifter.h ****         {
 510              		.loc 1 195 9 view .LVU131
 511 0062 0135     		adds	r5, r5, #1
 512              	.LVL22:
 513              		.loc 1 197 39 view .LVU132
 514 0064 B0EE000A 		vmov.f32	s0, #2.0e+0
 515              		.loc 1 197 46 view .LVU133
 516 0068 F8EEE70A 		vcvt.f32.s32	s1, s15
 517              		.loc 1 197 39 view .LVU134
 518 006c F2EE087A 		vmov.f32	s15, #1.2e+1
 519              	.LVL23:
 520              		.loc 1 197 39 view .LVU135
 521 0070 C0EEA70A 		vdiv.f32	s1, s1, s15
 522 0074 FFF7FEFF 		bl	powf
 523              	.LVL24:
 195:../libs/PoliTeKDSP/libs/DaisySP/Source/Effects/pitchshifter.h ****         {
 524              		.loc 1 195 29 view .LVU136
 525 0078 0C2D     		cmp	r5, #12
 526              		.loc 1 197 33 view .LVU137
 527 007a A7EC010A 		vstmia.32	r7!, {s0}
 195:../libs/PoliTeKDSP/libs/DaisySP/Source/Effects/pitchshifter.h ****         {
 528              		.loc 1 195 9 is_stmt 1 view .LVU138
 529              	.LVL25:
 195:../libs/PoliTeKDSP/libs/DaisySP/Source/Effects/pitchshifter.h ****         {
 530              		.loc 1 195 29 view .LVU139
 531 007e EED1     		bne	.L20
 532              	.LVL26:
 195:../libs/PoliTeKDSP/libs/DaisySP/Source/Effects/pitchshifter.h ****         {
 533              		.loc 1 195 29 is_stmt 0 view .LVU140
 534              	.LBE211:
 535              	.LBE210:
 536              	.LBB212:
  77:../libs/PoliTeKDSP/libs/DaisySP/Source/Effects/pitchshifter.h ****         {
 537              		.loc 1 77 30 is_stmt 1 view .LVU141
  79:../libs/PoliTeKDSP/libs/DaisySP/Source/Effects/pitchshifter.h ****             d_[i].Init();
 538              		.loc 1 79 13 view .LVU142
  79:../libs/PoliTeKDSP/libs/DaisySP/Source/Effects/pitchshifter.h ****             d_[i].Init();
 539              		.loc 1 79 22 is_stmt 0 view .LVU143
 540 0080 06F50335 		add	r5, r6, #134144
 541 0084 4FF00009 		mov	r9, #0
 542              	.LBB213:
 543              	.LBB214:
 544              	.LBB215:
  44:../libs/PoliTeKDSP/libs/DaisySP/Source/Utility/delayline.h ****         delay_     = 1;
 545              		.loc 3 44 20 view .LVU144
 546 0088 0027     		movs	r7, #0
 547              	.LBB216:
  42:../libs/PoliTeKDSP/libs/DaisySP/Source/Utility/delayline.h ****         }
 548              		.loc 3 42 22 view .LVU145
 549 008a 0AF50E70 		add	r0, r10, #568
ARM GAS  C:\Users\skipi\AppData\Local\Temp\cc09pqTg.s 			page 18


 550              	.LBE216:
 551              		.loc 3 45 20 view .LVU146
 552 008e 4FF0010A 		mov	r10, #1
 553              	.LBB217:
  42:../libs/PoliTeKDSP/libs/DaisySP/Source/Utility/delayline.h ****         }
 554              		.loc 3 42 22 view .LVU147
 555 0092 4FF48032 		mov	r2, #65536
 556 0096 0021     		movs	r1, #0
 557              	.LBE217:
 558              	.LBE215:
 559              	.LBE214:
 560              	.LBE213:
  79:../libs/PoliTeKDSP/libs/DaisySP/Source/Effects/pitchshifter.h ****             d_[i].Init();
 561              		.loc 1 79 22 view .LVU148
 562 0098 C5F87C92 		str	r9, [r5, #636]	@ float
  80:../libs/PoliTeKDSP/libs/DaisySP/Source/Effects/pitchshifter.h ****             phs_[i].Init(sr, 50, i == 0 ? 0 : PI_F);
 563              		.loc 1 80 13 is_stmt 1 view .LVU149
 564              	.LVL27:
 565              	.LBB231:
 566              	.LBI213:
  35:../libs/PoliTeKDSP/libs/DaisySP/Source/Utility/delayline.h ****     /** clears buffer, sets write ptr to 0, and delay to 1 sample.
 567              		.loc 3 35 10 view .LVU150
 568              	.LBB226:
 569              	.LBI214:
  38:../libs/PoliTeKDSP/libs/DaisySP/Source/Utility/delayline.h ****     {
 570              		.loc 3 38 10 view .LVU151
 571              	.LBB221:
 572              	.LBB218:
  40:../libs/PoliTeKDSP/libs/DaisySP/Source/Utility/delayline.h ****         {
 573              		.loc 3 40 29 view .LVU152
  42:../libs/PoliTeKDSP/libs/DaisySP/Source/Utility/delayline.h ****         }
 574              		.loc 3 42 22 is_stmt 0 view .LVU153
 575 009c FFF7FEFF 		bl	memset
 576              	.LVL28:
  42:../libs/PoliTeKDSP/libs/DaisySP/Source/Utility/delayline.h ****         }
 577              		.loc 3 42 22 view .LVU154
 578              	.LBE218:
  44:../libs/PoliTeKDSP/libs/DaisySP/Source/Utility/delayline.h ****         delay_     = 1;
 579              		.loc 3 44 20 view .LVU155
 580 00a0 C6F8307E 		str	r7, [r6, #3632]
 581              		.loc 3 45 20 view .LVU156
 582 00a4 C6F834AE 		str	r10, [r6, #3636]
 583              	.LVL29:
 584              		.loc 3 45 20 view .LVU157
 585              	.LBE221:
 586              	.LBE226:
 587              	.LBE231:
  81:../libs/PoliTeKDSP/libs/DaisySP/Source/Effects/pitchshifter.h ****         }
 588              		.loc 1 81 13 is_stmt 1 view .LVU158
 589              	.LBB232:
 590              	.LBI232:
 591              		.file 6 "../libs/PoliTeKDSP/libs/DaisySP/Source/Control/phasor.h"
   1:../libs/PoliTeKDSP/libs/DaisySP/Source/Control/phasor.h **** /*
   2:../libs/PoliTeKDSP/libs/DaisySP/Source/Control/phasor.h **** Copyright (c) 2020 Electrosmith, Corp
   3:../libs/PoliTeKDSP/libs/DaisySP/Source/Control/phasor.h **** 
   4:../libs/PoliTeKDSP/libs/DaisySP/Source/Control/phasor.h **** Use of this source code is governed by an MIT-style
   5:../libs/PoliTeKDSP/libs/DaisySP/Source/Control/phasor.h **** license that can be found in the LICENSE file or at
ARM GAS  C:\Users\skipi\AppData\Local\Temp\cc09pqTg.s 			page 19


   6:../libs/PoliTeKDSP/libs/DaisySP/Source/Control/phasor.h **** https://opensource.org/licenses/MIT.
   7:../libs/PoliTeKDSP/libs/DaisySP/Source/Control/phasor.h **** */
   8:../libs/PoliTeKDSP/libs/DaisySP/Source/Control/phasor.h **** 
   9:../libs/PoliTeKDSP/libs/DaisySP/Source/Control/phasor.h **** #pragma once
  10:../libs/PoliTeKDSP/libs/DaisySP/Source/Control/phasor.h **** #ifndef DSY_PHASOR_H
  11:../libs/PoliTeKDSP/libs/DaisySP/Source/Control/phasor.h **** #define DSY_PHASOR_H
  12:../libs/PoliTeKDSP/libs/DaisySP/Source/Control/phasor.h **** #ifdef __cplusplus
  13:../libs/PoliTeKDSP/libs/DaisySP/Source/Control/phasor.h **** 
  14:../libs/PoliTeKDSP/libs/DaisySP/Source/Control/phasor.h **** namespace daisysp
  15:../libs/PoliTeKDSP/libs/DaisySP/Source/Control/phasor.h **** {
  16:../libs/PoliTeKDSP/libs/DaisySP/Source/Control/phasor.h **** /** Generates a normalized signal moving from 0-1 at the specified frequency.
  17:../libs/PoliTeKDSP/libs/DaisySP/Source/Control/phasor.h **** 
  18:../libs/PoliTeKDSP/libs/DaisySP/Source/Control/phasor.h **** \todo Selecting which channels should be initialized/included in the sequence conversion.
  19:../libs/PoliTeKDSP/libs/DaisySP/Source/Control/phasor.h **** \todo Setup a similar start function for an external mux, but that seems outside the scope of this 
  20:../libs/PoliTeKDSP/libs/DaisySP/Source/Control/phasor.h **** 
  21:../libs/PoliTeKDSP/libs/DaisySP/Source/Control/phasor.h **** */
  22:../libs/PoliTeKDSP/libs/DaisySP/Source/Control/phasor.h **** class Phasor
  23:../libs/PoliTeKDSP/libs/DaisySP/Source/Control/phasor.h **** {
  24:../libs/PoliTeKDSP/libs/DaisySP/Source/Control/phasor.h ****   public:
  25:../libs/PoliTeKDSP/libs/DaisySP/Source/Control/phasor.h ****     Phasor() {}
  26:../libs/PoliTeKDSP/libs/DaisySP/Source/Control/phasor.h ****     ~Phasor() {}
  27:../libs/PoliTeKDSP/libs/DaisySP/Source/Control/phasor.h ****     /** Initializes the Phasor module
  28:../libs/PoliTeKDSP/libs/DaisySP/Source/Control/phasor.h ****     sample rate, and freq are in Hz
  29:../libs/PoliTeKDSP/libs/DaisySP/Source/Control/phasor.h ****     initial phase is in radians
  30:../libs/PoliTeKDSP/libs/DaisySP/Source/Control/phasor.h ****     Additional Init functions have defaults when arg is not specified:
  31:../libs/PoliTeKDSP/libs/DaisySP/Source/Control/phasor.h ****     - phs = 0.0f
  32:../libs/PoliTeKDSP/libs/DaisySP/Source/Control/phasor.h ****     - freq = 1.0f
  33:../libs/PoliTeKDSP/libs/DaisySP/Source/Control/phasor.h ****     */
  34:../libs/PoliTeKDSP/libs/DaisySP/Source/Control/phasor.h ****     inline void Init(float sample_rate, float freq, float initial_phase)
 592              		.loc 6 34 17 view .LVU159
 593              	.LBB233:
  35:../libs/PoliTeKDSP/libs/DaisySP/Source/Control/phasor.h ****     {
  36:../libs/PoliTeKDSP/libs/DaisySP/Source/Control/phasor.h ****         sample_rate_ = sample_rate;
 594              		.loc 6 36 9 view .LVU160
 595              	.LBE233:
 596              	.LBE232:
  81:../libs/PoliTeKDSP/libs/DaisySP/Source/Effects/pitchshifter.h ****         }
 597              		.loc 1 81 25 is_stmt 0 view .LVU161
 598 00a8 08F50036 		add	r6, r8, #131072
 599              	.LBB239:
 600              	.LBB234:
  37:../libs/PoliTeKDSP/libs/DaisySP/Source/Control/phasor.h ****         phs_         = initial_phase;
  38:../libs/PoliTeKDSP/libs/DaisySP/Source/Control/phasor.h ****         SetFreq(freq);
 601              		.loc 6 38 16 view .LVU162
 602 00ac 9FED370A 		vldr.32	s0, .L23+8
 603 00b0 06F13000 		add	r0, r6, #48
  36:../libs/PoliTeKDSP/libs/DaisySP/Source/Control/phasor.h ****         phs_         = initial_phase;
 604              		.loc 6 36 22 view .LVU163
 605 00b4 85ED988A 		vstr.32	s16, [r5, #608]
  37:../libs/PoliTeKDSP/libs/DaisySP/Source/Control/phasor.h ****         phs_         = initial_phase;
 606              		.loc 6 37 9 is_stmt 1 view .LVU164
  37:../libs/PoliTeKDSP/libs/DaisySP/Source/Control/phasor.h ****         phs_         = initial_phase;
 607              		.loc 6 37 22 is_stmt 0 view .LVU165
 608 00b8 C5F86892 		str	r9, [r5, #616]	@ float
 609              		.loc 6 38 9 is_stmt 1 view .LVU166
 610              		.loc 6 38 16 is_stmt 0 view .LVU167
 611 00bc FFF7FEFF 		bl	_ZN7daisysp6Phasor7SetFreqEf
ARM GAS  C:\Users\skipi\AppData\Local\Temp\cc09pqTg.s 			page 20


 612              	.LVL30:
 613              		.loc 6 38 16 view .LVU168
 614              	.LBE234:
 615              	.LBE239:
  77:../libs/PoliTeKDSP/libs/DaisySP/Source/Effects/pitchshifter.h ****         {
 616              		.loc 1 77 9 is_stmt 1 view .LVU169
  77:../libs/PoliTeKDSP/libs/DaisySP/Source/Effects/pitchshifter.h ****         {
 617              		.loc 1 77 30 view .LVU170
  79:../libs/PoliTeKDSP/libs/DaisySP/Source/Effects/pitchshifter.h ****             d_[i].Init();
 618              		.loc 1 79 13 view .LVU171
 619              	.LBB240:
 620              	.LBB227:
 621              	.LBB222:
 622              	.LBB219:
  42:../libs/PoliTeKDSP/libs/DaisySP/Source/Utility/delayline.h ****         }
 623              		.loc 3 42 22 is_stmt 0 view .LVU172
 624 00c0 04F57B30 		add	r0, r4, #257024
 625 00c4 4FF48032 		mov	r2, #65536
 626 00c8 3946     		mov	r1, r7
 627              	.LBE219:
 628              	.LBE222:
 629              	.LBE227:
 630              	.LBE240:
  79:../libs/PoliTeKDSP/libs/DaisySP/Source/Effects/pitchshifter.h ****             d_[i].Init();
 631              		.loc 1 79 22 view .LVU173
 632 00ca C5F88092 		str	r9, [r5, #640]	@ float
  80:../libs/PoliTeKDSP/libs/DaisySP/Source/Effects/pitchshifter.h ****             phs_[i].Init(sr, 50, i == 0 ? 0 : PI_F);
 633              		.loc 1 80 13 is_stmt 1 view .LVU174
 634              	.LVL31:
 635              	.LBB241:
  35:../libs/PoliTeKDSP/libs/DaisySP/Source/Utility/delayline.h ****     /** clears buffer, sets write ptr to 0, and delay to 1 sample.
 636              		.loc 3 35 10 view .LVU175
 637              	.LBB228:
  38:../libs/PoliTeKDSP/libs/DaisySP/Source/Utility/delayline.h ****     {
 638              		.loc 3 38 10 view .LVU176
 639              	.LBB223:
 640              	.LBB220:
  40:../libs/PoliTeKDSP/libs/DaisySP/Source/Utility/delayline.h ****         {
 641              		.loc 3 40 29 view .LVU177
  42:../libs/PoliTeKDSP/libs/DaisySP/Source/Utility/delayline.h ****         }
 642              		.loc 3 42 22 is_stmt 0 view .LVU178
 643 00ce 00F51170 		add	r0, r0, #580
 644 00d2 FFF7FEFF 		bl	memset
 645              	.LVL32:
  42:../libs/PoliTeKDSP/libs/DaisySP/Source/Utility/delayline.h ****         }
 646              		.loc 3 42 22 view .LVU179
 647              	.LBE220:
  44:../libs/PoliTeKDSP/libs/DaisySP/Source/Utility/delayline.h ****         delay_     = 1;
 648              		.loc 3 44 20 view .LVU180
 649 00d6 04F57833 		add	r3, r4, #253952
 650              	.LBE223:
 651              	.LBE228:
 652              	.LBE241:
 653              	.LBB242:
 654              	.LBB235:
 655              		.loc 6 38 16 view .LVU181
 656 00da 06F14000 		add	r0, r6, #64
ARM GAS  C:\Users\skipi\AppData\Local\Temp\cc09pqTg.s 			page 21


 657 00de 9FED2B0A 		vldr.32	s0, .L23+8
 658              	.LBE235:
 659              	.LBE242:
 660              	.LBB243:
 661              	.LBB229:
 662              	.LBB224:
  44:../libs/PoliTeKDSP/libs/DaisySP/Source/Utility/delayline.h ****         delay_     = 1;
 663              		.loc 3 44 20 view .LVU182
 664 00e2 C3F83C7E 		str	r7, [r3, #3644]
 665              	.LBE224:
 666              	.LBE229:
 667              	.LBE243:
 668              	.LBE212:
  83:../libs/PoliTeKDSP/libs/DaisySP/Source/Effects/pitchshifter.h ****         del_size_ = SHIFT_BUFFER_SIZE;
 669              		.loc 1 83 19 view .LVU183
 670 00e6 04F59C26 		add	r6, r4, #319488
 671              	.LBB248:
 672              	.LBB244:
 673              	.LBB230:
 674              	.LBB225:
 675              		.loc 3 45 20 view .LVU184
 676 00ea C3F840AE 		str	r10, [r3, #3648]
 677              	.LVL33:
 678              		.loc 3 45 20 view .LVU185
 679              	.LBE225:
 680              	.LBE230:
 681              	.LBE244:
  81:../libs/PoliTeKDSP/libs/DaisySP/Source/Effects/pitchshifter.h ****         }
 682              		.loc 1 81 13 is_stmt 1 view .LVU186
 683              	.LBB245:
  34:../libs/PoliTeKDSP/libs/DaisySP/Source/Control/phasor.h ****     {
 684              		.loc 6 34 17 view .LVU187
 685              	.LBB236:
  36:../libs/PoliTeKDSP/libs/DaisySP/Source/Control/phasor.h ****         phs_         = initial_phase;
 686              		.loc 6 36 9 view .LVU188
 687              	.LBE236:
 688              	.LBE245:
 689              	.LBE248:
 690              	.LBE256:
 691              	.LBE265:
  24:../libs/PoliTeKDSP/Effects/AnalogDelay/src/AnalogDelay.cpp ****     _lfo.Init(sampleRate);       // Inizializza l'LFO
 692              		.loc 2 24 14 is_stmt 0 view .LVU189
 693 00ee 04F59D24 		add	r4, r4, #321536
 694              	.LVL34:
 695              	.LBB266:
 696              	.LBB257:
 697              	.LBB249:
 698              	.LBB246:
 699              	.LBB237:
  37:../libs/PoliTeKDSP/libs/DaisySP/Source/Control/phasor.h ****         SetFreq(freq);
 700              		.loc 6 37 22 view .LVU190
 701 00f2 274B     		ldr	r3, .L23+12
  36:../libs/PoliTeKDSP/libs/DaisySP/Source/Control/phasor.h ****         phs_         = initial_phase;
 702              		.loc 6 36 22 view .LVU191
 703 00f4 85ED9C8A 		vstr.32	s16, [r5, #624]
  37:../libs/PoliTeKDSP/libs/DaisySP/Source/Control/phasor.h ****         SetFreq(freq);
 704              		.loc 6 37 9 is_stmt 1 view .LVU192
ARM GAS  C:\Users\skipi\AppData\Local\Temp\cc09pqTg.s 			page 22


 705              	.LBE237:
 706              	.LBE246:
 707              	.LBE249:
 708              	.LBE257:
 709              	.LBE266:
 710              		.loc 2 24 14 is_stmt 0 view .LVU193
 711 00f8 04F2E464 		addw	r4, r4, #1764
 712              	.LBB267:
 713              	.LBB258:
 714              	.LBB250:
 715              	.LBB247:
 716              	.LBB238:
  37:../libs/PoliTeKDSP/libs/DaisySP/Source/Control/phasor.h ****         SetFreq(freq);
 717              		.loc 6 37 22 view .LVU194
 718 00fc C5F87832 		str	r3, [r5, #632]	@ float
 719              		.loc 6 38 9 is_stmt 1 view .LVU195
 720              		.loc 6 38 16 is_stmt 0 view .LVU196
 721 0100 FFF7FEFF 		bl	_ZN7daisysp6Phasor7SetFreqEf
 722              	.LVL35:
 723              		.loc 6 38 16 view .LVU197
 724              	.LBE238:
 725              	.LBE247:
  77:../libs/PoliTeKDSP/libs/DaisySP/Source/Effects/pitchshifter.h ****         {
 726              		.loc 1 77 9 is_stmt 1 view .LVU198
  77:../libs/PoliTeKDSP/libs/DaisySP/Source/Effects/pitchshifter.h ****         {
 727              		.loc 1 77 30 view .LVU199
 728              	.LBE250:
  83:../libs/PoliTeKDSP/libs/DaisySP/Source/Effects/pitchshifter.h ****         del_size_ = SHIFT_BUFFER_SIZE;
 729              		.loc 1 83 9 view .LVU200
  84:../libs/PoliTeKDSP/libs/DaisySP/Source/Effects/pitchshifter.h ****         SetDelSize(del_size_);
 730              		.loc 1 84 19 is_stmt 0 view .LVU201
 731 0104 4FF48043 		mov	r3, #16384
 732              	.LBB251:
 733              	.LBB252:
 185:../libs/PoliTeKDSP/libs/DaisySP/Source/Effects/pitchshifter.h ****     }
 734              		.loc 1 185 25 view .LVU202
 735 0108 4046     		mov	r0, r8
 736              	.LBE252:
 737              	.LBE251:
  83:../libs/PoliTeKDSP/libs/DaisySP/Source/Effects/pitchshifter.h ****         del_size_ = SHIFT_BUFFER_SIZE;
 738              		.loc 1 83 19 view .LVU203
 739 010a 86F858AE 		strb	r10, [r6, #3672]
  84:../libs/PoliTeKDSP/libs/DaisySP/Source/Effects/pitchshifter.h ****         SetDelSize(del_size_);
 740              		.loc 1 84 9 is_stmt 1 view .LVU204
  84:../libs/PoliTeKDSP/libs/DaisySP/Source/Effects/pitchshifter.h ****         SetDelSize(del_size_);
 741              		.loc 1 84 19 is_stmt 0 view .LVU205
 742 010e C6F84C3E 		str	r3, [r6, #3660]
  85:../libs/PoliTeKDSP/libs/DaisySP/Source/Effects/pitchshifter.h ****         fun_ = 0.0f;
 743              		.loc 1 85 9 is_stmt 1 view .LVU206
 744              	.LVL36:
 745              	.LBB254:
 746              	.LBI251:
 181:../libs/PoliTeKDSP/libs/DaisySP/Source/Effects/pitchshifter.h ****     {
 747              		.loc 1 181 10 view .LVU207
 748              	.LBB253:
 183:../libs/PoliTeKDSP/libs/DaisySP/Source/Effects/pitchshifter.h ****         force_recalc_ = true;
 749              		.loc 1 183 9 view .LVU208
ARM GAS  C:\Users\skipi\AppData\Local\Temp\cc09pqTg.s 			page 23


 184:../libs/PoliTeKDSP/libs/DaisySP/Source/Effects/pitchshifter.h ****         SetTransposition(transpose_);
 750              		.loc 1 184 9 view .LVU209
 185:../libs/PoliTeKDSP/libs/DaisySP/Source/Effects/pitchshifter.h ****     }
 751              		.loc 1 185 25 is_stmt 0 view .LVU210
 752 0112 06F68C63 		addw	r3, r6, #3724
 184:../libs/PoliTeKDSP/libs/DaisySP/Source/Effects/pitchshifter.h ****         SetTransposition(transpose_);
 753              		.loc 1 184 23 view .LVU211
 754 0116 86F850AE 		strb	r10, [r6, #3664]
 185:../libs/PoliTeKDSP/libs/DaisySP/Source/Effects/pitchshifter.h ****     }
 755              		.loc 1 185 9 is_stmt 1 view .LVU212
 185:../libs/PoliTeKDSP/libs/DaisySP/Source/Effects/pitchshifter.h ****     }
 756              		.loc 1 185 25 is_stmt 0 view .LVU213
 757 011a 93ED000A 		vldr.32	s0, [r3]
 758 011e FFF7FEFF 		bl	_ZN7daisysp12PitchShifter16SetTranspositionERKf.isra.0
 759              	.LVL37:
 185:../libs/PoliTeKDSP/libs/DaisySP/Source/Effects/pitchshifter.h ****     }
 760              		.loc 1 185 25 view .LVU214
 761              	.LBE253:
 762              	.LBE254:
  86:../libs/PoliTeKDSP/libs/DaisySP/Source/Effects/pitchshifter.h ****     }
 763              		.loc 1 86 9 is_stmt 1 view .LVU215
 764              	.LBE258:
 765              	.LBE267:
 766              	.LBB268:
 767              	.LBB269:
  25:../libs/PoliTeKDSP/libs/DaisySP/Source/Synthesis/oscillator.h ****     /** Choices for output waveforms, POLYBLEP are appropriately labeled. Others are naive forms.
  26:../libs/PoliTeKDSP/libs/DaisySP/Source/Synthesis/oscillator.h ****     */
  27:../libs/PoliTeKDSP/libs/DaisySP/Source/Synthesis/oscillator.h ****     enum
  28:../libs/PoliTeKDSP/libs/DaisySP/Source/Synthesis/oscillator.h ****     {
  29:../libs/PoliTeKDSP/libs/DaisySP/Source/Synthesis/oscillator.h ****         WAVE_SIN,
  30:../libs/PoliTeKDSP/libs/DaisySP/Source/Synthesis/oscillator.h ****         WAVE_TRI,
  31:../libs/PoliTeKDSP/libs/DaisySP/Source/Synthesis/oscillator.h ****         WAVE_SAW,
  32:../libs/PoliTeKDSP/libs/DaisySP/Source/Synthesis/oscillator.h ****         WAVE_RAMP,
  33:../libs/PoliTeKDSP/libs/DaisySP/Source/Synthesis/oscillator.h ****         WAVE_SQUARE,
  34:../libs/PoliTeKDSP/libs/DaisySP/Source/Synthesis/oscillator.h ****         WAVE_POLYBLEP_TRI,
  35:../libs/PoliTeKDSP/libs/DaisySP/Source/Synthesis/oscillator.h ****         WAVE_POLYBLEP_SAW,
  36:../libs/PoliTeKDSP/libs/DaisySP/Source/Synthesis/oscillator.h ****         WAVE_POLYBLEP_SQUARE,
  37:../libs/PoliTeKDSP/libs/DaisySP/Source/Synthesis/oscillator.h ****         WAVE_LAST,
  38:../libs/PoliTeKDSP/libs/DaisySP/Source/Synthesis/oscillator.h ****     };
  39:../libs/PoliTeKDSP/libs/DaisySP/Source/Synthesis/oscillator.h **** 
  40:../libs/PoliTeKDSP/libs/DaisySP/Source/Synthesis/oscillator.h **** 
  41:../libs/PoliTeKDSP/libs/DaisySP/Source/Synthesis/oscillator.h ****     /** Initializes the Oscillator
  42:../libs/PoliTeKDSP/libs/DaisySP/Source/Synthesis/oscillator.h **** 
  43:../libs/PoliTeKDSP/libs/DaisySP/Source/Synthesis/oscillator.h ****         \param sample_rate - sample rate of the audio engine being run, and the frequency that the 
  44:../libs/PoliTeKDSP/libs/DaisySP/Source/Synthesis/oscillator.h **** 
  45:../libs/PoliTeKDSP/libs/DaisySP/Source/Synthesis/oscillator.h ****         Defaults:
  46:../libs/PoliTeKDSP/libs/DaisySP/Source/Synthesis/oscillator.h ****         - freq_ = 100 Hz
  47:../libs/PoliTeKDSP/libs/DaisySP/Source/Synthesis/oscillator.h ****         - amp_ = 0.5
  48:../libs/PoliTeKDSP/libs/DaisySP/Source/Synthesis/oscillator.h ****         - waveform_ = sine wave.
  49:../libs/PoliTeKDSP/libs/DaisySP/Source/Synthesis/oscillator.h ****     */
  50:../libs/PoliTeKDSP/libs/DaisySP/Source/Synthesis/oscillator.h ****     void Init(float sample_rate)
  51:../libs/PoliTeKDSP/libs/DaisySP/Source/Synthesis/oscillator.h ****     {
  52:../libs/PoliTeKDSP/libs/DaisySP/Source/Synthesis/oscillator.h ****         sr_        = sample_rate;
  53:../libs/PoliTeKDSP/libs/DaisySP/Source/Synthesis/oscillator.h ****         sr_recip_  = 1.0f / sample_rate;
 768              		.loc 5 53 27 is_stmt 0 view .LVU216
 769 0122 B7EE007A 		vmov.f32	s14, #1.0e+0
  54:../libs/PoliTeKDSP/libs/DaisySP/Source/Synthesis/oscillator.h ****         freq_      = 100.0f;
ARM GAS  C:\Users\skipi\AppData\Local\Temp\cc09pqTg.s 			page 24


 770              		.loc 5 54 20 view .LVU217
 771 0126 9FED1B0A 		vldr.32	s0, .L23+16
  55:../libs/PoliTeKDSP/libs/DaisySP/Source/Synthesis/oscillator.h ****         amp_       = 0.5f;
  56:../libs/PoliTeKDSP/libs/DaisySP/Source/Synthesis/oscillator.h ****         pw_        = 0.5f;
  57:../libs/PoliTeKDSP/libs/DaisySP/Source/Synthesis/oscillator.h ****         phase_     = 0.0f;
  58:../libs/PoliTeKDSP/libs/DaisySP/Source/Synthesis/oscillator.h ****         phase_inc_ = CalcPhaseInc(freq_);
 772              		.loc 5 58 34 view .LVU218
 773 012a 2046     		mov	r0, r4
 774              	.LBE269:
 775              	.LBE268:
 776              	.LBB272:
 777              	.LBB259:
  86:../libs/PoliTeKDSP/libs/DaisySP/Source/Effects/pitchshifter.h ****     }
 778              		.loc 1 86 14 view .LVU219
 779 012c C5F89092 		str	r9, [r5, #656]	@ float
 780              	.LVL38:
  86:../libs/PoliTeKDSP/libs/DaisySP/Source/Effects/pitchshifter.h ****     }
 781              		.loc 1 86 14 view .LVU220
 782              	.LBE259:
 783              	.LBE272:
 784              		.loc 2 24 5 is_stmt 1 view .LVU221
 785              	.LBB273:
 786              	.LBI268:
  50:../libs/PoliTeKDSP/libs/DaisySP/Source/Synthesis/oscillator.h ****     {
 787              		.loc 5 50 10 view .LVU222
 788              	.LBB270:
  52:../libs/PoliTeKDSP/libs/DaisySP/Source/Synthesis/oscillator.h ****         sr_recip_  = 1.0f / sample_rate;
 789              		.loc 5 52 9 view .LVU223
  52:../libs/PoliTeKDSP/libs/DaisySP/Source/Synthesis/oscillator.h ****         sr_recip_  = 1.0f / sample_rate;
 790              		.loc 5 52 20 is_stmt 0 view .LVU224
 791 0130 06F6E465 		addw	r5, r6, #3812
  53:../libs/PoliTeKDSP/libs/DaisySP/Source/Synthesis/oscillator.h ****         freq_      = 100.0f;
 792              		.loc 5 53 27 view .LVU225
 793 0134 C7EE087A 		vdiv.f32	s15, s14, s16
  52:../libs/PoliTeKDSP/libs/DaisySP/Source/Synthesis/oscillator.h ****         sr_recip_  = 1.0f / sample_rate;
 794              		.loc 5 52 20 view .LVU226
 795 0138 85ED048A 		vstr.32	s16, [r5, #16]
  53:../libs/PoliTeKDSP/libs/DaisySP/Source/Synthesis/oscillator.h ****         freq_      = 100.0f;
 796              		.loc 5 53 9 is_stmt 1 view .LVU227
  54:../libs/PoliTeKDSP/libs/DaisySP/Source/Synthesis/oscillator.h ****         amp_       = 0.5f;
 797              		.loc 5 54 20 is_stmt 0 view .LVU228
 798 013c 85ED020A 		vstr.32	s0, [r5, #8]
  55:../libs/PoliTeKDSP/libs/DaisySP/Source/Synthesis/oscillator.h ****         pw_        = 0.5f;
 799              		.loc 5 55 20 view .LVU229
 800 0140 C5F804B0 		str	fp, [r5, #4]	@ float
  56:../libs/PoliTeKDSP/libs/DaisySP/Source/Synthesis/oscillator.h ****         phase_     = 0.0f;
 801              		.loc 5 56 20 view .LVU230
 802 0144 C5F80CB0 		str	fp, [r5, #12]	@ float
  57:../libs/PoliTeKDSP/libs/DaisySP/Source/Synthesis/oscillator.h ****         phase_inc_ = CalcPhaseInc(freq_);
 803              		.loc 5 57 20 view .LVU231
 804 0148 C5F81890 		str	r9, [r5, #24]	@ float
  53:../libs/PoliTeKDSP/libs/DaisySP/Source/Synthesis/oscillator.h ****         freq_      = 100.0f;
 805              		.loc 5 53 20 view .LVU232
 806 014c C5ED057A 		vstr.32	s15, [r5, #20]
  54:../libs/PoliTeKDSP/libs/DaisySP/Source/Synthesis/oscillator.h ****         amp_       = 0.5f;
 807              		.loc 5 54 9 is_stmt 1 view .LVU233
  55:../libs/PoliTeKDSP/libs/DaisySP/Source/Synthesis/oscillator.h ****         pw_        = 0.5f;
ARM GAS  C:\Users\skipi\AppData\Local\Temp\cc09pqTg.s 			page 25


 808              		.loc 5 55 9 view .LVU234
  56:../libs/PoliTeKDSP/libs/DaisySP/Source/Synthesis/oscillator.h ****         phase_     = 0.0f;
 809              		.loc 5 56 9 view .LVU235
  57:../libs/PoliTeKDSP/libs/DaisySP/Source/Synthesis/oscillator.h ****         phase_inc_ = CalcPhaseInc(freq_);
 810              		.loc 5 57 9 view .LVU236
 811              		.loc 5 58 9 view .LVU237
 812              		.loc 5 58 34 is_stmt 0 view .LVU238
 813 0150 FFF7FEFF 		bl	_ZN7daisysp10Oscillator12CalcPhaseIncEf
 814              	.LVL39:
  59:../libs/PoliTeKDSP/libs/DaisySP/Source/Synthesis/oscillator.h ****         waveform_  = WAVE_SIN;
  60:../libs/PoliTeKDSP/libs/DaisySP/Source/Synthesis/oscillator.h ****         eoc_       = true;
  61:../libs/PoliTeKDSP/libs/DaisySP/Source/Synthesis/oscillator.h ****         eor_       = true;
 815              		.loc 5 61 20 view .LVU239
 816 0154 40F20113 		movw	r3, #257
  58:../libs/PoliTeKDSP/libs/DaisySP/Source/Synthesis/oscillator.h ****         waveform_  = WAVE_SIN;
 817              		.loc 5 58 20 view .LVU240
 818 0158 85ED070A 		vstr.32	s0, [r5, #28]
  59:../libs/PoliTeKDSP/libs/DaisySP/Source/Synthesis/oscillator.h ****         waveform_  = WAVE_SIN;
 819              		.loc 5 59 9 is_stmt 1 view .LVU241
 820              	.LBE270:
 821              	.LBE273:
 822              	.LBB274:
 823              	.LBB275:
  62:../libs/PoliTeKDSP/libs/DaisySP/Source/Synthesis/oscillator.h ****     }
  63:../libs/PoliTeKDSP/libs/DaisySP/Source/Synthesis/oscillator.h **** 
  64:../libs/PoliTeKDSP/libs/DaisySP/Source/Synthesis/oscillator.h **** 
  65:../libs/PoliTeKDSP/libs/DaisySP/Source/Synthesis/oscillator.h ****     /** Changes the frequency of the Oscillator, and recalculates phase increment.
  66:../libs/PoliTeKDSP/libs/DaisySP/Source/Synthesis/oscillator.h ****     */
  67:../libs/PoliTeKDSP/libs/DaisySP/Source/Synthesis/oscillator.h ****     inline void SetFreq(const float f)
  68:../libs/PoliTeKDSP/libs/DaisySP/Source/Synthesis/oscillator.h ****     {
  69:../libs/PoliTeKDSP/libs/DaisySP/Source/Synthesis/oscillator.h ****         freq_      = f;
  70:../libs/PoliTeKDSP/libs/DaisySP/Source/Synthesis/oscillator.h ****         phase_inc_ = CalcPhaseInc(f);
 824              		.loc 5 70 34 is_stmt 0 view .LVU242
 825 015c 2046     		mov	r0, r4
  69:../libs/PoliTeKDSP/libs/DaisySP/Source/Synthesis/oscillator.h ****         phase_inc_ = CalcPhaseInc(f);
 826              		.loc 5 69 20 view .LVU243
 827 015e 9FED0E0A 		vldr.32	s0, .L23+20
 828              	.LBE275:
 829              	.LBE274:
 830              	.LBB277:
 831              	.LBB271:
  59:../libs/PoliTeKDSP/libs/DaisySP/Source/Synthesis/oscillator.h ****         eoc_       = true;
 832              		.loc 5 59 20 view .LVU244
 833 0162 86F8E47E 		strb	r7, [r6, #3812]
  60:../libs/PoliTeKDSP/libs/DaisySP/Source/Synthesis/oscillator.h ****         eor_       = true;
 834              		.loc 5 60 9 is_stmt 1 view .LVU245
  61:../libs/PoliTeKDSP/libs/DaisySP/Source/Synthesis/oscillator.h ****     }
 835              		.loc 5 61 9 view .LVU246
  61:../libs/PoliTeKDSP/libs/DaisySP/Source/Synthesis/oscillator.h ****     }
 836              		.loc 5 61 20 is_stmt 0 view .LVU247
 837 0166 A6F80C3F 		strh	r3, [r6, #3852]	@ movhi
 838              	.LVL40:
  61:../libs/PoliTeKDSP/libs/DaisySP/Source/Synthesis/oscillator.h ****     }
 839              		.loc 5 61 20 view .LVU248
 840              	.LBE271:
 841              	.LBE277:
  25:../libs/PoliTeKDSP/Effects/AnalogDelay/src/AnalogDelay.cpp ****     _lfo.SetFreq(0.2f);       // Imposta la frequenza dell'LFO a 0.5 Hz
ARM GAS  C:\Users\skipi\AppData\Local\Temp\cc09pqTg.s 			page 26


 842              		.loc 2 25 5 is_stmt 1 view .LVU249
 843              	.LBB278:
 844              	.LBI274:
  67:../libs/PoliTeKDSP/libs/DaisySP/Source/Synthesis/oscillator.h ****     {
 845              		.loc 5 67 17 view .LVU250
 846              	.LBB276:
  69:../libs/PoliTeKDSP/libs/DaisySP/Source/Synthesis/oscillator.h ****         phase_inc_ = CalcPhaseInc(f);
 847              		.loc 5 69 9 view .LVU251
  69:../libs/PoliTeKDSP/libs/DaisySP/Source/Synthesis/oscillator.h ****         phase_inc_ = CalcPhaseInc(f);
 848              		.loc 5 69 20 is_stmt 0 view .LVU252
 849 016a 85ED020A 		vstr.32	s0, [r5, #8]
 850              		.loc 5 70 9 is_stmt 1 view .LVU253
 851              		.loc 5 70 34 is_stmt 0 view .LVU254
 852 016e FFF7FEFF 		bl	_ZN7daisysp10Oscillator12CalcPhaseIncEf
 853              	.LVL41:
 854              		.loc 5 70 20 view .LVU255
 855 0172 85ED070A 		vstr.32	s0, [r5, #28]
 856              	.LVL42:
 857              		.loc 5 70 20 view .LVU256
 858              	.LBE276:
 859              	.LBE278:
  26:../libs/PoliTeKDSP/Effects/AnalogDelay/src/AnalogDelay.cpp ****     _lfo.SetWaveform(Oscillator::WAVE_SIN); // Imposta l'LFO come onda sinusoidale
 860              		.loc 2 26 5 is_stmt 1 view .LVU257
 861              	.LBB279:
 862              	.LBI279:
  71:../libs/PoliTeKDSP/libs/DaisySP/Source/Synthesis/oscillator.h ****     }
  72:../libs/PoliTeKDSP/libs/DaisySP/Source/Synthesis/oscillator.h **** 
  73:../libs/PoliTeKDSP/libs/DaisySP/Source/Synthesis/oscillator.h **** 
  74:../libs/PoliTeKDSP/libs/DaisySP/Source/Synthesis/oscillator.h ****     /** Sets the amplitude of the waveform.
  75:../libs/PoliTeKDSP/libs/DaisySP/Source/Synthesis/oscillator.h ****     */
  76:../libs/PoliTeKDSP/libs/DaisySP/Source/Synthesis/oscillator.h ****     inline void SetAmp(const float a) { amp_ = a; }
  77:../libs/PoliTeKDSP/libs/DaisySP/Source/Synthesis/oscillator.h ****     /** Sets the waveform to be synthesized by the Process() function.
  78:../libs/PoliTeKDSP/libs/DaisySP/Source/Synthesis/oscillator.h ****     */
  79:../libs/PoliTeKDSP/libs/DaisySP/Source/Synthesis/oscillator.h ****     inline void SetWaveform(const uint8_t wf)
 863              		.loc 5 79 17 view .LVU258
 864              	.LBB280:
  80:../libs/PoliTeKDSP/libs/DaisySP/Source/Synthesis/oscillator.h ****     {
  81:../libs/PoliTeKDSP/libs/DaisySP/Source/Synthesis/oscillator.h ****         waveform_ = wf < WAVE_LAST ? wf : WAVE_SIN;
 865              		.loc 5 81 9 view .LVU259
 866              		.loc 5 81 19 is_stmt 0 view .LVU260
 867 0176 86F8E47E 		strb	r7, [r6, #3812]
 868              	.LVL43:
 869              		.loc 5 81 19 view .LVU261
 870              	.LBE280:
 871              	.LBE279:
  27:../libs/PoliTeKDSP/Effects/AnalogDelay/src/AnalogDelay.cpp **** }
 872              		.loc 2 27 1 view .LVU262
 873 017a BDEC028B 		vldm	sp!, {d8}
 874              		.cfi_restore 80
 875              		.cfi_restore 81
 876              		.cfi_def_cfa_offset 40
 877              	.LVL44:
 878              		.loc 2 27 1 view .LVU263
 879 017e BDE8F88F 		pop	{r3, r4, r5, r6, r7, r8, r9, r10, fp, pc}
 880              	.LVL45:
 881              	.L24:
 882              		.loc 2 27 1 view .LVU264
ARM GAS  C:\Users\skipi\AppData\Local\Temp\cc09pqTg.s 			page 27


 883 0182 00BF     		.align	2
 884              	.L23:
 885 0184 00EE0200 		.word	192000
 886 0188 0000A040 		.word	1084227584
 887 018c 00004842 		.word	1112014848
 888 0190 DB0F4940 		.word	1078530011
 889 0194 0000C842 		.word	1120403456
 890 0198 CDCC4C3E 		.word	1045220557
 891              		.cfi_endproc
 892              	.LFE5072:
 894              		.section	.text._ZN11AnalogDelay11setFeedbackEf,"ax",%progbits
 895              		.align	1
 896              		.global	_ZN11AnalogDelay11setFeedbackEf
 897              		.syntax unified
 898              		.thumb
 899              		.thumb_func
 900              		.fpu fpv5-d16
 902              	_ZN11AnalogDelay11setFeedbackEf:
 903              	.LVL46:
 904              	.LFB5073:
  28:../libs/PoliTeKDSP/Effects/AnalogDelay/src/AnalogDelay.cpp **** 
  29:../libs/PoliTeKDSP/Effects/AnalogDelay/src/AnalogDelay.cpp **** // Imposta il livello di feedback con limit tra 0 e 0.99
  30:../libs/PoliTeKDSP/Effects/AnalogDelay/src/AnalogDelay.cpp **** void AnalogDelay::setFeedback(float feedback) {
 905              		.loc 2 30 47 is_stmt 1 view -0
 906              		.cfi_startproc
 907              		@ args = 0, pretend = 0, frame = 0
 908              		@ frame_needed = 0, uses_anonymous_args = 0
 909              		@ link register save eliminated.
  31:../libs/PoliTeKDSP/Effects/AnalogDelay/src/AnalogDelay.cpp ****     _feedback = fclamp(feedback, 0.0f, 0.99f); // Limita il feedback per evitare auto-oscillazioni
 910              		.loc 2 31 5 view .LVU266
 911              	.LBB281:
 912              	.LBI281:
 913              		.file 7 "../libs/PoliTeKDSP/libs/DaisySP/Source/Utility/dsp.h"
   1:../libs/PoliTeKDSP/libs/DaisySP/Source/Utility/dsp.h **** /*
   2:../libs/PoliTeKDSP/libs/DaisySP/Source/Utility/dsp.h **** Copyright (c) 2020 Electrosmith, Corp, Emilie Gillet
   3:../libs/PoliTeKDSP/libs/DaisySP/Source/Utility/dsp.h **** 
   4:../libs/PoliTeKDSP/libs/DaisySP/Source/Utility/dsp.h **** Use of this source code is governed by an MIT-style
   5:../libs/PoliTeKDSP/libs/DaisySP/Source/Utility/dsp.h **** license that can be found in the LICENSE file or at
   6:../libs/PoliTeKDSP/libs/DaisySP/Source/Utility/dsp.h **** https://opensource.org/licenses/MIT.
   7:../libs/PoliTeKDSP/libs/DaisySP/Source/Utility/dsp.h **** */
   8:../libs/PoliTeKDSP/libs/DaisySP/Source/Utility/dsp.h **** 
   9:../libs/PoliTeKDSP/libs/DaisySP/Source/Utility/dsp.h **** /** Helpful defines, functions, and other utilities for use in/with daisysp modules.
  10:../libs/PoliTeKDSP/libs/DaisySP/Source/Utility/dsp.h **** */
  11:../libs/PoliTeKDSP/libs/DaisySP/Source/Utility/dsp.h **** #pragma once
  12:../libs/PoliTeKDSP/libs/DaisySP/Source/Utility/dsp.h **** #ifndef DSY_CORE_DSP
  13:../libs/PoliTeKDSP/libs/DaisySP/Source/Utility/dsp.h **** #define DSY_CORE_DSP
  14:../libs/PoliTeKDSP/libs/DaisySP/Source/Utility/dsp.h **** #include <cassert>
  15:../libs/PoliTeKDSP/libs/DaisySP/Source/Utility/dsp.h **** #include <cstdint>
  16:../libs/PoliTeKDSP/libs/DaisySP/Source/Utility/dsp.h **** #include <random>
  17:../libs/PoliTeKDSP/libs/DaisySP/Source/Utility/dsp.h **** #include <cmath>
  18:../libs/PoliTeKDSP/libs/DaisySP/Source/Utility/dsp.h **** 
  19:../libs/PoliTeKDSP/libs/DaisySP/Source/Utility/dsp.h **** /** PIs
  20:../libs/PoliTeKDSP/libs/DaisySP/Source/Utility/dsp.h **** */
  21:../libs/PoliTeKDSP/libs/DaisySP/Source/Utility/dsp.h **** #define PI_F 3.1415927410125732421875f
  22:../libs/PoliTeKDSP/libs/DaisySP/Source/Utility/dsp.h **** #define TWOPI_F (2.0f * PI_F)
  23:../libs/PoliTeKDSP/libs/DaisySP/Source/Utility/dsp.h **** #define HALFPI_F (PI_F * 0.5f)
  24:../libs/PoliTeKDSP/libs/DaisySP/Source/Utility/dsp.h **** #define DSY_MIN(in, mn) (in < mn ? in : mn)
ARM GAS  C:\Users\skipi\AppData\Local\Temp\cc09pqTg.s 			page 28


  25:../libs/PoliTeKDSP/libs/DaisySP/Source/Utility/dsp.h **** #define DSY_MAX(in, mx) (in > mx ? in : mx)
  26:../libs/PoliTeKDSP/libs/DaisySP/Source/Utility/dsp.h **** #define DSY_CLAMP(in, mn, mx) (DSY_MIN(DSY_MAX(in, mn), mx))
  27:../libs/PoliTeKDSP/libs/DaisySP/Source/Utility/dsp.h **** #define DSY_COUNTOF(_arr) (sizeof(_arr) / sizeof(_arr[0]))
  28:../libs/PoliTeKDSP/libs/DaisySP/Source/Utility/dsp.h **** 
  29:../libs/PoliTeKDSP/libs/DaisySP/Source/Utility/dsp.h **** namespace daisysp
  30:../libs/PoliTeKDSP/libs/DaisySP/Source/Utility/dsp.h **** {
  31:../libs/PoliTeKDSP/libs/DaisySP/Source/Utility/dsp.h **** //Avoids division for random floats. e.g. rand() * kRandFrac
  32:../libs/PoliTeKDSP/libs/DaisySP/Source/Utility/dsp.h **** static constexpr float kRandFrac = 1.f / (float)RAND_MAX;
  33:../libs/PoliTeKDSP/libs/DaisySP/Source/Utility/dsp.h **** 
  34:../libs/PoliTeKDSP/libs/DaisySP/Source/Utility/dsp.h **** //Convert from semitones to other units. e.g. 2 ^ (kOneTwelfth * x)
  35:../libs/PoliTeKDSP/libs/DaisySP/Source/Utility/dsp.h **** static constexpr float kOneTwelfth = 1.f / 12.f;
  36:../libs/PoliTeKDSP/libs/DaisySP/Source/Utility/dsp.h **** 
  37:../libs/PoliTeKDSP/libs/DaisySP/Source/Utility/dsp.h **** /** efficient floating point min/max
  38:../libs/PoliTeKDSP/libs/DaisySP/Source/Utility/dsp.h **** c/o stephen mccaul
  39:../libs/PoliTeKDSP/libs/DaisySP/Source/Utility/dsp.h **** */
  40:../libs/PoliTeKDSP/libs/DaisySP/Source/Utility/dsp.h **** inline float fmax(float a, float b)
  41:../libs/PoliTeKDSP/libs/DaisySP/Source/Utility/dsp.h **** {
  42:../libs/PoliTeKDSP/libs/DaisySP/Source/Utility/dsp.h ****     float r;
  43:../libs/PoliTeKDSP/libs/DaisySP/Source/Utility/dsp.h **** #ifdef __arm__
  44:../libs/PoliTeKDSP/libs/DaisySP/Source/Utility/dsp.h ****     asm("vmaxnm.f32 %[d], %[n], %[m]" : [d] "=t"(r) : [n] "t"(a), [m] "t"(b) :);
  45:../libs/PoliTeKDSP/libs/DaisySP/Source/Utility/dsp.h **** #else
  46:../libs/PoliTeKDSP/libs/DaisySP/Source/Utility/dsp.h ****     r = (a > b) ? a : b;
  47:../libs/PoliTeKDSP/libs/DaisySP/Source/Utility/dsp.h **** #endif // __arm__
  48:../libs/PoliTeKDSP/libs/DaisySP/Source/Utility/dsp.h ****     return r;
  49:../libs/PoliTeKDSP/libs/DaisySP/Source/Utility/dsp.h **** }
  50:../libs/PoliTeKDSP/libs/DaisySP/Source/Utility/dsp.h **** 
  51:../libs/PoliTeKDSP/libs/DaisySP/Source/Utility/dsp.h **** inline float fmin(float a, float b)
  52:../libs/PoliTeKDSP/libs/DaisySP/Source/Utility/dsp.h **** {
  53:../libs/PoliTeKDSP/libs/DaisySP/Source/Utility/dsp.h ****     float r;
  54:../libs/PoliTeKDSP/libs/DaisySP/Source/Utility/dsp.h **** #ifdef __arm__
  55:../libs/PoliTeKDSP/libs/DaisySP/Source/Utility/dsp.h ****     asm("vminnm.f32 %[d], %[n], %[m]" : [d] "=t"(r) : [n] "t"(a), [m] "t"(b) :);
  56:../libs/PoliTeKDSP/libs/DaisySP/Source/Utility/dsp.h **** #else
  57:../libs/PoliTeKDSP/libs/DaisySP/Source/Utility/dsp.h ****     r = (a < b) ? a : b;
  58:../libs/PoliTeKDSP/libs/DaisySP/Source/Utility/dsp.h **** #endif // __arm__
  59:../libs/PoliTeKDSP/libs/DaisySP/Source/Utility/dsp.h ****     return r;
  60:../libs/PoliTeKDSP/libs/DaisySP/Source/Utility/dsp.h **** }
  61:../libs/PoliTeKDSP/libs/DaisySP/Source/Utility/dsp.h **** 
  62:../libs/PoliTeKDSP/libs/DaisySP/Source/Utility/dsp.h **** /** quick fp clamp
  63:../libs/PoliTeKDSP/libs/DaisySP/Source/Utility/dsp.h **** */
  64:../libs/PoliTeKDSP/libs/DaisySP/Source/Utility/dsp.h **** inline float fclamp(float in, float min, float max)
 914              		.loc 7 64 14 view .LVU267
 915              	.LBE281:
  65:../libs/PoliTeKDSP/libs/DaisySP/Source/Utility/dsp.h **** {
  66:../libs/PoliTeKDSP/libs/DaisySP/Source/Utility/dsp.h ****     return fmin(fmax(in, min), max);
 916              		.loc 7 66 5 view .LVU268
 917              	.LBB286:
 918              	.LBB282:
 919              	.LBI282:
  40:../libs/PoliTeKDSP/libs/DaisySP/Source/Utility/dsp.h **** {
 920              		.loc 7 40 14 view .LVU269
 921              	.LBB283:
  42:../libs/PoliTeKDSP/libs/DaisySP/Source/Utility/dsp.h **** #ifdef __arm__
 922              		.loc 7 42 5 view .LVU270
  44:../libs/PoliTeKDSP/libs/DaisySP/Source/Utility/dsp.h **** #else
 923              		.loc 7 44 5 view .LVU271
 924 0000 DFED057A 		vldr.32	s15, .L26
 925              		.syntax unified
ARM GAS  C:\Users\skipi\AppData\Local\Temp\cc09pqTg.s 			page 29


 926              	@ 44 "../libs/PoliTeKDSP/libs/DaisySP/Source/Utility/dsp.h" 1
 927 0004 80FE270A 		vmaxnm.f32 s0, s0, s15
 928              	@ 0 "" 2
 929              	.LVL47:
  48:../libs/PoliTeKDSP/libs/DaisySP/Source/Utility/dsp.h **** }
 930              		.loc 7 48 5 view .LVU272
  48:../libs/PoliTeKDSP/libs/DaisySP/Source/Utility/dsp.h **** }
 931              		.loc 7 48 5 is_stmt 0 view .LVU273
 932              		.thumb
 933              		.syntax unified
 934              	.LBE283:
 935              	.LBE282:
 936              	.LBB284:
 937              	.LBI284:
  51:../libs/PoliTeKDSP/libs/DaisySP/Source/Utility/dsp.h **** {
 938              		.loc 7 51 14 is_stmt 1 view .LVU274
 939              	.LBB285:
  53:../libs/PoliTeKDSP/libs/DaisySP/Source/Utility/dsp.h **** #ifdef __arm__
 940              		.loc 7 53 5 view .LVU275
  55:../libs/PoliTeKDSP/libs/DaisySP/Source/Utility/dsp.h **** #else
 941              		.loc 7 55 5 view .LVU276
 942 0008 DFED047A 		vldr.32	s15, .L26+4
 943              		.syntax unified
 944              	@ 55 "../libs/PoliTeKDSP/libs/DaisySP/Source/Utility/dsp.h" 1
 945 000c 80FE670A 		vminnm.f32 s0, s0, s15
 946              	@ 0 "" 2
 947              	.LVL48:
  59:../libs/PoliTeKDSP/libs/DaisySP/Source/Utility/dsp.h **** }
 948              		.loc 7 59 5 view .LVU277
  59:../libs/PoliTeKDSP/libs/DaisySP/Source/Utility/dsp.h **** }
 949              		.loc 7 59 5 is_stmt 0 view .LVU278
 950              		.thumb
 951              		.syntax unified
 952              	.LBE285:
 953              	.LBE284:
 954              	.LBE286:
 955              		.loc 2 31 15 view .LVU279
 956 0010 80ED020A 		vstr.32	s0, [r0, #8]
  32:../libs/PoliTeKDSP/Effects/AnalogDelay/src/AnalogDelay.cpp **** }
 957              		.loc 2 32 1 view .LVU280
 958 0014 7047     		bx	lr
 959              	.L27:
 960 0016 00BF     		.align	2
 961              	.L26:
 962 0018 00000000 		.word	0
 963 001c A4707D3F 		.word	1065185444
 964              		.cfi_endproc
 965              	.LFE5073:
 967              		.section	.text._ZN11AnalogDelay6setMixEf,"ax",%progbits
 968              		.align	1
 969              		.global	_ZN11AnalogDelay6setMixEf
 970              		.syntax unified
 971              		.thumb
 972              		.thumb_func
 973              		.fpu fpv5-d16
 975              	_ZN11AnalogDelay6setMixEf:
 976              	.LVL49:
ARM GAS  C:\Users\skipi\AppData\Local\Temp\cc09pqTg.s 			page 30


 977              	.LFB5074:
  33:../libs/PoliTeKDSP/Effects/AnalogDelay/src/AnalogDelay.cpp **** 
  34:../libs/PoliTeKDSP/Effects/AnalogDelay/src/AnalogDelay.cpp **** // Imposta il mix tra segnale dry e wet (0 = solo dry, 1 = solo wet)
  35:../libs/PoliTeKDSP/Effects/AnalogDelay/src/AnalogDelay.cpp **** void AnalogDelay::setMix(float mix) {
 978              		.loc 2 35 37 is_stmt 1 view -0
 979              		.cfi_startproc
 980              		@ args = 0, pretend = 0, frame = 0
 981              		@ frame_needed = 0, uses_anonymous_args = 0
 982              		@ link register save eliminated.
  36:../libs/PoliTeKDSP/Effects/AnalogDelay/src/AnalogDelay.cpp ****     _mix = fclamp(mix, 0.0f, 1.0f);  // Limita il mix tra 0 e 1
 983              		.loc 2 36 5 view .LVU282
 984              	.LBB287:
 985              	.LBI287:
  64:../libs/PoliTeKDSP/libs/DaisySP/Source/Utility/dsp.h **** {
 986              		.loc 7 64 14 view .LVU283
 987              	.LBE287:
 988              		.loc 7 66 5 view .LVU284
 989              	.LBB292:
 990              	.LBB288:
 991              	.LBI288:
  40:../libs/PoliTeKDSP/libs/DaisySP/Source/Utility/dsp.h **** {
 992              		.loc 7 40 14 view .LVU285
 993              	.LBB289:
  42:../libs/PoliTeKDSP/libs/DaisySP/Source/Utility/dsp.h **** #ifdef __arm__
 994              		.loc 7 42 5 view .LVU286
  44:../libs/PoliTeKDSP/libs/DaisySP/Source/Utility/dsp.h **** #else
 995              		.loc 7 44 5 view .LVU287
 996 0000 DFED077A 		vldr.32	s15, .L29
 997              		.syntax unified
 998              	@ 44 "../libs/PoliTeKDSP/libs/DaisySP/Source/Utility/dsp.h" 1
 999 0004 80FE270A 		vmaxnm.f32 s0, s0, s15
 1000              	@ 0 "" 2
 1001              	.LVL50:
  48:../libs/PoliTeKDSP/libs/DaisySP/Source/Utility/dsp.h **** }
 1002              		.loc 7 48 5 view .LVU288
  48:../libs/PoliTeKDSP/libs/DaisySP/Source/Utility/dsp.h **** }
 1003              		.loc 7 48 5 is_stmt 0 view .LVU289
 1004              		.thumb
 1005              		.syntax unified
 1006              	.LBE289:
 1007              	.LBE288:
 1008              	.LBB290:
 1009              	.LBI290:
  51:../libs/PoliTeKDSP/libs/DaisySP/Source/Utility/dsp.h **** {
 1010              		.loc 7 51 14 is_stmt 1 view .LVU290
 1011              	.LBB291:
  53:../libs/PoliTeKDSP/libs/DaisySP/Source/Utility/dsp.h **** #ifdef __arm__
 1012              		.loc 7 53 5 view .LVU291
  55:../libs/PoliTeKDSP/libs/DaisySP/Source/Utility/dsp.h **** #else
 1013              		.loc 7 55 5 view .LVU292
 1014 0008 F7EE007A 		vmov.f32	s15, #1.0e+0
 1015              		.syntax unified
 1016              	@ 55 "../libs/PoliTeKDSP/libs/DaisySP/Source/Utility/dsp.h" 1
 1017 000c 80FE670A 		vminnm.f32 s0, s0, s15
 1018              	@ 0 "" 2
 1019              	.LVL51:
  59:../libs/PoliTeKDSP/libs/DaisySP/Source/Utility/dsp.h **** }
ARM GAS  C:\Users\skipi\AppData\Local\Temp\cc09pqTg.s 			page 31


 1020              		.loc 7 59 5 view .LVU293
  59:../libs/PoliTeKDSP/libs/DaisySP/Source/Utility/dsp.h **** }
 1021              		.loc 7 59 5 is_stmt 0 view .LVU294
 1022              		.thumb
 1023              		.syntax unified
 1024              	.LBE291:
 1025              	.LBE290:
 1026              	.LBE292:
 1027              		.loc 2 36 10 view .LVU295
 1028 0010 80ED030A 		vstr.32	s0, [r0, #12]
  37:../libs/PoliTeKDSP/Effects/AnalogDelay/src/AnalogDelay.cpp ****     _crossfade.SetPos(_mix);          // Aggiorna la posizione del crossfader
 1029              		.loc 2 37 5 is_stmt 1 view .LVU296
 1030              	.LVL52:
 1031              	.LBB293:
 1032              	.LBI293:
  60:../libs/PoliTeKDSP/libs/DaisySP/Source/Dynamics/crossfade.h ****     /** processes CrossFade and returns single sample
  61:../libs/PoliTeKDSP/libs/DaisySP/Source/Dynamics/crossfade.h ****     */
  62:../libs/PoliTeKDSP/libs/DaisySP/Source/Dynamics/crossfade.h ****     float Process(float &in1, float &in2);
  63:../libs/PoliTeKDSP/libs/DaisySP/Source/Dynamics/crossfade.h **** 
  64:../libs/PoliTeKDSP/libs/DaisySP/Source/Dynamics/crossfade.h **** 
  65:../libs/PoliTeKDSP/libs/DaisySP/Source/Dynamics/crossfade.h ****     /** Sets position of CrossFade between two input signals
  66:../libs/PoliTeKDSP/libs/DaisySP/Source/Dynamics/crossfade.h ****         Input range: 0 to 1
  67:../libs/PoliTeKDSP/libs/DaisySP/Source/Dynamics/crossfade.h ****     */
  68:../libs/PoliTeKDSP/libs/DaisySP/Source/Dynamics/crossfade.h ****     inline void SetPos(float pos) { pos_ = pos; }
 1033              		.loc 4 68 17 view .LVU297
 1034              	.LBB294:
 1035              		.loc 4 68 37 view .LVU298
 1036              		.loc 4 68 42 is_stmt 0 view .LVU299
 1037 0014 00F53B30 		add	r0, r0, #191488
 1038              	.LVL53:
 1039              		.loc 4 68 42 view .LVU300
 1040 0018 80ED890A 		vstr.32	s0, [r0, #548]
 1041              	.LVL54:
 1042              		.loc 4 68 42 view .LVU301
 1043              	.LBE294:
 1044              	.LBE293:
  38:../libs/PoliTeKDSP/Effects/AnalogDelay/src/AnalogDelay.cpp **** }
 1045              		.loc 2 38 1 view .LVU302
 1046 001c 7047     		bx	lr
 1047              	.L30:
 1048 001e 00BF     		.align	2
 1049              	.L29:
 1050 0020 00000000 		.word	0
 1051              		.cfi_endproc
 1052              	.LFE5074:
 1054              		.section	.text._ZN11AnalogDelay12setDelayTimeEf,"ax",%progbits
 1055              		.align	1
 1056              		.global	_ZN11AnalogDelay12setDelayTimeEf
 1057              		.syntax unified
 1058              		.thumb
 1059              		.thumb_func
 1060              		.fpu fpv5-d16
 1062              	_ZN11AnalogDelay12setDelayTimeEf:
 1063              	.LVL55:
 1064              	.LFB5075:
  39:../libs/PoliTeKDSP/Effects/AnalogDelay/src/AnalogDelay.cpp **** 
  40:../libs/PoliTeKDSP/Effects/AnalogDelay/src/AnalogDelay.cpp **** // Imposta il tempo di delay in secondi
ARM GAS  C:\Users\skipi\AppData\Local\Temp\cc09pqTg.s 			page 32


  41:../libs/PoliTeKDSP/Effects/AnalogDelay/src/AnalogDelay.cpp **** void AnalogDelay::setDelayTime(float delayTime) {
 1065              		.loc 2 41 49 is_stmt 1 view -0
 1066              		.cfi_startproc
 1067              		@ args = 0, pretend = 0, frame = 0
 1068              		@ frame_needed = 0, uses_anonymous_args = 0
 1069              		@ link register save eliminated.
  42:../libs/PoliTeKDSP/Effects/AnalogDelay/src/AnalogDelay.cpp ****     _delayTime = fclamp(delayTime, 0.02f, (float)MAX_DELAY_TIME); // Limita il tempo di delay
 1070              		.loc 2 42 5 view .LVU304
 1071              	.LBB295:
 1072              	.LBI295:
  64:../libs/PoliTeKDSP/libs/DaisySP/Source/Utility/dsp.h **** {
 1073              		.loc 7 64 14 view .LVU305
 1074              	.LBE295:
 1075              		.loc 7 66 5 view .LVU306
 1076              	.LBB300:
 1077              	.LBB296:
 1078              	.LBI296:
  40:../libs/PoliTeKDSP/libs/DaisySP/Source/Utility/dsp.h **** {
 1079              		.loc 7 40 14 view .LVU307
 1080              	.LBB297:
  42:../libs/PoliTeKDSP/libs/DaisySP/Source/Utility/dsp.h **** #ifdef __arm__
 1081              		.loc 7 42 5 view .LVU308
  44:../libs/PoliTeKDSP/libs/DaisySP/Source/Utility/dsp.h **** #else
 1082              		.loc 7 44 5 view .LVU309
 1083 0000 DFED057A 		vldr.32	s15, .L32
 1084              		.syntax unified
 1085              	@ 44 "../libs/PoliTeKDSP/libs/DaisySP/Source/Utility/dsp.h" 1
 1086 0004 80FE270A 		vmaxnm.f32 s0, s0, s15
 1087              	@ 0 "" 2
 1088              	.LVL56:
  48:../libs/PoliTeKDSP/libs/DaisySP/Source/Utility/dsp.h **** }
 1089              		.loc 7 48 5 view .LVU310
  48:../libs/PoliTeKDSP/libs/DaisySP/Source/Utility/dsp.h **** }
 1090              		.loc 7 48 5 is_stmt 0 view .LVU311
 1091              		.thumb
 1092              		.syntax unified
 1093              	.LBE297:
 1094              	.LBE296:
 1095              	.LBB298:
 1096              	.LBI298:
  51:../libs/PoliTeKDSP/libs/DaisySP/Source/Utility/dsp.h **** {
 1097              		.loc 7 51 14 is_stmt 1 view .LVU312
 1098              	.LBB299:
  53:../libs/PoliTeKDSP/libs/DaisySP/Source/Utility/dsp.h **** #ifdef __arm__
 1099              		.loc 7 53 5 view .LVU313
  55:../libs/PoliTeKDSP/libs/DaisySP/Source/Utility/dsp.h **** #else
 1100              		.loc 7 55 5 view .LVU314
 1101 0008 F7EE007A 		vmov.f32	s15, #1.0e+0
 1102              		.syntax unified
 1103              	@ 55 "../libs/PoliTeKDSP/libs/DaisySP/Source/Utility/dsp.h" 1
 1104 000c 80FE670A 		vminnm.f32 s0, s0, s15
 1105              	@ 0 "" 2
 1106              	.LVL57:
  59:../libs/PoliTeKDSP/libs/DaisySP/Source/Utility/dsp.h **** }
 1107              		.loc 7 59 5 view .LVU315
  59:../libs/PoliTeKDSP/libs/DaisySP/Source/Utility/dsp.h **** }
 1108              		.loc 7 59 5 is_stmt 0 view .LVU316
ARM GAS  C:\Users\skipi\AppData\Local\Temp\cc09pqTg.s 			page 33


 1109              		.thumb
 1110              		.syntax unified
 1111              	.LBE299:
 1112              	.LBE298:
 1113              	.LBE300:
 1114              		.loc 2 42 16 view .LVU317
 1115 0010 80ED010A 		vstr.32	s0, [r0, #4]
  43:../libs/PoliTeKDSP/Effects/AnalogDelay/src/AnalogDelay.cpp **** }
 1116              		.loc 2 43 1 view .LVU318
 1117 0014 7047     		bx	lr
 1118              	.L33:
 1119 0016 00BF     		.align	2
 1120              	.L32:
 1121 0018 0AD7A33C 		.word	1017370378
 1122              		.cfi_endproc
 1123              	.LFE5075:
 1125              		.section	.text._ZN11AnalogDelay8setDepthEf,"ax",%progbits
 1126              		.align	1
 1127              		.global	_ZN11AnalogDelay8setDepthEf
 1128              		.syntax unified
 1129              		.thumb
 1130              		.thumb_func
 1131              		.fpu fpv5-d16
 1133              	_ZN11AnalogDelay8setDepthEf:
 1134              	.LVL58:
 1135              	.LFB5076:
  44:../libs/PoliTeKDSP/Effects/AnalogDelay/src/AnalogDelay.cpp **** 
  45:../libs/PoliTeKDSP/Effects/AnalogDelay/src/AnalogDelay.cpp **** // Imposta la profondità del pitch shifter
  46:../libs/PoliTeKDSP/Effects/AnalogDelay/src/AnalogDelay.cpp **** void AnalogDelay::setDepth(float depth) {
 1136              		.loc 2 46 41 is_stmt 1 view -0
 1137              		.cfi_startproc
 1138              		@ args = 0, pretend = 0, frame = 0
 1139              		@ frame_needed = 0, uses_anonymous_args = 0
 1140              		@ link register save eliminated.
  47:../libs/PoliTeKDSP/Effects/AnalogDelay/src/AnalogDelay.cpp ****     _depth = fclamp(depth, 0.0f, 1.0f); // Limita la profondità tra 0 e 1
 1141              		.loc 2 47 5 view .LVU320
 1142              	.LBB301:
 1143              	.LBI301:
  64:../libs/PoliTeKDSP/libs/DaisySP/Source/Utility/dsp.h **** {
 1144              		.loc 7 64 14 view .LVU321
 1145              	.LBE301:
 1146              		.loc 7 66 5 view .LVU322
 1147              	.LBB306:
 1148              	.LBB302:
 1149              	.LBI302:
  40:../libs/PoliTeKDSP/libs/DaisySP/Source/Utility/dsp.h **** {
 1150              		.loc 7 40 14 view .LVU323
 1151              	.LBB303:
  42:../libs/PoliTeKDSP/libs/DaisySP/Source/Utility/dsp.h **** #ifdef __arm__
 1152              		.loc 7 42 5 view .LVU324
  44:../libs/PoliTeKDSP/libs/DaisySP/Source/Utility/dsp.h **** #else
 1153              		.loc 7 44 5 view .LVU325
 1154 0000 DFED057A 		vldr.32	s15, .L35
 1155              		.syntax unified
 1156              	@ 44 "../libs/PoliTeKDSP/libs/DaisySP/Source/Utility/dsp.h" 1
 1157 0004 80FE270A 		vmaxnm.f32 s0, s0, s15
 1158              	@ 0 "" 2
ARM GAS  C:\Users\skipi\AppData\Local\Temp\cc09pqTg.s 			page 34


 1159              	.LVL59:
  48:../libs/PoliTeKDSP/libs/DaisySP/Source/Utility/dsp.h **** }
 1160              		.loc 7 48 5 view .LVU326
  48:../libs/PoliTeKDSP/libs/DaisySP/Source/Utility/dsp.h **** }
 1161              		.loc 7 48 5 is_stmt 0 view .LVU327
 1162              		.thumb
 1163              		.syntax unified
 1164              	.LBE303:
 1165              	.LBE302:
 1166              	.LBB304:
 1167              	.LBI304:
  51:../libs/PoliTeKDSP/libs/DaisySP/Source/Utility/dsp.h **** {
 1168              		.loc 7 51 14 is_stmt 1 view .LVU328
 1169              	.LBB305:
  53:../libs/PoliTeKDSP/libs/DaisySP/Source/Utility/dsp.h **** #ifdef __arm__
 1170              		.loc 7 53 5 view .LVU329
  55:../libs/PoliTeKDSP/libs/DaisySP/Source/Utility/dsp.h **** #else
 1171              		.loc 7 55 5 view .LVU330
 1172 0008 F7EE007A 		vmov.f32	s15, #1.0e+0
 1173              		.syntax unified
 1174              	@ 55 "../libs/PoliTeKDSP/libs/DaisySP/Source/Utility/dsp.h" 1
 1175 000c 80FE670A 		vminnm.f32 s0, s0, s15
 1176              	@ 0 "" 2
 1177              	.LVL60:
  59:../libs/PoliTeKDSP/libs/DaisySP/Source/Utility/dsp.h **** }
 1178              		.loc 7 59 5 view .LVU331
  59:../libs/PoliTeKDSP/libs/DaisySP/Source/Utility/dsp.h **** }
 1179              		.loc 7 59 5 is_stmt 0 view .LVU332
 1180              		.thumb
 1181              		.syntax unified
 1182              	.LBE305:
 1183              	.LBE304:
 1184              	.LBE306:
 1185              		.loc 2 47 12 view .LVU333
 1186 0010 80ED040A 		vstr.32	s0, [r0, #16]
  48:../libs/PoliTeKDSP/Effects/AnalogDelay/src/AnalogDelay.cpp **** }
 1187              		.loc 2 48 1 view .LVU334
 1188 0014 7047     		bx	lr
 1189              	.L36:
 1190 0016 00BF     		.align	2
 1191              	.L35:
 1192 0018 00000000 		.word	0
 1193              		.cfi_endproc
 1194              	.LFE5076:
 1196              		.section	.text._ZN11AnalogDelay15setSmoothFactorEf,"ax",%progbits
 1197              		.align	1
 1198              		.global	_ZN11AnalogDelay15setSmoothFactorEf
 1199              		.syntax unified
 1200              		.thumb
 1201              		.thumb_func
 1202              		.fpu fpv5-d16
 1204              	_ZN11AnalogDelay15setSmoothFactorEf:
 1205              	.LVL61:
 1206              	.LFB5077:
  49:../libs/PoliTeKDSP/Effects/AnalogDelay/src/AnalogDelay.cpp **** 
  50:../libs/PoliTeKDSP/Effects/AnalogDelay/src/AnalogDelay.cpp **** // Imposta il fattore di smoothing per il tempo di delay
  51:../libs/PoliTeKDSP/Effects/AnalogDelay/src/AnalogDelay.cpp **** void AnalogDelay::setSmoothFactor(float smooth_factor) {
ARM GAS  C:\Users\skipi\AppData\Local\Temp\cc09pqTg.s 			page 35


 1207              		.loc 2 51 56 is_stmt 1 view -0
 1208              		.cfi_startproc
 1209              		@ args = 0, pretend = 0, frame = 0
 1210              		@ frame_needed = 0, uses_anonymous_args = 0
 1211              		@ link register save eliminated.
  52:../libs/PoliTeKDSP/Effects/AnalogDelay/src/AnalogDelay.cpp ****     _smooth_factor = fmap(smooth_factor, 0.00001f, 0.0001f, Mapping::LINEAR); // Limita il fattore 
 1212              		.loc 2 52 5 view .LVU336
 1213              	.LBB307:
 1214              	.LBI307:
  67:../libs/PoliTeKDSP/libs/DaisySP/Source/Utility/dsp.h **** }
  68:../libs/PoliTeKDSP/libs/DaisySP/Source/Utility/dsp.h **** 
  69:../libs/PoliTeKDSP/libs/DaisySP/Source/Utility/dsp.h **** /** From Musicdsp.org "Fast power and root estimates for 32bit floats)
  70:../libs/PoliTeKDSP/libs/DaisySP/Source/Utility/dsp.h **** Original code by Stefan Stenzel
  71:../libs/PoliTeKDSP/libs/DaisySP/Source/Utility/dsp.h **** These are approximations
  72:../libs/PoliTeKDSP/libs/DaisySP/Source/Utility/dsp.h **** */
  73:../libs/PoliTeKDSP/libs/DaisySP/Source/Utility/dsp.h **** inline float fastpower(float f, int n)
  74:../libs/PoliTeKDSP/libs/DaisySP/Source/Utility/dsp.h **** {
  75:../libs/PoliTeKDSP/libs/DaisySP/Source/Utility/dsp.h ****     long *lp, l;
  76:../libs/PoliTeKDSP/libs/DaisySP/Source/Utility/dsp.h ****     lp = (long *)(&f);
  77:../libs/PoliTeKDSP/libs/DaisySP/Source/Utility/dsp.h ****     l  = *lp;
  78:../libs/PoliTeKDSP/libs/DaisySP/Source/Utility/dsp.h ****     l -= 0x3F800000;
  79:../libs/PoliTeKDSP/libs/DaisySP/Source/Utility/dsp.h ****     l <<= (n - 1);
  80:../libs/PoliTeKDSP/libs/DaisySP/Source/Utility/dsp.h ****     l += 0x3F800000;
  81:../libs/PoliTeKDSP/libs/DaisySP/Source/Utility/dsp.h ****     *lp = l;
  82:../libs/PoliTeKDSP/libs/DaisySP/Source/Utility/dsp.h ****     return f;
  83:../libs/PoliTeKDSP/libs/DaisySP/Source/Utility/dsp.h **** }
  84:../libs/PoliTeKDSP/libs/DaisySP/Source/Utility/dsp.h **** 
  85:../libs/PoliTeKDSP/libs/DaisySP/Source/Utility/dsp.h **** inline float fastroot(float f, int n)
  86:../libs/PoliTeKDSP/libs/DaisySP/Source/Utility/dsp.h **** {
  87:../libs/PoliTeKDSP/libs/DaisySP/Source/Utility/dsp.h ****     long *lp, l;
  88:../libs/PoliTeKDSP/libs/DaisySP/Source/Utility/dsp.h ****     lp = (long *)(&f);
  89:../libs/PoliTeKDSP/libs/DaisySP/Source/Utility/dsp.h ****     l  = *lp;
  90:../libs/PoliTeKDSP/libs/DaisySP/Source/Utility/dsp.h ****     l -= 0x3F800000;
  91:../libs/PoliTeKDSP/libs/DaisySP/Source/Utility/dsp.h ****     l >>= (n - 1);
  92:../libs/PoliTeKDSP/libs/DaisySP/Source/Utility/dsp.h ****     l += 0x3F800000;
  93:../libs/PoliTeKDSP/libs/DaisySP/Source/Utility/dsp.h ****     *lp = l;
  94:../libs/PoliTeKDSP/libs/DaisySP/Source/Utility/dsp.h ****     return f;
  95:../libs/PoliTeKDSP/libs/DaisySP/Source/Utility/dsp.h **** }
  96:../libs/PoliTeKDSP/libs/DaisySP/Source/Utility/dsp.h **** 
  97:../libs/PoliTeKDSP/libs/DaisySP/Source/Utility/dsp.h **** /** Significantly more efficient than fmodf(x, 1.0f) for calculating
  98:../libs/PoliTeKDSP/libs/DaisySP/Source/Utility/dsp.h ****  *  the decimal part of a floating point value.
  99:../libs/PoliTeKDSP/libs/DaisySP/Source/Utility/dsp.h ****  */
 100:../libs/PoliTeKDSP/libs/DaisySP/Source/Utility/dsp.h **** inline float fastmod1f(float x)
 101:../libs/PoliTeKDSP/libs/DaisySP/Source/Utility/dsp.h **** {
 102:../libs/PoliTeKDSP/libs/DaisySP/Source/Utility/dsp.h ****     return x - floorf(x);
 103:../libs/PoliTeKDSP/libs/DaisySP/Source/Utility/dsp.h **** }
 104:../libs/PoliTeKDSP/libs/DaisySP/Source/Utility/dsp.h **** 
 105:../libs/PoliTeKDSP/libs/DaisySP/Source/Utility/dsp.h **** /** From http://openaudio.blogspot.com/2017/02/faster-log10-and-pow.html
 106:../libs/PoliTeKDSP/libs/DaisySP/Source/Utility/dsp.h **** No approximation, pow10f(x) gives a 90% speed increase over powf(10.f, x)
 107:../libs/PoliTeKDSP/libs/DaisySP/Source/Utility/dsp.h **** */
 108:../libs/PoliTeKDSP/libs/DaisySP/Source/Utility/dsp.h **** inline float pow10f(float f)
 109:../libs/PoliTeKDSP/libs/DaisySP/Source/Utility/dsp.h **** {
 110:../libs/PoliTeKDSP/libs/DaisySP/Source/Utility/dsp.h ****     return expf(2.302585092994046f * f);
 111:../libs/PoliTeKDSP/libs/DaisySP/Source/Utility/dsp.h **** }
 112:../libs/PoliTeKDSP/libs/DaisySP/Source/Utility/dsp.h **** 
 113:../libs/PoliTeKDSP/libs/DaisySP/Source/Utility/dsp.h **** /* Original code for fastlog2f by Dr. Paul Beckmann from the ARM community forum, adapted from the 
 114:../libs/PoliTeKDSP/libs/DaisySP/Source/Utility/dsp.h **** About 25% performance increase over std::log10f
ARM GAS  C:\Users\skipi\AppData\Local\Temp\cc09pqTg.s 			page 36


 115:../libs/PoliTeKDSP/libs/DaisySP/Source/Utility/dsp.h **** */
 116:../libs/PoliTeKDSP/libs/DaisySP/Source/Utility/dsp.h **** inline float fastlog2f(float f)
 117:../libs/PoliTeKDSP/libs/DaisySP/Source/Utility/dsp.h **** {
 118:../libs/PoliTeKDSP/libs/DaisySP/Source/Utility/dsp.h ****     float frac;
 119:../libs/PoliTeKDSP/libs/DaisySP/Source/Utility/dsp.h ****     int   exp;
 120:../libs/PoliTeKDSP/libs/DaisySP/Source/Utility/dsp.h ****     frac = frexpf(fabsf(f), &exp);
 121:../libs/PoliTeKDSP/libs/DaisySP/Source/Utility/dsp.h ****     f    = 1.23149591368684f;
 122:../libs/PoliTeKDSP/libs/DaisySP/Source/Utility/dsp.h ****     f *= frac;
 123:../libs/PoliTeKDSP/libs/DaisySP/Source/Utility/dsp.h ****     f += -4.11852516267426f;
 124:../libs/PoliTeKDSP/libs/DaisySP/Source/Utility/dsp.h ****     f *= frac;
 125:../libs/PoliTeKDSP/libs/DaisySP/Source/Utility/dsp.h ****     f += 6.02197014179219f;
 126:../libs/PoliTeKDSP/libs/DaisySP/Source/Utility/dsp.h ****     f *= frac;
 127:../libs/PoliTeKDSP/libs/DaisySP/Source/Utility/dsp.h ****     f += -3.13396450166353f;
 128:../libs/PoliTeKDSP/libs/DaisySP/Source/Utility/dsp.h ****     f += exp;
 129:../libs/PoliTeKDSP/libs/DaisySP/Source/Utility/dsp.h ****     return (f);
 130:../libs/PoliTeKDSP/libs/DaisySP/Source/Utility/dsp.h **** }
 131:../libs/PoliTeKDSP/libs/DaisySP/Source/Utility/dsp.h **** 
 132:../libs/PoliTeKDSP/libs/DaisySP/Source/Utility/dsp.h **** inline float fastlog10f(float f)
 133:../libs/PoliTeKDSP/libs/DaisySP/Source/Utility/dsp.h **** {
 134:../libs/PoliTeKDSP/libs/DaisySP/Source/Utility/dsp.h ****     return fastlog2f(f) * 0.3010299956639812f;
 135:../libs/PoliTeKDSP/libs/DaisySP/Source/Utility/dsp.h **** }
 136:../libs/PoliTeKDSP/libs/DaisySP/Source/Utility/dsp.h **** 
 137:../libs/PoliTeKDSP/libs/DaisySP/Source/Utility/dsp.h **** /** Midi to frequency helper
 138:../libs/PoliTeKDSP/libs/DaisySP/Source/Utility/dsp.h **** */
 139:../libs/PoliTeKDSP/libs/DaisySP/Source/Utility/dsp.h **** inline float mtof(float m)
 140:../libs/PoliTeKDSP/libs/DaisySP/Source/Utility/dsp.h **** {
 141:../libs/PoliTeKDSP/libs/DaisySP/Source/Utility/dsp.h ****     return powf(2, (m - 69.0f) / 12.0f) * 440.0f;
 142:../libs/PoliTeKDSP/libs/DaisySP/Source/Utility/dsp.h **** }
 143:../libs/PoliTeKDSP/libs/DaisySP/Source/Utility/dsp.h **** 
 144:../libs/PoliTeKDSP/libs/DaisySP/Source/Utility/dsp.h **** 
 145:../libs/PoliTeKDSP/libs/DaisySP/Source/Utility/dsp.h **** /** one pole lpf
 146:../libs/PoliTeKDSP/libs/DaisySP/Source/Utility/dsp.h **** out is passed by reference, and must be retained between
 147:../libs/PoliTeKDSP/libs/DaisySP/Source/Utility/dsp.h **** calls to properly filter the signal
 148:../libs/PoliTeKDSP/libs/DaisySP/Source/Utility/dsp.h **** coeff can be calculated:
 149:../libs/PoliTeKDSP/libs/DaisySP/Source/Utility/dsp.h **** coeff = 1.0 / (time * sample_rate) ; where time is in seconds
 150:../libs/PoliTeKDSP/libs/DaisySP/Source/Utility/dsp.h **** */
 151:../libs/PoliTeKDSP/libs/DaisySP/Source/Utility/dsp.h **** inline void fonepole(float &out, float in, float coeff)
 152:../libs/PoliTeKDSP/libs/DaisySP/Source/Utility/dsp.h **** {
 153:../libs/PoliTeKDSP/libs/DaisySP/Source/Utility/dsp.h ****     out += coeff * (in - out);
 154:../libs/PoliTeKDSP/libs/DaisySP/Source/Utility/dsp.h **** }
 155:../libs/PoliTeKDSP/libs/DaisySP/Source/Utility/dsp.h **** 
 156:../libs/PoliTeKDSP/libs/DaisySP/Source/Utility/dsp.h **** /** Curves to use with the fmap function */
 157:../libs/PoliTeKDSP/libs/DaisySP/Source/Utility/dsp.h **** enum class Mapping
 158:../libs/PoliTeKDSP/libs/DaisySP/Source/Utility/dsp.h **** {
 159:../libs/PoliTeKDSP/libs/DaisySP/Source/Utility/dsp.h ****     LINEAR,
 160:../libs/PoliTeKDSP/libs/DaisySP/Source/Utility/dsp.h ****     EXP,
 161:../libs/PoliTeKDSP/libs/DaisySP/Source/Utility/dsp.h ****     LOG,
 162:../libs/PoliTeKDSP/libs/DaisySP/Source/Utility/dsp.h **** };
 163:../libs/PoliTeKDSP/libs/DaisySP/Source/Utility/dsp.h **** 
 164:../libs/PoliTeKDSP/libs/DaisySP/Source/Utility/dsp.h **** /** Maps a float between a specified range, using a specified curve.
 165:../libs/PoliTeKDSP/libs/DaisySP/Source/Utility/dsp.h ****  *
 166:../libs/PoliTeKDSP/libs/DaisySP/Source/Utility/dsp.h ****  *  \param in a value between 0 to 1 that will be mapped to the new range.
 167:../libs/PoliTeKDSP/libs/DaisySP/Source/Utility/dsp.h ****  *  \param min the new minimum value
 168:../libs/PoliTeKDSP/libs/DaisySP/Source/Utility/dsp.h ****  *  \param max the new maxmimum value
 169:../libs/PoliTeKDSP/libs/DaisySP/Source/Utility/dsp.h ****  *  \param curve a Mapping Value to adjust the response curve of the transformation
 170:../libs/PoliTeKDSP/libs/DaisySP/Source/Utility/dsp.h ****  *               defaults to Linear. @see Mapping
 171:../libs/PoliTeKDSP/libs/DaisySP/Source/Utility/dsp.h ****  *
ARM GAS  C:\Users\skipi\AppData\Local\Temp\cc09pqTg.s 			page 37


 172:../libs/PoliTeKDSP/libs/DaisySP/Source/Utility/dsp.h ****  *  When using the log curve min and max, must be greater than zero.
 173:../libs/PoliTeKDSP/libs/DaisySP/Source/Utility/dsp.h ****  *
 174:../libs/PoliTeKDSP/libs/DaisySP/Source/Utility/dsp.h ****  *  \retval returns the transformed float within the new range.
 175:../libs/PoliTeKDSP/libs/DaisySP/Source/Utility/dsp.h **** */
 176:../libs/PoliTeKDSP/libs/DaisySP/Source/Utility/dsp.h **** inline float
 177:../libs/PoliTeKDSP/libs/DaisySP/Source/Utility/dsp.h **** fmap(float in, float min, float max, Mapping curve = Mapping::LINEAR)
 1215              		.loc 7 177 1 view .LVU337
 1216              	.LBE307:
 178:../libs/PoliTeKDSP/libs/DaisySP/Source/Utility/dsp.h **** {
 179:../libs/PoliTeKDSP/libs/DaisySP/Source/Utility/dsp.h ****     switch(curve)
 1217              		.loc 7 179 5 view .LVU338
 1218              	.LBB316:
 1219              	.LBB308:
 180:../libs/PoliTeKDSP/libs/DaisySP/Source/Utility/dsp.h ****     {
 181:../libs/PoliTeKDSP/libs/DaisySP/Source/Utility/dsp.h ****         case Mapping::EXP:
 182:../libs/PoliTeKDSP/libs/DaisySP/Source/Utility/dsp.h ****             return fclamp(min + (in * in) * (max - min), min, max);
 183:../libs/PoliTeKDSP/libs/DaisySP/Source/Utility/dsp.h ****         case Mapping::LOG:
 184:../libs/PoliTeKDSP/libs/DaisySP/Source/Utility/dsp.h ****         {
 185:../libs/PoliTeKDSP/libs/DaisySP/Source/Utility/dsp.h ****             const float a = 1.f / log10f(max / min);
 186:../libs/PoliTeKDSP/libs/DaisySP/Source/Utility/dsp.h ****             return fclamp(min * powf(10, in / a), min, max);
 187:../libs/PoliTeKDSP/libs/DaisySP/Source/Utility/dsp.h ****         }
 188:../libs/PoliTeKDSP/libs/DaisySP/Source/Utility/dsp.h ****         case Mapping::LINEAR:
 1220              		.loc 7 188 9 view .LVU339
 189:../libs/PoliTeKDSP/libs/DaisySP/Source/Utility/dsp.h ****         default: return fclamp(min + in * (max - min), min, max);
 1221              		.loc 7 189 9 view .LVU340
 1222              		.loc 7 189 18 view .LVU341
 1223              		.loc 7 189 31 is_stmt 0 view .LVU342
 1224 0000 9FED087A 		vldr.32	s14, .L38
 1225 0004 DFED086A 		vldr.32	s13, .L38+4
 1226 0008 F0EE477A 		vmov.f32	s15, s14
 1227 000c E0EE267A 		vfma.f32	s15, s0, s13
 1228              	.LVL62:
 1229              	.LBB309:
 1230              	.LBI309:
  64:../libs/PoliTeKDSP/libs/DaisySP/Source/Utility/dsp.h **** {
 1231              		.loc 7 64 14 is_stmt 1 view .LVU343
 1232              	.LBE309:
 1233              	.LBE308:
 1234              	.LBE316:
  66:../libs/PoliTeKDSP/libs/DaisySP/Source/Utility/dsp.h **** }
 1235              		.loc 7 66 5 view .LVU344
 1236              	.LBB317:
 1237              	.LBB315:
 1238              	.LBB314:
 1239              	.LBB310:
 1240              	.LBI310:
  40:../libs/PoliTeKDSP/libs/DaisySP/Source/Utility/dsp.h **** {
 1241              		.loc 7 40 14 view .LVU345
 1242              	.LBB311:
  42:../libs/PoliTeKDSP/libs/DaisySP/Source/Utility/dsp.h **** #ifdef __arm__
 1243              		.loc 7 42 5 view .LVU346
  44:../libs/PoliTeKDSP/libs/DaisySP/Source/Utility/dsp.h **** #else
 1244              		.loc 7 44 5 view .LVU347
 1245              		.syntax unified
 1246              	@ 44 "../libs/PoliTeKDSP/libs/DaisySP/Source/Utility/dsp.h" 1
 1247 0010 C7FE877A 		vmaxnm.f32 s15, s15, s14
 1248              	@ 0 "" 2
ARM GAS  C:\Users\skipi\AppData\Local\Temp\cc09pqTg.s 			page 38


 1249              	.LVL63:
  48:../libs/PoliTeKDSP/libs/DaisySP/Source/Utility/dsp.h **** }
 1250              		.loc 7 48 5 view .LVU348
  48:../libs/PoliTeKDSP/libs/DaisySP/Source/Utility/dsp.h **** }
 1251              		.loc 7 48 5 is_stmt 0 view .LVU349
 1252              		.thumb
 1253              		.syntax unified
 1254              	.LBE311:
 1255              	.LBE310:
 1256              	.LBB312:
 1257              	.LBI312:
  51:../libs/PoliTeKDSP/libs/DaisySP/Source/Utility/dsp.h **** {
 1258              		.loc 7 51 14 is_stmt 1 view .LVU350
 1259              	.LBB313:
  53:../libs/PoliTeKDSP/libs/DaisySP/Source/Utility/dsp.h **** #ifdef __arm__
 1260              		.loc 7 53 5 view .LVU351
  55:../libs/PoliTeKDSP/libs/DaisySP/Source/Utility/dsp.h **** #else
 1261              		.loc 7 55 5 view .LVU352
 1262 0014 9FED057A 		vldr.32	s14, .L38+8
 1263              	.LVL64:
  55:../libs/PoliTeKDSP/libs/DaisySP/Source/Utility/dsp.h **** #else
 1264              		.loc 7 55 5 is_stmt 0 view .LVU353
 1265              		.syntax unified
 1266              	@ 55 "../libs/PoliTeKDSP/libs/DaisySP/Source/Utility/dsp.h" 1
 1267 0018 C7FEC77A 		vminnm.f32 s15, s15, s14
 1268              	@ 0 "" 2
 1269              	.LVL65:
  59:../libs/PoliTeKDSP/libs/DaisySP/Source/Utility/dsp.h **** }
 1270              		.loc 7 59 5 is_stmt 1 view .LVU354
  59:../libs/PoliTeKDSP/libs/DaisySP/Source/Utility/dsp.h **** }
 1271              		.loc 7 59 5 is_stmt 0 view .LVU355
 1272              		.thumb
 1273              		.syntax unified
 1274              	.LBE313:
 1275              	.LBE312:
 1276              	.LBE314:
 1277              	.LBE315:
 1278              	.LBE317:
 1279              		.loc 2 52 20 view .LVU356
 1280 001c C0ED057A 		vstr.32	s15, [r0, #20]
  53:../libs/PoliTeKDSP/Effects/AnalogDelay/src/AnalogDelay.cpp **** }
 1281              		.loc 2 53 1 view .LVU357
 1282 0020 7047     		bx	lr
 1283              	.L39:
 1284 0022 00BF     		.align	2
 1285              	.L38:
 1286 0024 ACC52737 		.word	925353388
 1287 0028 62BEBC38 		.word	951893602
 1288 002c 17B7D138 		.word	953267991
 1289              		.cfi_endproc
 1290              	.LFE5077:
 1292              		.section	.text._ZN7daisysp9DelayLineIfLj16384EE8SetDelayEf,"axG",%progbits,_ZN7daisysp9DelayLineIf
 1293              		.align	1
 1294              		.weak	_ZN7daisysp9DelayLineIfLj16384EE8SetDelayEf
 1295              		.syntax unified
 1296              		.thumb
 1297              		.thumb_func
ARM GAS  C:\Users\skipi\AppData\Local\Temp\cc09pqTg.s 			page 39


 1298              		.fpu fpv5-d16
 1300              	_ZN7daisysp9DelayLineIfLj16384EE8SetDelayEf:
 1301              	.LVL66:
 1302              	.LFB5357:
  46:../libs/PoliTeKDSP/libs/DaisySP/Source/Utility/delayline.h ****     }
  47:../libs/PoliTeKDSP/libs/DaisySP/Source/Utility/delayline.h **** 
  48:../libs/PoliTeKDSP/libs/DaisySP/Source/Utility/delayline.h ****     /** sets the delay time in samples
  49:../libs/PoliTeKDSP/libs/DaisySP/Source/Utility/delayline.h ****         If a float is passed in, a fractional component will be calculated for interpolating the de
  50:../libs/PoliTeKDSP/libs/DaisySP/Source/Utility/delayline.h ****     */
  51:../libs/PoliTeKDSP/libs/DaisySP/Source/Utility/delayline.h ****     inline void SetDelay(size_t delay)
  52:../libs/PoliTeKDSP/libs/DaisySP/Source/Utility/delayline.h ****     {
  53:../libs/PoliTeKDSP/libs/DaisySP/Source/Utility/delayline.h ****         frac_  = 0.0f;
  54:../libs/PoliTeKDSP/libs/DaisySP/Source/Utility/delayline.h ****         delay_ = delay < max_size ? delay : max_size - 1;
  55:../libs/PoliTeKDSP/libs/DaisySP/Source/Utility/delayline.h ****     }
  56:../libs/PoliTeKDSP/libs/DaisySP/Source/Utility/delayline.h **** 
  57:../libs/PoliTeKDSP/libs/DaisySP/Source/Utility/delayline.h ****     /** sets the delay time in samples
  58:../libs/PoliTeKDSP/libs/DaisySP/Source/Utility/delayline.h ****         If a float is passed in, a fractional component will be calculated for interpolating the de
  59:../libs/PoliTeKDSP/libs/DaisySP/Source/Utility/delayline.h ****     */
  60:../libs/PoliTeKDSP/libs/DaisySP/Source/Utility/delayline.h ****     inline void SetDelay(float delay)
 1303              		.loc 3 60 17 is_stmt 1 view -0
 1304              		.cfi_startproc
 1305              		@ args = 0, pretend = 0, frame = 0
 1306              		@ frame_needed = 0, uses_anonymous_args = 0
 1307              		@ link register save eliminated.
  61:../libs/PoliTeKDSP/libs/DaisySP/Source/Utility/delayline.h ****     {
  62:../libs/PoliTeKDSP/libs/DaisySP/Source/Utility/delayline.h ****         int32_t int_delay = static_cast<int32_t>(delay);
 1308              		.loc 3 62 17 is_stmt 0 view .LVU359
 1309 0000 FDEEC07A 		vcvt.s32.f32	s15, s0
 1310              	.LVL67:
  63:../libs/PoliTeKDSP/libs/DaisySP/Source/Utility/delayline.h ****         frac_             = delay - static_cast<float>(int_delay);
  64:../libs/PoliTeKDSP/libs/DaisySP/Source/Utility/delayline.h ****         delay_ = static_cast<size_t>(int_delay) < max_size ? int_delay
 1311              		.loc 3 64 16 view .LVU360
 1312 0004 43F6FF73 		movw	r3, #16383
  63:../libs/PoliTeKDSP/libs/DaisySP/Source/Utility/delayline.h ****         frac_             = delay - static_cast<float>(int_delay);
 1313              		.loc 3 63 37 view .LVU361
 1314 0008 B8EEE77A 		vcvt.f32.s32	s14, s15
 1315              		.loc 3 64 16 view .LVU362
 1316 000c 17EE902A 		vmov	r2, s15	@ int
 1317 0010 9A42     		cmp	r2, r3
 1318 0012 94BF     		ite	ls
 1319 0014 8260     		strls	r2, [r0, #8]
 1320 0016 8360     		strhi	r3, [r0, #8]
  63:../libs/PoliTeKDSP/libs/DaisySP/Source/Utility/delayline.h ****         frac_             = delay - static_cast<float>(int_delay);
 1321              		.loc 3 63 35 view .LVU363
 1322 0018 30EE470A 		vsub.f32	s0, s0, s14
 1323              	.LVL68:
  63:../libs/PoliTeKDSP/libs/DaisySP/Source/Utility/delayline.h ****         frac_             = delay - static_cast<float>(int_delay);
 1324              		.loc 3 63 27 view .LVU364
 1325 001c 80ED000A 		vstr.32	s0, [r0]
  65:../libs/PoliTeKDSP/libs/DaisySP/Source/Utility/delayline.h ****                                                            : max_size - 1;
  66:../libs/PoliTeKDSP/libs/DaisySP/Source/Utility/delayline.h ****     }
 1326              		.loc 3 66 5 view .LVU365
 1327 0020 7047     		bx	lr
 1328              		.cfi_endproc
 1329              	.LFE5357:
 1331              		.section	.text._ZNK7daisysp9DelayLineIfLj16384EE4ReadEv,"axG",%progbits,_ZNK7daisysp9DelayLineIfLj
 1332              		.align	1
ARM GAS  C:\Users\skipi\AppData\Local\Temp\cc09pqTg.s 			page 40


 1333              		.weak	_ZNK7daisysp9DelayLineIfLj16384EE4ReadEv
 1334              		.syntax unified
 1335              		.thumb
 1336              		.thumb_func
 1337              		.fpu fpv5-d16
 1339              	_ZNK7daisysp9DelayLineIfLj16384EE4ReadEv:
 1340              	.LVL69:
 1341              	.LFB5358:
  67:../libs/PoliTeKDSP/libs/DaisySP/Source/Utility/delayline.h **** 
  68:../libs/PoliTeKDSP/libs/DaisySP/Source/Utility/delayline.h ****     /** writes the sample of type T to the delay line, and advances the write ptr
  69:../libs/PoliTeKDSP/libs/DaisySP/Source/Utility/delayline.h ****     */
  70:../libs/PoliTeKDSP/libs/DaisySP/Source/Utility/delayline.h ****     inline void Write(const T sample)
  71:../libs/PoliTeKDSP/libs/DaisySP/Source/Utility/delayline.h ****     {
  72:../libs/PoliTeKDSP/libs/DaisySP/Source/Utility/delayline.h ****         line_[write_ptr_] = sample;
  73:../libs/PoliTeKDSP/libs/DaisySP/Source/Utility/delayline.h ****         write_ptr_        = (write_ptr_ - 1 + max_size) % max_size;
  74:../libs/PoliTeKDSP/libs/DaisySP/Source/Utility/delayline.h ****     }
  75:../libs/PoliTeKDSP/libs/DaisySP/Source/Utility/delayline.h **** 
  76:../libs/PoliTeKDSP/libs/DaisySP/Source/Utility/delayline.h ****     /** returns the next sample of type T in the delay line, interpolated if necessary.
  77:../libs/PoliTeKDSP/libs/DaisySP/Source/Utility/delayline.h ****     */
  78:../libs/PoliTeKDSP/libs/DaisySP/Source/Utility/delayline.h ****     inline const T Read() const
 1342              		.loc 3 78 20 is_stmt 1 view -0
 1343              		.cfi_startproc
 1344              		@ args = 0, pretend = 0, frame = 0
 1345              		@ frame_needed = 0, uses_anonymous_args = 0
 1346              		@ link register save eliminated.
  79:../libs/PoliTeKDSP/libs/DaisySP/Source/Utility/delayline.h ****     {
  80:../libs/PoliTeKDSP/libs/DaisySP/Source/Utility/delayline.h ****         T a = line_[(write_ptr_ + delay_) % max_size];
 1347              		.loc 3 80 33 is_stmt 0 view .LVU367
 1348 0000 D0E90132 		ldrd	r3, r2, [r0, #4]
  81:../libs/PoliTeKDSP/libs/DaisySP/Source/Utility/delayline.h ****         T b = line_[(write_ptr_ + delay_ + 1) % max_size];
  82:../libs/PoliTeKDSP/libs/DaisySP/Source/Utility/delayline.h ****         return a + (b - a) * frac_;
 1349              		.loc 3 82 30 view .LVU368
 1350 0004 90ED007A 		vldr.32	s14, [r0]
  80:../libs/PoliTeKDSP/libs/DaisySP/Source/Utility/delayline.h ****         T b = line_[(write_ptr_ + delay_ + 1) % max_size];
 1351              		.loc 3 80 33 view .LVU369
 1352 0008 1344     		add	r3, r3, r2
  80:../libs/PoliTeKDSP/libs/DaisySP/Source/Utility/delayline.h ****         T b = line_[(write_ptr_ + delay_ + 1) % max_size];
 1353              		.loc 3 80 43 view .LVU370
 1354 000a C3F30D02 		ubfx	r2, r3, #0, #14
  81:../libs/PoliTeKDSP/libs/DaisySP/Source/Utility/delayline.h ****         T b = line_[(write_ptr_ + delay_ + 1) % max_size];
 1355              		.loc 3 81 42 view .LVU371
 1356 000e 0133     		adds	r3, r3, #1
  81:../libs/PoliTeKDSP/libs/DaisySP/Source/Utility/delayline.h ****         T b = line_[(write_ptr_ + delay_ + 1) % max_size];
 1357              		.loc 3 81 47 view .LVU372
 1358 0010 C3F30D03 		ubfx	r3, r3, #0, #14
  80:../libs/PoliTeKDSP/libs/DaisySP/Source/Utility/delayline.h ****         T b = line_[(write_ptr_ + delay_ + 1) % max_size];
 1359              		.loc 3 80 11 view .LVU373
 1360 0014 00EB8202 		add	r2, r0, r2, lsl #2
  81:../libs/PoliTeKDSP/libs/DaisySP/Source/Utility/delayline.h ****         T b = line_[(write_ptr_ + delay_ + 1) % max_size];
 1361              		.loc 3 81 11 view .LVU374
 1362 0018 00EB8303 		add	r3, r0, r3, lsl #2
  80:../libs/PoliTeKDSP/libs/DaisySP/Source/Utility/delayline.h ****         T b = line_[(write_ptr_ + delay_ + 1) % max_size];
 1363              		.loc 3 80 11 view .LVU375
 1364 001c 92ED030A 		vldr.32	s0, [r2, #12]
 1365              	.LVL70:
 1366              		.loc 3 82 23 view .LVU376
 1367 0020 D3ED037A 		vldr.32	s15, [r3, #12]
ARM GAS  C:\Users\skipi\AppData\Local\Temp\cc09pqTg.s 			page 41


 1368 0024 77EEC07A 		vsub.f32	s15, s15, s0
  83:../libs/PoliTeKDSP/libs/DaisySP/Source/Utility/delayline.h ****     }
 1369              		.loc 3 83 5 view .LVU377
 1370 0028 A7EE870A 		vfma.f32	s0, s15, s14
 1371              	.LVL71:
 1372              		.loc 3 83 5 view .LVU378
 1373 002c 7047     		bx	lr
 1374              		.cfi_endproc
 1375              	.LFE5358:
 1377              		.section	.text._ZN7daisysp12PitchShifter7ProcessERf,"axG",%progbits,_ZN7daisysp12PitchShifter7Proc
 1378              		.align	1
 1379              		.weak	_ZN7daisysp12PitchShifter7ProcessERf
 1380              		.syntax unified
 1381              		.thumb
 1382              		.thumb_func
 1383              		.fpu fpv5-d16
 1385              	_ZN7daisysp12PitchShifter7ProcessERf:
 1386              	.LVL72:
 1387              	.LFB4579:
  91:../libs/PoliTeKDSP/libs/DaisySP/Source/Effects/pitchshifter.h ****     {
 1388              		.loc 1 91 11 is_stmt 1 view -0
 1389              		.cfi_startproc
 1390              		@ args = 0, pretend = 0, frame = 0
 1391              		@ frame_needed = 0, uses_anonymous_args = 0
  93:../libs/PoliTeKDSP/libs/DaisySP/Source/Effects/pitchshifter.h ****         // First Process delay mod/crossfade
 1392              		.loc 1 93 9 view .LVU380
  95:../libs/PoliTeKDSP/libs/DaisySP/Source/Effects/pitchshifter.h ****         fade2 = phs_[1].Process();
 1393              		.loc 1 95 9 view .LVU381
  91:../libs/PoliTeKDSP/libs/DaisySP/Source/Effects/pitchshifter.h ****     {
 1394              		.loc 1 91 11 is_stmt 0 view .LVU382
 1395 0000 F8B5     		push	{r3, r4, r5, r6, r7, lr}
 1396              		.cfi_def_cfa_offset 24
 1397              		.cfi_offset 3, -24
 1398              		.cfi_offset 4, -20
 1399              		.cfi_offset 5, -16
 1400              		.cfi_offset 6, -12
 1401              		.cfi_offset 7, -8
 1402              		.cfi_offset 14, -4
  95:../libs/PoliTeKDSP/libs/DaisySP/Source/Effects/pitchshifter.h ****         fade2 = phs_[1].Process();
 1403              		.loc 1 95 32 view .LVU383
 1404 0002 00F50034 		add	r4, r0, #131072
  91:../libs/PoliTeKDSP/libs/DaisySP/Source/Effects/pitchshifter.h ****     {
 1405              		.loc 1 91 11 view .LVU384
 1406 0006 0546     		mov	r5, r0
 1407 0008 0E46     		mov	r6, r1
  95:../libs/PoliTeKDSP/libs/DaisySP/Source/Effects/pitchshifter.h ****         fade2 = phs_[1].Process();
 1408              		.loc 1 95 32 view .LVU385
 1409 000a 04F13000 		add	r0, r4, #48
 1410              	.LVL73:
  91:../libs/PoliTeKDSP/libs/DaisySP/Source/Effects/pitchshifter.h ****     {
 1411              		.loc 1 91 11 view .LVU386
 1412 000e 2DED068B 		vpush.64	{d8, d9, d10}
 1413              		.cfi_def_cfa_offset 48
 1414              		.cfi_offset 80, -48
 1415              		.cfi_offset 81, -44
 1416              		.cfi_offset 82, -40
 1417              		.cfi_offset 83, -36
ARM GAS  C:\Users\skipi\AppData\Local\Temp\cc09pqTg.s 			page 42


 1418              		.cfi_offset 84, -32
 1419              		.cfi_offset 85, -28
  95:../libs/PoliTeKDSP/libs/DaisySP/Source/Effects/pitchshifter.h ****         fade2 = phs_[1].Process();
 1420              		.loc 1 95 32 view .LVU387
 1421 0012 FFF7FEFF 		bl	_ZN7daisysp6Phasor7ProcessEv
 1422              	.LVL74:
  96:../libs/PoliTeKDSP/libs/DaisySP/Source/Effects/pitchshifter.h ****         if(prev_phs_a_ > fade1)
 1423              		.loc 1 96 32 view .LVU388
 1424 0016 04F14000 		add	r0, r4, #64
  95:../libs/PoliTeKDSP/libs/DaisySP/Source/Effects/pitchshifter.h ****         fade2 = phs_[1].Process();
 1425              		.loc 1 95 32 view .LVU389
 1426 001a F0EE408A 		vmov.f32	s17, s0
 1427              	.LVL75:
  96:../libs/PoliTeKDSP/libs/DaisySP/Source/Effects/pitchshifter.h ****         if(prev_phs_a_ > fade1)
 1428              		.loc 1 96 9 is_stmt 1 view .LVU390
  96:../libs/PoliTeKDSP/libs/DaisySP/Source/Effects/pitchshifter.h ****         if(prev_phs_a_ > fade1)
 1429              		.loc 1 96 32 is_stmt 0 view .LVU391
 1430 001e FFF7FEFF 		bl	_ZN7daisysp6Phasor7ProcessEv
 1431              	.LVL76:
  97:../libs/PoliTeKDSP/libs/DaisySP/Source/Effects/pitchshifter.h ****         {
 1432              		.loc 1 97 9 view .LVU392
 1433 0022 D4ED1C7A 		vldr.32	s15, [r4, #112]
  96:../libs/PoliTeKDSP/libs/DaisySP/Source/Effects/pitchshifter.h ****         if(prev_phs_a_ > fade1)
 1434              		.loc 1 96 32 view .LVU393
 1435 0026 B0EE408A 		vmov.f32	s16, s0
 1436              	.LVL77:
  97:../libs/PoliTeKDSP/libs/DaisySP/Source/Effects/pitchshifter.h ****         {
 1437              		.loc 1 97 9 is_stmt 1 view .LVU394
 1438 002a F4EEE87A 		vcmpe.f32	s15, s17
 1439 002e F1EE10FA 		vmrs	APSR_nzcv, FPSCR
 1440 0032 30DD     		ble	.L43
  99:../libs/PoliTeKDSP/libs/DaisySP/Source/Effects/pitchshifter.h ****                          * (del_size_ * 0.5f);
 1441              		.loc 1 99 13 view .LVU395
  99:../libs/PoliTeKDSP/libs/DaisySP/Source/Effects/pitchshifter.h ****                          * (del_size_ * 0.5f);
 1442              		.loc 1 99 51 is_stmt 0 view .LVU396
 1443 0034 FF27     		movs	r7, #255
  99:../libs/PoliTeKDSP/libs/DaisySP/Source/Effects/pitchshifter.h ****                          * (del_size_ * 0.5f);
 1444              		.loc 1 99 26 view .LVU397
 1445 0036 D4ED199A 		vldr.32	s19, [r4, #100]
  99:../libs/PoliTeKDSP/libs/DaisySP/Source/Effects/pitchshifter.h ****                          * (del_size_ * 0.5f);
 1446              		.loc 1 99 48 view .LVU398
 1447 003a FFF7FEFF 		bl	_ZN7daisysp6myrandEv
 1448              	.LVL78:
  99:../libs/PoliTeKDSP/libs/DaisySP/Source/Effects/pitchshifter.h ****                          * (del_size_ * 0.5f);
 1449              		.loc 1 99 58 view .LVU399
 1450 003e 9FED789A 		vldr.32	s18, .L53
  99:../libs/PoliTeKDSP/libs/DaisySP/Source/Effects/pitchshifter.h ****                          * (del_size_ * 0.5f);
 1451              		.loc 1 99 51 view .LVU400
 1452 0042 B0FBF7F3 		udiv	r3, r0, r7
 1453 0046 C3EB0323 		rsb	r3, r3, r3, lsl #8
 1454 004a C01A     		subs	r0, r0, r3
  99:../libs/PoliTeKDSP/libs/DaisySP/Source/Effects/pitchshifter.h ****                          * (del_size_ * 0.5f);
 1455              		.loc 1 99 34 view .LVU401
 1456 004c 07EE900A 		vmov	s15, r0	@ int
 1457 0050 F8EEE77A 		vcvt.f32.s32	s15, s15
  99:../libs/PoliTeKDSP/libs/DaisySP/Source/Effects/pitchshifter.h ****                          * (del_size_ * 0.5f);
 1458              		.loc 1 99 58 view .LVU402
ARM GAS  C:\Users\skipi\AppData\Local\Temp\cc09pqTg.s 			page 43


 1459 0054 87EE897A 		vdiv.f32	s14, s15, s18
  99:../libs/PoliTeKDSP/libs/DaisySP/Source/Effects/pitchshifter.h ****                          * (del_size_ * 0.5f);
 1460              		.loc 1 99 31 view .LVU403
 1461 0058 67EE297A 		vmul.f32	s15, s14, s19
 100:../libs/PoliTeKDSP/libs/DaisySP/Source/Effects/pitchshifter.h ****             mod_coeff_[0]
 1462              		.loc 1 100 39 view .LVU404
 1463 005c 94ED087A 		vldr.32	s14, [r4, #32]	@ int
 1464 0060 BBEEEF7A 		vcvt.f32.u32	s14, s14, #1
 100:../libs/PoliTeKDSP/libs/DaisySP/Source/Effects/pitchshifter.h ****             mod_coeff_[0]
 1465              		.loc 1 100 26 view .LVU405
 1466 0064 67EE877A 		vmul.f32	s15, s15, s14
  99:../libs/PoliTeKDSP/libs/DaisySP/Source/Effects/pitchshifter.h ****                          * (del_size_ * 0.5f);
 1467              		.loc 1 99 24 view .LVU406
 1468 0068 C4ED1A7A 		vstr.32	s15, [r4, #104]
 101:../libs/PoliTeKDSP/libs/DaisySP/Source/Effects/pitchshifter.h ****                 = 0.0002f + (((float)(myrand() % 255) / 255.0f) * 0.001f);
 1469              		.loc 1 101 13 is_stmt 1 view .LVU407
 102:../libs/PoliTeKDSP/libs/DaisySP/Source/Effects/pitchshifter.h ****         }
 1470              		.loc 1 102 45 is_stmt 0 view .LVU408
 1471 006c FFF7FEFF 		bl	_ZN7daisysp6myrandEv
 1472              	.LVL79:
 102:../libs/PoliTeKDSP/libs/DaisySP/Source/Effects/pitchshifter.h ****         }
 1473              		.loc 1 102 27 view .LVU409
 1474 0070 9FED6C7A 		vldr.32	s14, .L53+4
 102:../libs/PoliTeKDSP/libs/DaisySP/Source/Effects/pitchshifter.h ****         }
 1475              		.loc 1 102 48 view .LVU410
 1476 0074 B0FBF7F7 		udiv	r7, r0, r7
 1477 0078 C7EB0727 		rsb	r7, r7, r7, lsl #8
 1478 007c C01B     		subs	r0, r0, r7
 102:../libs/PoliTeKDSP/libs/DaisySP/Source/Effects/pitchshifter.h ****         }
 1479              		.loc 1 102 31 view .LVU411
 1480 007e 07EE900A 		vmov	s15, r0	@ int
 1481 0082 F8EEE77A 		vcvt.f32.s32	s15, s15
 102:../libs/PoliTeKDSP/libs/DaisySP/Source/Effects/pitchshifter.h ****         }
 1482              		.loc 1 102 55 view .LVU412
 1483 0086 C7EE896A 		vdiv.f32	s13, s15, s18
 102:../libs/PoliTeKDSP/libs/DaisySP/Source/Effects/pitchshifter.h ****         }
 1484              		.loc 1 102 27 view .LVU413
 1485 008a DFED677A 		vldr.32	s15, .L53+8
 1486 008e E6EE877A 		vfma.f32	s15, s13, s14
 102:../libs/PoliTeKDSP/libs/DaisySP/Source/Effects/pitchshifter.h ****         }
 1487              		.loc 1 102 17 view .LVU414
 1488 0092 C4ED207A 		vstr.32	s15, [r4, #128]
 1489              	.L43:
 104:../libs/PoliTeKDSP/libs/DaisySP/Source/Effects/pitchshifter.h ****         {
 1490              		.loc 1 104 9 is_stmt 1 view .LVU415
 1491 0096 D4ED1D7A 		vldr.32	s15, [r4, #116]
 1492 009a F4EEC87A 		vcmpe.f32	s15, s16
 1493 009e F1EE10FA 		vmrs	APSR_nzcv, FPSCR
 1494 00a2 30DD     		ble	.L45
 106:../libs/PoliTeKDSP/libs/DaisySP/Source/Effects/pitchshifter.h ****                          * (del_size_ * 0.5f);
 1495              		.loc 1 106 13 view .LVU416
 106:../libs/PoliTeKDSP/libs/DaisySP/Source/Effects/pitchshifter.h ****                          * (del_size_ * 0.5f);
 1496              		.loc 1 106 51 is_stmt 0 view .LVU417
 1497 00a4 FF27     		movs	r7, #255
 106:../libs/PoliTeKDSP/libs/DaisySP/Source/Effects/pitchshifter.h ****                          * (del_size_ * 0.5f);
 1498              		.loc 1 106 26 view .LVU418
 1499 00a6 D4ED199A 		vldr.32	s19, [r4, #100]
ARM GAS  C:\Users\skipi\AppData\Local\Temp\cc09pqTg.s 			page 44


 106:../libs/PoliTeKDSP/libs/DaisySP/Source/Effects/pitchshifter.h ****                          * (del_size_ * 0.5f);
 1500              		.loc 1 106 48 view .LVU419
 1501 00aa FFF7FEFF 		bl	_ZN7daisysp6myrandEv
 1502              	.LVL80:
 106:../libs/PoliTeKDSP/libs/DaisySP/Source/Effects/pitchshifter.h ****                          * (del_size_ * 0.5f);
 1503              		.loc 1 106 58 view .LVU420
 1504 00ae 9FED5C9A 		vldr.32	s18, .L53
 106:../libs/PoliTeKDSP/libs/DaisySP/Source/Effects/pitchshifter.h ****                          * (del_size_ * 0.5f);
 1505              		.loc 1 106 51 view .LVU421
 1506 00b2 B0FBF7F3 		udiv	r3, r0, r7
 1507 00b6 C3EB0323 		rsb	r3, r3, r3, lsl #8
 1508 00ba C01A     		subs	r0, r0, r3
 106:../libs/PoliTeKDSP/libs/DaisySP/Source/Effects/pitchshifter.h ****                          * (del_size_ * 0.5f);
 1509              		.loc 1 106 34 view .LVU422
 1510 00bc 07EE900A 		vmov	s15, r0	@ int
 1511 00c0 F8EEE77A 		vcvt.f32.s32	s15, s15
 106:../libs/PoliTeKDSP/libs/DaisySP/Source/Effects/pitchshifter.h ****                          * (del_size_ * 0.5f);
 1512              		.loc 1 106 58 view .LVU423
 1513 00c4 87EE897A 		vdiv.f32	s14, s15, s18
 106:../libs/PoliTeKDSP/libs/DaisySP/Source/Effects/pitchshifter.h ****                          * (del_size_ * 0.5f);
 1514              		.loc 1 106 31 view .LVU424
 1515 00c8 67EE297A 		vmul.f32	s15, s14, s19
 107:../libs/PoliTeKDSP/libs/DaisySP/Source/Effects/pitchshifter.h ****             mod_coeff_[1]
 1516              		.loc 1 107 39 view .LVU425
 1517 00cc 94ED087A 		vldr.32	s14, [r4, #32]	@ int
 1518 00d0 BBEEEF7A 		vcvt.f32.u32	s14, s14, #1
 107:../libs/PoliTeKDSP/libs/DaisySP/Source/Effects/pitchshifter.h ****             mod_coeff_[1]
 1519              		.loc 1 107 26 view .LVU426
 1520 00d4 67EE877A 		vmul.f32	s15, s15, s14
 106:../libs/PoliTeKDSP/libs/DaisySP/Source/Effects/pitchshifter.h ****                          * (del_size_ * 0.5f);
 1521              		.loc 1 106 24 view .LVU427
 1522 00d8 C4ED1B7A 		vstr.32	s15, [r4, #108]
 108:../libs/PoliTeKDSP/libs/DaisySP/Source/Effects/pitchshifter.h ****                 = 0.0002f + (((float)(myrand() % 255) / 255.0f) * 0.001f);
 1523              		.loc 1 108 13 is_stmt 1 view .LVU428
 109:../libs/PoliTeKDSP/libs/DaisySP/Source/Effects/pitchshifter.h ****         }
 1524              		.loc 1 109 45 is_stmt 0 view .LVU429
 1525 00dc FFF7FEFF 		bl	_ZN7daisysp6myrandEv
 1526              	.LVL81:
 109:../libs/PoliTeKDSP/libs/DaisySP/Source/Effects/pitchshifter.h ****         }
 1527              		.loc 1 109 27 view .LVU430
 1528 00e0 9FED507A 		vldr.32	s14, .L53+4
 109:../libs/PoliTeKDSP/libs/DaisySP/Source/Effects/pitchshifter.h ****         }
 1529              		.loc 1 109 48 view .LVU431
 1530 00e4 B0FBF7F7 		udiv	r7, r0, r7
 1531 00e8 C7EB0727 		rsb	r7, r7, r7, lsl #8
 1532 00ec C01B     		subs	r0, r0, r7
 109:../libs/PoliTeKDSP/libs/DaisySP/Source/Effects/pitchshifter.h ****         }
 1533              		.loc 1 109 31 view .LVU432
 1534 00ee 07EE900A 		vmov	s15, r0	@ int
 1535 00f2 F8EEE77A 		vcvt.f32.s32	s15, s15
 109:../libs/PoliTeKDSP/libs/DaisySP/Source/Effects/pitchshifter.h ****         }
 1536              		.loc 1 109 55 view .LVU433
 1537 00f6 C7EE896A 		vdiv.f32	s13, s15, s18
 109:../libs/PoliTeKDSP/libs/DaisySP/Source/Effects/pitchshifter.h ****         }
 1538              		.loc 1 109 27 view .LVU434
 1539 00fa DFED4B7A 		vldr.32	s15, .L53+8
 1540 00fe E6EE877A 		vfma.f32	s15, s13, s14
ARM GAS  C:\Users\skipi\AppData\Local\Temp\cc09pqTg.s 			page 45


 109:../libs/PoliTeKDSP/libs/DaisySP/Source/Effects/pitchshifter.h ****         }
 1541              		.loc 1 109 17 view .LVU435
 1542 0102 C4ED217A 		vstr.32	s15, [r4, #132]
 1543              	.L45:
 111:../libs/PoliTeKDSP/libs/DaisySP/Source/Effects/pitchshifter.h ****         slewed_mod_[1] += mod_coeff_[1] * (mod_b_amt_ - slewed_mod_[1]);
 1544              		.loc 1 111 9 is_stmt 1 view .LVU436
 111:../libs/PoliTeKDSP/libs/DaisySP/Source/Effects/pitchshifter.h ****         slewed_mod_[1] += mod_coeff_[1] * (mod_b_amt_ - slewed_mod_[1]);
 1545              		.loc 1 111 24 is_stmt 0 view .LVU437
 1546 0106 D4ED1E7A 		vldr.32	s15, [r4, #120]
 111:../libs/PoliTeKDSP/libs/DaisySP/Source/Effects/pitchshifter.h ****         slewed_mod_[1] += mod_coeff_[1] * (mod_b_amt_ - slewed_mod_[1]);
 1547              		.loc 1 111 44 view .LVU438
 1548 010a D4ED1A9A 		vldr.32	s19, [r4, #104]
 111:../libs/PoliTeKDSP/libs/DaisySP/Source/Effects/pitchshifter.h ****         slewed_mod_[1] += mod_coeff_[1] * (mod_b_amt_ - slewed_mod_[1]);
 1549              		.loc 1 111 24 view .LVU439
 1550 010e D4ED206A 		vldr.32	s13, [r4, #128]
 111:../libs/PoliTeKDSP/libs/DaisySP/Source/Effects/pitchshifter.h ****         slewed_mod_[1] += mod_coeff_[1] * (mod_b_amt_ - slewed_mod_[1]);
 1551              		.loc 1 111 55 view .LVU440
 1552 0112 39EEE77A 		vsub.f32	s14, s19, s15
 115:../libs/PoliTeKDSP/libs/DaisySP/Source/Effects/pitchshifter.h ****         {
 1553              		.loc 1 115 9 view .LVU441
 1554 0116 94F82C30 		ldrb	r3, [r4, #44]	@ zero_extendqisi2
 113:../libs/PoliTeKDSP/libs/DaisySP/Source/Effects/pitchshifter.h ****         prev_phs_b_ = fade2;
 1555              		.loc 1 113 21 view .LVU442
 1556 011a C4ED1C8A 		vstr.32	s17, [r4, #112]
 114:../libs/PoliTeKDSP/libs/DaisySP/Source/Effects/pitchshifter.h ****         if(shift_up_)
 1557              		.loc 1 114 21 view .LVU443
 1558 011e 84ED1D8A 		vstr.32	s16, [r4, #116]
 111:../libs/PoliTeKDSP/libs/DaisySP/Source/Effects/pitchshifter.h ****         slewed_mod_[1] += mod_coeff_[1] * (mod_b_amt_ - slewed_mod_[1]);
 1559              		.loc 1 111 24 view .LVU444
 1560 0122 E6EE877A 		vfma.f32	s15, s13, s14
 112:../libs/PoliTeKDSP/libs/DaisySP/Source/Effects/pitchshifter.h ****         prev_phs_a_ = fade1;
 1561              		.loc 1 112 55 view .LVU445
 1562 0126 94ED1B7A 		vldr.32	s14, [r4, #108]
 112:../libs/PoliTeKDSP/libs/DaisySP/Source/Effects/pitchshifter.h ****         prev_phs_a_ = fade1;
 1563              		.loc 1 112 24 view .LVU446
 1564 012a D4ED216A 		vldr.32	s13, [r4, #132]
 111:../libs/PoliTeKDSP/libs/DaisySP/Source/Effects/pitchshifter.h ****         slewed_mod_[1] += mod_coeff_[1] * (mod_b_amt_ - slewed_mod_[1]);
 1565              		.loc 1 111 24 view .LVU447
 1566 012e C4ED1E7A 		vstr.32	s15, [r4, #120]
 112:../libs/PoliTeKDSP/libs/DaisySP/Source/Effects/pitchshifter.h ****         prev_phs_a_ = fade1;
 1567              		.loc 1 112 9 is_stmt 1 view .LVU448
 112:../libs/PoliTeKDSP/libs/DaisySP/Source/Effects/pitchshifter.h ****         prev_phs_a_ = fade1;
 1568              		.loc 1 112 24 is_stmt 0 view .LVU449
 1569 0132 D4ED1F7A 		vldr.32	s15, [r4, #124]
 112:../libs/PoliTeKDSP/libs/DaisySP/Source/Effects/pitchshifter.h ****         prev_phs_a_ = fade1;
 1570              		.loc 1 112 55 view .LVU450
 1571 0136 37EE677A 		vsub.f32	s14, s14, s15
 112:../libs/PoliTeKDSP/libs/DaisySP/Source/Effects/pitchshifter.h ****         prev_phs_a_ = fade1;
 1572              		.loc 1 112 24 view .LVU451
 1573 013a E6EE877A 		vfma.f32	s15, s13, s14
 1574 013e C4ED1F7A 		vstr.32	s15, [r4, #124]
 113:../libs/PoliTeKDSP/libs/DaisySP/Source/Effects/pitchshifter.h ****         prev_phs_b_ = fade2;
 1575              		.loc 1 113 9 is_stmt 1 view .LVU452
 114:../libs/PoliTeKDSP/libs/DaisySP/Source/Effects/pitchshifter.h ****         if(shift_up_)
 1576              		.loc 1 114 9 view .LVU453
 115:../libs/PoliTeKDSP/libs/DaisySP/Source/Effects/pitchshifter.h ****         {
 1577              		.loc 1 115 9 view .LVU454
ARM GAS  C:\Users\skipi\AppData\Local\Temp\cc09pqTg.s 			page 46


 1578 0142 2BB1     		cbz	r3, .L47
 117:../libs/PoliTeKDSP/libs/DaisySP/Source/Effects/pitchshifter.h ****             fade2 = 1.0f - fade2;
 1579              		.loc 1 117 13 view .LVU455
 117:../libs/PoliTeKDSP/libs/DaisySP/Source/Effects/pitchshifter.h ****             fade2 = 1.0f - fade2;
 1580              		.loc 1 117 19 is_stmt 0 view .LVU456
 1581 0144 F7EE007A 		vmov.f32	s15, #1.0e+0
 1582 0148 77EEE88A 		vsub.f32	s17, s15, s17
 1583              	.LVL82:
 118:../libs/PoliTeKDSP/libs/DaisySP/Source/Effects/pitchshifter.h ****         }
 1584              		.loc 1 118 13 is_stmt 1 view .LVU457
 118:../libs/PoliTeKDSP/libs/DaisySP/Source/Effects/pitchshifter.h ****         }
 1585              		.loc 1 118 19 is_stmt 0 view .LVU458
 1586 014c 37EEC88A 		vsub.f32	s16, s15, s16
 1587              	.LVL83:
 1588              	.L47:
 120:../libs/PoliTeKDSP/libs/DaisySP/Source/Effects/pitchshifter.h ****         mod_[1] = fade2 * (del_size_ - 1);
 1589              		.loc 1 120 9 is_stmt 1 view .LVU459
 120:../libs/PoliTeKDSP/libs/DaisySP/Source/Effects/pitchshifter.h ****         mod_[1] = fade2 * (del_size_ - 1);
 1590              		.loc 1 120 38 is_stmt 0 view .LVU460
 1591 0150 236A     		ldr	r3, [r4, #32]
 126:../libs/PoliTeKDSP/libs/DaisySP/Source/Effects/pitchshifter.h ****         gain_[1] = sinf(fade2 * PI_F);
 1592              		.loc 1 126 24 view .LVU461
 1593 0152 9FED36AA 		vldr.32	s20, .L53+12
 120:../libs/PoliTeKDSP/libs/DaisySP/Source/Effects/pitchshifter.h ****         mod_[1] = fade2 * (del_size_ - 1);
 1594              		.loc 1 120 38 view .LVU462
 1595 0156 013B     		subs	r3, r3, #1
 126:../libs/PoliTeKDSP/libs/DaisySP/Source/Effects/pitchshifter.h ****         gain_[1] = sinf(fade2 * PI_F);
 1596              		.loc 1 126 24 view .LVU463
 1597 0158 28EE8A0A 		vmul.f32	s0, s17, s20
 120:../libs/PoliTeKDSP/libs/DaisySP/Source/Effects/pitchshifter.h ****         mod_[1] = fade2 * (del_size_ - 1);
 1598              		.loc 1 120 25 view .LVU464
 1599 015c 07EE903A 		vmov	s15, r3	@ int
 1600 0160 F8EE677A 		vcvt.f32.u32	s15, s15
 1601 0164 27EEA89A 		vmul.f32	s18, s15, s17
 121:../libs/PoliTeKDSP/libs/DaisySP/Source/Effects/pitchshifter.h **** #ifdef USE_ARM_DSP
 1602              		.loc 1 121 25 view .LVU465
 1603 0168 67EE887A 		vmul.f32	s15, s15, s16
 120:../libs/PoliTeKDSP/libs/DaisySP/Source/Effects/pitchshifter.h ****         mod_[1] = fade2 * (del_size_ - 1);
 1604              		.loc 1 120 17 view .LVU466
 1605 016c 84ED169A 		vstr.32	s18, [r4, #88]
 121:../libs/PoliTeKDSP/libs/DaisySP/Source/Effects/pitchshifter.h **** #ifdef USE_ARM_DSP
 1606              		.loc 1 121 9 is_stmt 1 view .LVU467
 121:../libs/PoliTeKDSP/libs/DaisySP/Source/Effects/pitchshifter.h **** #ifdef USE_ARM_DSP
 1607              		.loc 1 121 17 is_stmt 0 view .LVU468
 1608 0170 C4ED177A 		vstr.32	s15, [r4, #92]
 126:../libs/PoliTeKDSP/libs/DaisySP/Source/Effects/pitchshifter.h ****         gain_[1] = sinf(fade2 * PI_F);
 1609              		.loc 1 126 9 is_stmt 1 view .LVU469
 126:../libs/PoliTeKDSP/libs/DaisySP/Source/Effects/pitchshifter.h ****         gain_[1] = sinf(fade2 * PI_F);
 1610              		.loc 1 126 24 is_stmt 0 view .LVU470
 1611 0174 FFF7FEFF 		bl	sinf
 1612              	.LVL84:
 126:../libs/PoliTeKDSP/libs/DaisySP/Source/Effects/pitchshifter.h ****         gain_[1] = sinf(fade2 * PI_F);
 1613              		.loc 1 126 18 view .LVU471
 1614 0178 84ED140A 		vstr.32	s0, [r4, #80]
 127:../libs/PoliTeKDSP/libs/DaisySP/Source/Effects/pitchshifter.h **** #endif
 1615              		.loc 1 127 9 is_stmt 1 view .LVU472
 127:../libs/PoliTeKDSP/libs/DaisySP/Source/Effects/pitchshifter.h **** #endif
ARM GAS  C:\Users\skipi\AppData\Local\Temp\cc09pqTg.s 			page 47


 1616              		.loc 1 127 24 is_stmt 0 view .LVU473
 1617 017c 28EE0A0A 		vmul.f32	s0, s16, s20
 140:../libs/PoliTeKDSP/libs/DaisySP/Source/Effects/pitchshifter.h ****         val += (d_[1].Read() * gain_[1]);
 1618              		.loc 1 140 13 view .LVU474
 1619 0180 9FED2B8A 		vldr.32	s16, .L53+16
 1620              	.LVL85:
 127:../libs/PoliTeKDSP/libs/DaisySP/Source/Effects/pitchshifter.h **** #endif
 1621              		.loc 1 127 24 view .LVU475
 1622 0184 FFF7FEFF 		bl	sinf
 1623              	.LVL86:
 1624              	.LBB322:
 1625              	.LBB323:
  73:../libs/PoliTeKDSP/libs/DaisySP/Source/Utility/delayline.h ****     }
 1626              		.loc 3 73 45 view .LVU476
 1627 0188 43F6FF71 		movw	r1, #16383
  72:../libs/PoliTeKDSP/libs/DaisySP/Source/Utility/delayline.h ****         write_ptr_        = (write_ptr_ - 1 + max_size) % max_size;
 1628              		.loc 3 72 15 view .LVU477
 1629 018c 6A68     		ldr	r2, [r5, #4]
 1630              	.LBE323:
 1631              	.LBE322:
 127:../libs/PoliTeKDSP/libs/DaisySP/Source/Effects/pitchshifter.h **** #endif
 1632              		.loc 1 127 18 view .LVU478
 1633 018e 84ED150A 		vstr.32	s0, [r4, #84]
 131:../libs/PoliTeKDSP/libs/DaisySP/Source/Effects/pitchshifter.h ****         d_[1].Write(in);
 1634              		.loc 1 131 9 is_stmt 1 view .LVU479
 135:../libs/PoliTeKDSP/libs/DaisySP/Source/Effects/pitchshifter.h ****         d_[1].SetDelay(mod_[1] + mod_b_amt_);
 1635              		.loc 1 135 23 is_stmt 0 view .LVU480
 1636 0192 39EE890A 		vadd.f32	s0, s19, s18
 1637              	.LBB326:
 1638              	.LBB324:
  72:../libs/PoliTeKDSP/libs/DaisySP/Source/Utility/delayline.h ****         write_ptr_        = (write_ptr_ - 1 + max_size) % max_size;
 1639              		.loc 3 72 27 view .LVU481
 1640 0196 05EB8203 		add	r3, r5, r2, lsl #2
  73:../libs/PoliTeKDSP/libs/DaisySP/Source/Utility/delayline.h ****     }
 1641              		.loc 3 73 45 view .LVU482
 1642 019a 0A44     		add	r2, r2, r1
 1643              	.LBE324:
 1644              	.LBE326:
 131:../libs/PoliTeKDSP/libs/DaisySP/Source/Effects/pitchshifter.h ****         d_[1].Write(in);
 1645              		.loc 1 131 20 view .LVU483
 1646 019c 3068     		ldr	r0, [r6]	@ float
 1647              	.LVL87:
 1648              	.LBB327:
 1649              	.LBI322:
  70:../libs/PoliTeKDSP/libs/DaisySP/Source/Utility/delayline.h ****     {
 1650              		.loc 3 70 17 is_stmt 1 view .LVU484
 1651              	.LBB325:
  73:../libs/PoliTeKDSP/libs/DaisySP/Source/Utility/delayline.h ****     }
 1652              		.loc 3 73 57 is_stmt 0 view .LVU485
 1653 019e C2F30D02 		ubfx	r2, r2, #0, #14
  72:../libs/PoliTeKDSP/libs/DaisySP/Source/Utility/delayline.h ****         write_ptr_        = (write_ptr_ - 1 + max_size) % max_size;
 1654              		.loc 3 72 27 view .LVU486
 1655 01a2 D860     		str	r0, [r3, #12]	@ float
  73:../libs/PoliTeKDSP/libs/DaisySP/Source/Utility/delayline.h ****     }
 1656              		.loc 3 73 27 view .LVU487
 1657 01a4 6A60     		str	r2, [r5, #4]
 1658              	.LVL88:
ARM GAS  C:\Users\skipi\AppData\Local\Temp\cc09pqTg.s 			page 48


  73:../libs/PoliTeKDSP/libs/DaisySP/Source/Utility/delayline.h ****     }
 1659              		.loc 3 73 27 view .LVU488
 1660              	.LBE325:
 1661              	.LBE327:
 132:../libs/PoliTeKDSP/libs/DaisySP/Source/Effects/pitchshifter.h ****         // Modulate Delay Lines
 1662              		.loc 1 132 9 is_stmt 1 view .LVU489
 132:../libs/PoliTeKDSP/libs/DaisySP/Source/Effects/pitchshifter.h ****         // Modulate Delay Lines
 1663              		.loc 1 132 20 is_stmt 0 view .LVU490
 1664 01a6 05F58032 		add	r2, r5, #65536
 1665              	.LBB328:
 1666              	.LBB329:
  72:../libs/PoliTeKDSP/libs/DaisySP/Source/Utility/delayline.h ****         write_ptr_        = (write_ptr_ - 1 + max_size) % max_size;
 1667              		.loc 3 72 15 view .LVU491
 1668 01aa 1369     		ldr	r3, [r2, #16]
 1669              	.LBE329:
 1670              	.LBE328:
 132:../libs/PoliTeKDSP/libs/DaisySP/Source/Effects/pitchshifter.h ****         // Modulate Delay Lines
 1671              		.loc 1 132 20 view .LVU492
 1672 01ac 02F10C06 		add	r6, r2, #12
 1673              	.LVL89:
 1674              	.LBB332:
 1675              	.LBI328:
  70:../libs/PoliTeKDSP/libs/DaisySP/Source/Utility/delayline.h ****     {
 1676              		.loc 3 70 17 is_stmt 1 view .LVU493
 1677              	.LBB330:
  72:../libs/PoliTeKDSP/libs/DaisySP/Source/Utility/delayline.h ****         write_ptr_        = (write_ptr_ - 1 + max_size) % max_size;
 1678              		.loc 3 72 27 is_stmt 0 view .LVU494
 1679 01b0 02EB8307 		add	r7, r2, r3, lsl #2
  73:../libs/PoliTeKDSP/libs/DaisySP/Source/Utility/delayline.h ****     }
 1680              		.loc 3 73 45 view .LVU495
 1681 01b4 0B44     		add	r3, r3, r1
  73:../libs/PoliTeKDSP/libs/DaisySP/Source/Utility/delayline.h ****     }
 1682              		.loc 3 73 57 view .LVU496
 1683 01b6 C3F30D03 		ubfx	r3, r3, #0, #14
  72:../libs/PoliTeKDSP/libs/DaisySP/Source/Utility/delayline.h ****         write_ptr_        = (write_ptr_ - 1 + max_size) % max_size;
 1684              		.loc 3 72 27 view .LVU497
 1685 01ba B861     		str	r0, [r7, #24]	@ float
 1686              	.LBE330:
 1687              	.LBE332:
 135:../libs/PoliTeKDSP/libs/DaisySP/Source/Effects/pitchshifter.h ****         d_[1].SetDelay(mod_[1] + mod_b_amt_);
 1688              		.loc 1 135 23 view .LVU498
 1689 01bc 2846     		mov	r0, r5
 1690              	.LVL90:
 1691              	.LBB333:
 1692              	.LBB331:
  73:../libs/PoliTeKDSP/libs/DaisySP/Source/Utility/delayline.h ****     }
 1693              		.loc 3 73 27 view .LVU499
 1694 01be 1361     		str	r3, [r2, #16]
 1695              	.LVL91:
  73:../libs/PoliTeKDSP/libs/DaisySP/Source/Utility/delayline.h ****     }
 1696              		.loc 3 73 27 view .LVU500
 1697              	.LBE331:
 1698              	.LBE333:
 135:../libs/PoliTeKDSP/libs/DaisySP/Source/Effects/pitchshifter.h ****         d_[1].SetDelay(mod_[1] + mod_b_amt_);
 1699              		.loc 1 135 9 is_stmt 1 view .LVU501
 135:../libs/PoliTeKDSP/libs/DaisySP/Source/Effects/pitchshifter.h ****         d_[1].SetDelay(mod_[1] + mod_b_amt_);
 1700              		.loc 1 135 23 is_stmt 0 view .LVU502
ARM GAS  C:\Users\skipi\AppData\Local\Temp\cc09pqTg.s 			page 49


 1701 01c0 FFF7FEFF 		bl	_ZN7daisysp9DelayLineIfLj16384EE8SetDelayEf
 1702              	.LVL92:
 136:../libs/PoliTeKDSP/libs/DaisySP/Source/Effects/pitchshifter.h ****         d_[0].SetDelay(mod_[0] + slewed_mod_[0]);
 1703              		.loc 1 136 9 is_stmt 1 view .LVU503
 136:../libs/PoliTeKDSP/libs/DaisySP/Source/Effects/pitchshifter.h ****         d_[0].SetDelay(mod_[0] + slewed_mod_[0]);
 1704              		.loc 1 136 23 is_stmt 0 view .LVU504
 1705 01c4 D4ED1B7A 		vldr.32	s15, [r4, #108]
 1706 01c8 94ED170A 		vldr.32	s0, [r4, #92]
 1707 01cc 3046     		mov	r0, r6
 1708 01ce 30EE270A 		vadd.f32	s0, s0, s15
 1709 01d2 FFF7FEFF 		bl	_ZN7daisysp9DelayLineIfLj16384EE8SetDelayEf
 1710              	.LVL93:
 137:../libs/PoliTeKDSP/libs/DaisySP/Source/Effects/pitchshifter.h ****         d_[1].SetDelay(mod_[1] + slewed_mod_[1]);
 1711              		.loc 1 137 9 is_stmt 1 view .LVU505
 137:../libs/PoliTeKDSP/libs/DaisySP/Source/Effects/pitchshifter.h ****         d_[1].SetDelay(mod_[1] + slewed_mod_[1]);
 1712              		.loc 1 137 23 is_stmt 0 view .LVU506
 1713 01d6 D4ED1E7A 		vldr.32	s15, [r4, #120]
 1714 01da 94ED160A 		vldr.32	s0, [r4, #88]
 1715 01de 2846     		mov	r0, r5
 1716 01e0 30EE270A 		vadd.f32	s0, s0, s15
 1717 01e4 FFF7FEFF 		bl	_ZN7daisysp9DelayLineIfLj16384EE8SetDelayEf
 1718              	.LVL94:
 138:../libs/PoliTeKDSP/libs/DaisySP/Source/Effects/pitchshifter.h ****         val = 0.0f;
 1719              		.loc 1 138 9 is_stmt 1 view .LVU507
 138:../libs/PoliTeKDSP/libs/DaisySP/Source/Effects/pitchshifter.h ****         val = 0.0f;
 1720              		.loc 1 138 23 is_stmt 0 view .LVU508
 1721 01e8 D4ED1F7A 		vldr.32	s15, [r4, #124]
 1722 01ec 94ED170A 		vldr.32	s0, [r4, #92]
 1723 01f0 3046     		mov	r0, r6
 1724 01f2 30EE270A 		vadd.f32	s0, s0, s15
 1725 01f6 FFF7FEFF 		bl	_ZN7daisysp9DelayLineIfLj16384EE8SetDelayEf
 1726              	.LVL95:
 139:../libs/PoliTeKDSP/libs/DaisySP/Source/Effects/pitchshifter.h ****         val += (d_[0].Read() * gain_[0]);
 1727              		.loc 1 139 9 is_stmt 1 view .LVU509
 140:../libs/PoliTeKDSP/libs/DaisySP/Source/Effects/pitchshifter.h ****         val += (d_[1].Read() * gain_[1]);
 1728              		.loc 1 140 9 view .LVU510
 140:../libs/PoliTeKDSP/libs/DaisySP/Source/Effects/pitchshifter.h ****         val += (d_[1].Read() * gain_[1]);
 1729              		.loc 1 140 27 is_stmt 0 view .LVU511
 1730 01fa 2846     		mov	r0, r5
 1731 01fc FFF7FEFF 		bl	_ZNK7daisysp9DelayLineIfLj16384EE4ReadEv
 1732              	.LVL96:
 140:../libs/PoliTeKDSP/libs/DaisySP/Source/Effects/pitchshifter.h ****         val += (d_[1].Read() * gain_[1]);
 1733              		.loc 1 140 13 view .LVU512
 1734 0200 D4ED147A 		vldr.32	s15, [r4, #80]
 141:../libs/PoliTeKDSP/libs/DaisySP/Source/Effects/pitchshifter.h ****         return val;
 1735              		.loc 1 141 27 view .LVU513
 1736 0204 3046     		mov	r0, r6
 140:../libs/PoliTeKDSP/libs/DaisySP/Source/Effects/pitchshifter.h ****         val += (d_[1].Read() * gain_[1]);
 1737              		.loc 1 140 13 view .LVU514
 1738 0206 A0EE278A 		vfma.f32	s16, s0, s15
 1739              	.LVL97:
 141:../libs/PoliTeKDSP/libs/DaisySP/Source/Effects/pitchshifter.h ****         return val;
 1740              		.loc 1 141 9 is_stmt 1 view .LVU515
 141:../libs/PoliTeKDSP/libs/DaisySP/Source/Effects/pitchshifter.h ****         return val;
 1741              		.loc 1 141 27 is_stmt 0 view .LVU516
 1742 020a FFF7FEFF 		bl	_ZNK7daisysp9DelayLineIfLj16384EE4ReadEv
 1743              	.LVL98:
ARM GAS  C:\Users\skipi\AppData\Local\Temp\cc09pqTg.s 			page 50


 141:../libs/PoliTeKDSP/libs/DaisySP/Source/Effects/pitchshifter.h ****         return val;
 1744              		.loc 1 141 13 view .LVU517
 1745 020e D4ED157A 		vldr.32	s15, [r4, #84]
 1746              	.LVL99:
 142:../libs/PoliTeKDSP/libs/DaisySP/Source/Effects/pitchshifter.h ****     }
 1747              		.loc 1 142 9 is_stmt 1 view .LVU518
 143:../libs/PoliTeKDSP/libs/DaisySP/Source/Effects/pitchshifter.h **** 
 1748              		.loc 1 143 5 is_stmt 0 view .LVU519
 1749 0212 A0EE278A 		vfma.f32	s16, s0, s15
 1750              	.LVL100:
 143:../libs/PoliTeKDSP/libs/DaisySP/Source/Effects/pitchshifter.h **** 
 1751              		.loc 1 143 5 view .LVU520
 1752 0216 B0EE480A 		vmov.f32	s0, s16
 1753 021a BDEC068B 		vldm	sp!, {d8-d10}
 1754              		.cfi_restore 84
 1755              		.cfi_restore 85
 1756              		.cfi_restore 82
 1757              		.cfi_restore 83
 1758              		.cfi_restore 80
 1759              		.cfi_restore 81
 1760              		.cfi_def_cfa_offset 24
 1761              	.LVL101:
 143:../libs/PoliTeKDSP/libs/DaisySP/Source/Effects/pitchshifter.h **** 
 1762              		.loc 1 143 5 view .LVU521
 1763 021e F8BD     		pop	{r3, r4, r5, r6, r7, pc}
 1764              	.LVL102:
 1765              	.L54:
 143:../libs/PoliTeKDSP/libs/DaisySP/Source/Effects/pitchshifter.h **** 
 1766              		.loc 1 143 5 view .LVU522
 1767              		.align	2
 1768              	.L53:
 1769 0220 00007F43 		.word	1132396544
 1770 0224 6F12833A 		.word	981668463
 1771 0228 17B75139 		.word	961656599
 1772 022c DB0F4940 		.word	1078530011
 1773 0230 00000000 		.word	0
 1774              		.cfi_endproc
 1775              	.LFE4579:
 1777              		.section	.text._ZN11AnalogDelay7ProcessEf,"ax",%progbits
 1778              		.align	1
 1779              		.global	_ZN11AnalogDelay7ProcessEf
 1780              		.syntax unified
 1781              		.thumb
 1782              		.thumb_func
 1783              		.fpu fpv5-d16
 1785              	_ZN11AnalogDelay7ProcessEf:
 1786              	.LVL103:
 1787              	.LFB5078:
  54:../libs/PoliTeKDSP/Effects/AnalogDelay/src/AnalogDelay.cpp **** 
  55:../libs/PoliTeKDSP/Effects/AnalogDelay/src/AnalogDelay.cpp **** // Processa un singolo campione audio
  56:../libs/PoliTeKDSP/Effects/AnalogDelay/src/AnalogDelay.cpp **** float AnalogDelay::Process(float buffer_in) {
 1788              		.loc 2 56 45 is_stmt 1 view -0
 1789              		.cfi_startproc
 1790              		@ args = 0, pretend = 0, frame = 16
 1791              		@ frame_needed = 0, uses_anonymous_args = 0
  57:../libs/PoliTeKDSP/Effects/AnalogDelay/src/AnalogDelay.cpp ****     // Applica smoothing al tempo di delay usando fonepole
  58:../libs/PoliTeKDSP/Effects/AnalogDelay/src/AnalogDelay.cpp ****     fonepole(currentDelayTime, _delayTime, _smooth_factor);
ARM GAS  C:\Users\skipi\AppData\Local\Temp\cc09pqTg.s 			page 51


 1792              		.loc 2 58 5 view .LVU524
 1793              	.LBB342:
 1794              	.LBB343:
 153:../libs/PoliTeKDSP/libs/DaisySP/Source/Utility/dsp.h **** }
 1795              		.loc 7 153 9 is_stmt 0 view .LVU525
 1796 0000 3D4B     		ldr	r3, .L56
 1797              	.LBE343:
 1798              	.LBE342:
 1799              		.loc 2 58 13 view .LVU526
 1800 0002 90ED016A 		vldr.32	s12, [r0, #4]
 1801              	.LVL104:
 1802              	.LBB347:
 1803              	.LBI342:
 151:../libs/PoliTeKDSP/libs/DaisySP/Source/Utility/dsp.h **** {
 1804              		.loc 7 151 13 is_stmt 1 view .LVU527
 1805              	.LBB344:
 153:../libs/PoliTeKDSP/libs/DaisySP/Source/Utility/dsp.h **** }
 1806              		.loc 7 153 5 view .LVU528
 153:../libs/PoliTeKDSP/libs/DaisySP/Source/Utility/dsp.h **** }
 1807              		.loc 7 153 9 is_stmt 0 view .LVU529
 1808 0006 D3ED007A 		vldr.32	s15, [r3]
 1809 000a D0ED056A 		vldr.32	s13, [r0, #20]
 153:../libs/PoliTeKDSP/libs/DaisySP/Source/Utility/dsp.h **** }
 1810              		.loc 7 153 24 view .LVU530
 1811 000e 36EE677A 		vsub.f32	s14, s12, s15
 1812              	.LBE344:
 1813              	.LBE347:
  56:../libs/PoliTeKDSP/Effects/AnalogDelay/src/AnalogDelay.cpp ****     // Applica smoothing al tempo di delay usando fonepole
 1814              		.loc 2 56 45 view .LVU531
 1815 0012 F0B5     		push	{r4, r5, r6, r7, lr}
 1816              		.cfi_def_cfa_offset 20
 1817              		.cfi_offset 4, -20
 1818              		.cfi_offset 5, -16
 1819              		.cfi_offset 6, -12
 1820              		.cfi_offset 7, -8
 1821              		.cfi_offset 14, -4
 1822              	.LBB348:
 1823              	.LBB345:
 153:../libs/PoliTeKDSP/libs/DaisySP/Source/Utility/dsp.h **** }
 1824              		.loc 7 153 9 view .LVU532
 1825 0014 E6EE877A 		vfma.f32	s15, s13, s14
 1826              	.LBE345:
 1827              	.LBE348:
  59:../libs/PoliTeKDSP/Effects/AnalogDelay/src/AnalogDelay.cpp ****     
  60:../libs/PoliTeKDSP/Effects/AnalogDelay/src/AnalogDelay.cpp ****     // Converte il tempo di delay da secondi a campioni
  61:../libs/PoliTeKDSP/Effects/AnalogDelay/src/AnalogDelay.cpp ****     float delaySamples = _sampleRate * currentDelayTime;
 1828              		.loc 2 61 11 view .LVU533
 1829 0018 90ED007A 		vldr.32	s14, [r0]
 1830              	.LBB349:
 1831              	.LBB350:
  84:../libs/PoliTeKDSP/libs/DaisySP/Source/Utility/delayline.h **** 
  85:../libs/PoliTeKDSP/libs/DaisySP/Source/Utility/delayline.h ****     /** Read from a set location */
  86:../libs/PoliTeKDSP/libs/DaisySP/Source/Utility/delayline.h ****     inline const T Read(float delay) const
  87:../libs/PoliTeKDSP/libs/DaisySP/Source/Utility/delayline.h ****     {
  88:../libs/PoliTeKDSP/libs/DaisySP/Source/Utility/delayline.h ****         int32_t delay_integral   = static_cast<int32_t>(delay);
  89:../libs/PoliTeKDSP/libs/DaisySP/Source/Utility/delayline.h ****         float   delay_fractional = delay - static_cast<float>(delay_integral);
  90:../libs/PoliTeKDSP/libs/DaisySP/Source/Utility/delayline.h ****         const T a = line_[(write_ptr_ + delay_integral) % max_size];
ARM GAS  C:\Users\skipi\AppData\Local\Temp\cc09pqTg.s 			page 52


 1832              		.loc 3 90 57 view .LVU534
 1833 001c 4BF68035 		movw	r5, #48000
 1834              	.LBE350:
 1835              	.LBE349:
  56:../libs/PoliTeKDSP/Effects/AnalogDelay/src/AnalogDelay.cpp ****     // Applica smoothing al tempo di delay usando fonepole
 1836              		.loc 2 56 45 view .LVU535
 1837 0020 85B0     		sub	sp, sp, #20
 1838              		.cfi_def_cfa_offset 40
  62:../libs/PoliTeKDSP/Effects/AnalogDelay/src/AnalogDelay.cpp ****     
  63:../libs/PoliTeKDSP/Effects/AnalogDelay/src/AnalogDelay.cpp ****     // Legge il campione ritardato dalla linea di delay
  64:../libs/PoliTeKDSP/Effects/AnalogDelay/src/AnalogDelay.cpp ****     float delayed = _delayLine.Read(delaySamples);
  65:../libs/PoliTeKDSP/Effects/AnalogDelay/src/AnalogDelay.cpp **** 
  66:../libs/PoliTeKDSP/Effects/AnalogDelay/src/AnalogDelay.cpp ****     _lfo.SetFreq(1 - _delayTime);
 1839              		.loc 2 66 17 view .LVU536
 1840 0022 00F59D26 		add	r6, r0, #321536
  56:../libs/PoliTeKDSP/Effects/AnalogDelay/src/AnalogDelay.cpp ****     // Applica smoothing al tempo di delay usando fonepole
 1841              		.loc 2 56 45 view .LVU537
 1842 0026 0446     		mov	r4, r0
 1843 0028 8DED010A 		vstr.32	s0, [sp, #4]
 1844              		.loc 2 66 17 view .LVU538
 1845 002c B7EE000A 		vmov.f32	s0, #1.0e+0
 1846              	.LVL105:
 1847              		.loc 2 66 17 view .LVU539
 1848 0030 06F2E466 		addw	r6, r6, #1764
 1849              	.LBB355:
 1850              	.LBB346:
 153:../libs/PoliTeKDSP/libs/DaisySP/Source/Utility/dsp.h **** }
 1851              		.loc 7 153 9 view .LVU540
 1852 0034 C3ED007A 		vstr.32	s15, [r3]
 1853              	.LVL106:
 153:../libs/PoliTeKDSP/libs/DaisySP/Source/Utility/dsp.h **** }
 1854              		.loc 7 153 9 view .LVU541
 1855              	.LBE346:
 1856              	.LBE355:
  61:../libs/PoliTeKDSP/Effects/AnalogDelay/src/AnalogDelay.cpp ****     
 1857              		.loc 2 61 5 is_stmt 1 view .LVU542
  61:../libs/PoliTeKDSP/Effects/AnalogDelay/src/AnalogDelay.cpp ****     
 1858              		.loc 2 61 11 is_stmt 0 view .LVU543
 1859 0038 67EE877A 		vmul.f32	s15, s15, s14
 1860              	.LVL107:
  64:../libs/PoliTeKDSP/Effects/AnalogDelay/src/AnalogDelay.cpp **** 
 1861              		.loc 2 64 5 is_stmt 1 view .LVU544
 1862              	.LBB356:
 1863              	.LBI349:
  86:../libs/PoliTeKDSP/libs/DaisySP/Source/Utility/delayline.h ****     {
 1864              		.loc 3 86 20 view .LVU545
 1865              	.LBB351:
 1866              		.loc 3 90 39 is_stmt 0 view .LVU546
 1867 003c C369     		ldr	r3, [r0, #28]
 1868              	.LBE351:
 1869              	.LBE356:
 1870              		.loc 2 66 17 view .LVU547
 1871 003e 30EE460A 		vsub.f32	s0, s0, s12
 1872              	.LBB357:
 1873              	.LBB352:
  88:../libs/PoliTeKDSP/libs/DaisySP/Source/Utility/delayline.h ****         float   delay_fractional = delay - static_cast<float>(delay_integral);
 1874              		.loc 3 88 17 view .LVU548
ARM GAS  C:\Users\skipi\AppData\Local\Temp\cc09pqTg.s 			page 53


 1875 0042 FDEEE76A 		vcvt.s32.f32	s13, s15
 1876              	.LVL108:
 1877              		.loc 3 90 39 view .LVU549
 1878 0046 16EE902A 		vmov	r2, s13	@ int
  89:../libs/PoliTeKDSP/libs/DaisySP/Source/Utility/delayline.h ****         const T a = line_[(write_ptr_ + delay_integral) % max_size];
 1879              		.loc 3 89 44 view .LVU550
 1880 004a F8EEE66A 		vcvt.f32.s32	s13, s13
 1881              	.LVL109:
 1882              		.loc 3 90 39 view .LVU551
 1883 004e 1344     		add	r3, r3, r2
  89:../libs/PoliTeKDSP/libs/DaisySP/Source/Utility/delayline.h ****         const T a = line_[(write_ptr_ + delay_integral) % max_size];
 1884              		.loc 3 89 17 view .LVU552
 1885 0050 77EEE67A 		vsub.f32	s15, s15, s13
 1886              	.LVL110:
 1887              		.loc 3 90 57 view .LVU553
 1888 0054 B3FBF5F2 		udiv	r2, r3, r5
 1889              	.LVL111:
 1890              		.loc 3 90 57 view .LVU554
 1891 0058 05FB1232 		mls	r2, r5, r2, r3
  91:../libs/PoliTeKDSP/libs/DaisySP/Source/Utility/delayline.h ****         const T b = line_[(write_ptr_ + delay_integral + 1) % max_size];
 1892              		.loc 3 91 56 view .LVU555
 1893 005c 0133     		adds	r3, r3, #1
  90:../libs/PoliTeKDSP/libs/DaisySP/Source/Utility/delayline.h ****         const T b = line_[(write_ptr_ + delay_integral + 1) % max_size];
 1894              		.loc 3 90 17 view .LVU556
 1895 005e 00EB8202 		add	r2, r0, r2, lsl #2
 1896 0062 92ED097A 		vldr.32	s14, [r2, #36]
 1897              	.LVL112:
 1898              		.loc 3 91 61 view .LVU557
 1899 0066 B3FBF5F2 		udiv	r2, r3, r5
 1900 006a 05FB1233 		mls	r3, r5, r2, r3
 1901              		.loc 3 91 17 view .LVU558
 1902 006e 00EB8303 		add	r3, r0, r3, lsl #2
 1903              	.LBE352:
 1904              	.LBE357:
 1905              	.LBB358:
 1906              	.LBB359:
  70:../libs/PoliTeKDSP/libs/DaisySP/Source/Synthesis/oscillator.h ****     }
 1907              		.loc 5 70 34 view .LVU559
 1908 0072 3046     		mov	r0, r6
 1909              	.LVL113:
  70:../libs/PoliTeKDSP/libs/DaisySP/Source/Synthesis/oscillator.h ****     }
 1910              		.loc 5 70 34 view .LVU560
 1911              	.LBE359:
 1912              	.LBE358:
 1913              	.LBB363:
 1914              	.LBB353:
  92:../libs/PoliTeKDSP/libs/DaisySP/Source/Utility/delayline.h ****         return a + (b - a) * delay_fractional;
 1915              		.loc 3 92 23 view .LVU561
 1916 0074 D3ED096A 		vldr.32	s13, [r3, #36]
 1917              	.LBE353:
 1918              	.LBE363:
 1919              	.LBB364:
 1920              	.LBB360:
  69:../libs/PoliTeKDSP/libs/DaisySP/Source/Synthesis/oscillator.h ****         phase_inc_ = CalcPhaseInc(f);
 1921              		.loc 5 69 20 view .LVU562
 1922 0078 86ED020A 		vstr.32	s0, [r6, #8]
 1923              	.LBE360:
ARM GAS  C:\Users\skipi\AppData\Local\Temp\cc09pqTg.s 			page 54


 1924              	.LBE364:
 1925              	.LBB365:
 1926              	.LBB354:
 1927              		.loc 3 92 23 view .LVU563
 1928 007c 76EEC76A 		vsub.f32	s13, s13, s14
 1929              		.loc 3 92 30 view .LVU564
 1930 0080 A7EEA67A 		vfma.f32	s14, s15, s13
 1931              	.LVL114:
 1932              		.loc 3 92 30 view .LVU565
 1933              	.LBE354:
 1934              	.LBE365:
  64:../libs/PoliTeKDSP/Effects/AnalogDelay/src/AnalogDelay.cpp **** 
 1935              		.loc 2 64 49 view .LVU566
 1936 0084 8DED027A 		vstr.32	s14, [sp, #8]
 1937              		.loc 2 66 5 is_stmt 1 view .LVU567
 1938              	.LVL115:
 1939              	.LBB366:
 1940              	.LBI358:
  67:../libs/PoliTeKDSP/libs/DaisySP/Source/Synthesis/oscillator.h ****     {
 1941              		.loc 5 67 17 view .LVU568
 1942              	.LBB361:
  69:../libs/PoliTeKDSP/libs/DaisySP/Source/Synthesis/oscillator.h ****         phase_inc_ = CalcPhaseInc(f);
 1943              		.loc 5 69 9 view .LVU569
  70:../libs/PoliTeKDSP/libs/DaisySP/Source/Synthesis/oscillator.h ****     }
 1944              		.loc 5 70 9 view .LVU570
  70:../libs/PoliTeKDSP/libs/DaisySP/Source/Synthesis/oscillator.h ****     }
 1945              		.loc 5 70 34 is_stmt 0 view .LVU571
 1946 0088 FFF7FEFF 		bl	_ZN7daisysp10Oscillator12CalcPhaseIncEf
 1947              	.LVL116:
  70:../libs/PoliTeKDSP/libs/DaisySP/Source/Synthesis/oscillator.h ****     }
 1948              		.loc 5 70 34 view .LVU572
 1949              	.LBE361:
 1950              	.LBE366:
  67:../libs/PoliTeKDSP/Effects/AnalogDelay/src/AnalogDelay.cpp ****     float lfo = _lfo.Process() * _depth; // Processa l'LFO per il pitch shifter
 1951              		.loc 2 67 29 view .LVU573
 1952 008c 3046     		mov	r0, r6
 1953              	.LBB367:
 1954              	.LBB362:
  70:../libs/PoliTeKDSP/libs/DaisySP/Source/Synthesis/oscillator.h ****     }
 1955              		.loc 5 70 20 view .LVU574
 1956 008e 86ED070A 		vstr.32	s0, [r6, #28]
 1957              	.LVL117:
  70:../libs/PoliTeKDSP/libs/DaisySP/Source/Synthesis/oscillator.h ****     }
 1958              		.loc 5 70 20 view .LVU575
 1959              	.LBE362:
 1960              	.LBE367:
 1961              		.loc 2 67 5 is_stmt 1 view .LVU576
 1962              		.loc 2 67 29 is_stmt 0 view .LVU577
 1963 0092 FFF7FEFF 		bl	_ZN7daisysp10Oscillator7ProcessEv
 1964              	.LVL118:
  68:../libs/PoliTeKDSP/Effects/AnalogDelay/src/AnalogDelay.cpp ****     _ps.SetTransposition(lfo * 2.0f);  // Imposta la trasposizione a +- 5 semitoni
 1965              		.loc 2 68 5 is_stmt 1 view .LVU578
  67:../libs/PoliTeKDSP/Effects/AnalogDelay/src/AnalogDelay.cpp ****     float lfo = _lfo.Process() * _depth; // Processa l'LFO per il pitch shifter
 1966              		.loc 2 67 34 is_stmt 0 view .LVU579
 1967 0096 D4ED047A 		vldr.32	s15, [r4, #16]
 1968              		.loc 2 68 25 view .LVU580
 1969 009a 04F53B36 		add	r6, r4, #191488
ARM GAS  C:\Users\skipi\AppData\Local\Temp\cc09pqTg.s 			page 55


  67:../libs/PoliTeKDSP/Effects/AnalogDelay/src/AnalogDelay.cpp ****     float lfo = _lfo.Process() * _depth; // Processa l'LFO per il pitch shifter
 1970              		.loc 2 67 34 view .LVU581
 1971 009e 20EE270A 		vmul.f32	s0, s0, s15
 1972              	.LVL119:
 1973              		.loc 2 68 25 view .LVU582
 1974 00a2 06F50B70 		add	r0, r6, #556
 1975 00a6 30EE000A 		vadd.f32	s0, s0, s0
 1976              	.LVL120:
 1977              		.loc 2 68 25 view .LVU583
 1978 00aa 0090     		str	r0, [sp]
 1979 00ac FFF7FEFF 		bl	_ZN7daisysp12PitchShifter16SetTranspositionERKf.isra.0
 1980              	.LVL121:
  69:../libs/PoliTeKDSP/Effects/AnalogDelay/src/AnalogDelay.cpp ****     float delayed_shifted = _ps.Process(delayed);
 1981              		.loc 2 69 5 is_stmt 1 view .LVU584
 1982              		.loc 2 69 40 is_stmt 0 view .LVU585
 1983 00b0 02A9     		add	r1, sp, #8
 1984 00b2 0098     		ldr	r0, [sp]
 1985 00b4 FFF7FEFF 		bl	_ZN7daisysp12PitchShifter7ProcessERf
 1986              	.LVL122:
  70:../libs/PoliTeKDSP/Effects/AnalogDelay/src/AnalogDelay.cpp ****     
  71:../libs/PoliTeKDSP/Effects/AnalogDelay/src/AnalogDelay.cpp ****     // Mixa il segnale originale con quello ritardato usando il crossfade
  72:../libs/PoliTeKDSP/Effects/AnalogDelay/src/AnalogDelay.cpp ****     float buffer_out = _crossfade.Process(buffer_in, delayed_shifted);
 1987              		.loc 2 72 42 view .LVU586
 1988 00b8 03AA     		add	r2, sp, #12
 1989 00ba 01A9     		add	r1, sp, #4
 1990 00bc 06F50970 		add	r0, r6, #548
  69:../libs/PoliTeKDSP/Effects/AnalogDelay/src/AnalogDelay.cpp ****     float delayed_shifted = _ps.Process(delayed);
 1991              		.loc 2 69 48 view .LVU587
 1992 00c0 8DED030A 		vstr.32	s0, [sp, #12]
 1993              		.loc 2 72 5 is_stmt 1 view .LVU588
 1994              		.loc 2 72 42 is_stmt 0 view .LVU589
 1995 00c4 FFF7FEFF 		bl	_ZN7daisysp9CrossFade7ProcessERfS1_
 1996              	.LVL123:
  73:../libs/PoliTeKDSP/Effects/AnalogDelay/src/AnalogDelay.cpp ****     
  74:../libs/PoliTeKDSP/Effects/AnalogDelay/src/AnalogDelay.cpp ****     // Scrive nella linea di delay il nuovo campione più il feedback
  75:../libs/PoliTeKDSP/Effects/AnalogDelay/src/AnalogDelay.cpp ****     _delayLine.Write(buffer_in + delayed_shifted * _feedback);
 1997              		.loc 2 75 5 is_stmt 1 view .LVU590
 1998              		.loc 2 75 21 is_stmt 0 view .LVU591
 1999 00c8 D4ED026A 		vldr.32	s13, [r4, #8]
 2000 00cc 9DED037A 		vldr.32	s14, [sp, #12]
 2001 00d0 DDED017A 		vldr.32	s15, [sp, #4]
 2002              	.LBB368:
 2003              	.LBB369:
  72:../libs/PoliTeKDSP/libs/DaisySP/Source/Utility/delayline.h ****         write_ptr_        = (write_ptr_ - 1 + max_size) % max_size;
 2004              		.loc 3 72 15 view .LVU592
 2005 00d4 E369     		ldr	r3, [r4, #28]
 2006              	.LBE369:
 2007              	.LBE368:
 2008              		.loc 2 75 21 view .LVU593
 2009 00d6 E6EE877A 		vfma.f32	s15, s13, s14
 2010              	.LVL124:
 2011              	.LBB371:
 2012              	.LBI368:
  70:../libs/PoliTeKDSP/libs/DaisySP/Source/Utility/delayline.h ****     {
 2013              		.loc 3 70 17 is_stmt 1 view .LVU594
 2014              	.LBB370:
  72:../libs/PoliTeKDSP/libs/DaisySP/Source/Utility/delayline.h ****         write_ptr_        = (write_ptr_ - 1 + max_size) % max_size;
ARM GAS  C:\Users\skipi\AppData\Local\Temp\cc09pqTg.s 			page 56


 2015              		.loc 3 72 27 is_stmt 0 view .LVU595
 2016 00da 04EB8302 		add	r2, r4, r3, lsl #2
  73:../libs/PoliTeKDSP/libs/DaisySP/Source/Utility/delayline.h ****     }
 2017              		.loc 3 73 45 view .LVU596
 2018 00de 03F53B43 		add	r3, r3, #47872
 2019 00e2 7F33     		adds	r3, r3, #127
  72:../libs/PoliTeKDSP/libs/DaisySP/Source/Utility/delayline.h ****         write_ptr_        = (write_ptr_ - 1 + max_size) % max_size;
 2020              		.loc 3 72 27 view .LVU597
 2021 00e4 C2ED097A 		vstr.32	s15, [r2, #36]
  73:../libs/PoliTeKDSP/libs/DaisySP/Source/Utility/delayline.h ****     }
 2022              		.loc 3 73 57 view .LVU598
 2023 00e8 B3FBF5F2 		udiv	r2, r3, r5
 2024 00ec 05FB1233 		mls	r3, r5, r2, r3
  73:../libs/PoliTeKDSP/libs/DaisySP/Source/Utility/delayline.h ****     }
 2025              		.loc 3 73 27 view .LVU599
 2026 00f0 E361     		str	r3, [r4, #28]
 2027              	.LVL125:
  73:../libs/PoliTeKDSP/libs/DaisySP/Source/Utility/delayline.h ****     }
 2028              		.loc 3 73 27 view .LVU600
 2029              	.LBE370:
 2030              	.LBE371:
  76:../libs/PoliTeKDSP/Effects/AnalogDelay/src/AnalogDelay.cpp **** 
  77:../libs/PoliTeKDSP/Effects/AnalogDelay/src/AnalogDelay.cpp ****     return buffer_out; // Restituisce il campione processato
 2031              		.loc 2 77 5 is_stmt 1 view .LVU601
  78:../libs/PoliTeKDSP/Effects/AnalogDelay/src/AnalogDelay.cpp **** }
 2032              		.loc 2 78 1 is_stmt 0 view .LVU602
 2033 00f2 05B0     		add	sp, sp, #20
 2034              		.cfi_def_cfa_offset 20
 2035              		@ sp needed
 2036 00f4 F0BD     		pop	{r4, r5, r6, r7, pc}
 2037              	.LVL126:
 2038              	.L57:
 2039              		.loc 2 78 1 view .LVU603
 2040 00f6 00BF     		.align	2
 2041              	.L56:
 2042 00f8 00000000 		.word	.LANCHOR0
 2043              		.cfi_endproc
 2044              	.LFE5078:
 2046              		.weak	_ZZN7daisysp6myrandEvE4seed
 2047              		.section	.data._ZZN7daisysp6myrandEvE4seed,"awG",%progbits,_ZZN7daisysp6myrandEvE4seed,comdat
 2048              		.align	2
 2051              	_ZZN7daisysp6myrandEvE4seed:
 2052 0000 01000000 		.word	1
 2053              		.section	.bss._ZL16currentDelayTime,"aw",%nobits
 2054              		.align	2
 2055              		.set	.LANCHOR0,. + 0
 2058              	_ZL16currentDelayTime:
 2059 0000 00000000 		.space	4
 2060              		.text
 2061              	.Letext0:
 2062              		.file 8 "c:\\program files\\daisytoolchain\\arm-none-eabi\\include\\machine\\_default_types.h"
 2063              		.file 9 "c:\\program files\\daisytoolchain\\arm-none-eabi\\include\\sys\\_stdint.h"
 2064              		.file 10 "c:\\program files\\daisytoolchain\\arm-none-eabi\\include\\stdint.h"
 2065              		.file 11 "c:\\program files\\daisytoolchain\\lib\\gcc\\arm-none-eabi\\10.2.1\\include\\stddef.h"
 2066              		.file 12 "c:\\program files\\daisytoolchain\\arm-none-eabi\\include\\c++\\10.2.1\\cmath"
 2067              		.file 13 "c:\\program files\\daisytoolchain\\arm-none-eabi\\include\\c++\\10.2.1\\bits\\std_abs.h"
 2068              		.file 14 "c:\\program files\\daisytoolchain\\arm-none-eabi\\include\\c++\\10.2.1\\cstdlib"
ARM GAS  C:\Users\skipi\AppData\Local\Temp\cc09pqTg.s 			page 57


 2069              		.file 15 "c:\\program files\\daisytoolchain\\arm-none-eabi\\include\\c++\\10.2.1\\cstdint"
 2070              		.file 16 "c:\\program files\\daisytoolchain\\arm-none-eabi\\include\\c++\\10.2.1\\type_traits"
 2071              		.file 17 "c:\\program files\\daisytoolchain\\arm-none-eabi\\include\\c++\\10.2.1\\debug\\debug.h"
 2072              		.file 18 "c:\\program files\\daisytoolchain\\arm-none-eabi\\include\\c++\\10.2.1\\arm-none-eabi\\t
 2073              		.file 19 "c:\\program files\\daisytoolchain\\arm-none-eabi\\include\\c++\\10.2.1\\bits\\algorithmf
 2074              		.file 20 "c:\\program files\\daisytoolchain\\arm-none-eabi\\include\\c++\\10.2.1\\bits\\stl_pair.h
 2075              		.file 21 "c:\\program files\\daisytoolchain\\arm-none-eabi\\include\\c++\\10.2.1\\bits\\exception_
 2076              		.file 22 "c:\\program files\\daisytoolchain\\arm-none-eabi\\include\\c++\\10.2.1\\cstdarg"
 2077              		.file 23 "c:\\program files\\daisytoolchain\\arm-none-eabi\\include\\c++\\10.2.1\\cstdio"
 2078              		.file 24 "c:\\program files\\daisytoolchain\\arm-none-eabi\\include\\c++\\10.2.1\\cstring"
 2079              		.file 25 "c:\\program files\\daisytoolchain\\arm-none-eabi\\include\\c++\\10.2.1\\cstddef"
 2080              		.file 26 "c:\\program files\\daisytoolchain\\arm-none-eabi\\include\\c++\\10.2.1\\cwchar"
 2081              		.file 27 "c:\\program files\\daisytoolchain\\arm-none-eabi\\include\\c++\\10.2.1\\clocale"
 2082              		.file 28 "c:\\program files\\daisytoolchain\\arm-none-eabi\\include\\c++\\10.2.1\\bits\\basic_stri
 2083              		.file 29 "c:\\program files\\daisytoolchain\\arm-none-eabi\\include\\c++\\10.2.1\\bits\\stl_tempbu
 2084              		.file 30 "c:\\program files\\daisytoolchain\\arm-none-eabi\\include\\c++\\10.2.1\\bits\\predefined
 2085              		.file 31 "c:\\program files\\daisytoolchain\\arm-none-eabi\\include\\sys\\_types.h"
 2086              		.file 32 "c:\\program files\\daisytoolchain\\arm-none-eabi\\include\\sys\\reent.h"
 2087              		.file 33 "c:\\program files\\daisytoolchain\\arm-none-eabi\\include\\sys\\lock.h"
 2088              		.file 34 "c:\\program files\\daisytoolchain\\arm-none-eabi\\include\\math.h"
 2089              		.file 35 "c:\\program files\\daisytoolchain\\arm-none-eabi\\include\\stdlib.h"
 2090              		.file 36 "c:\\program files\\daisytoolchain\\arm-none-eabi\\include\\c++\\10.2.1\\math.h"
 2091              		.file 37 "c:\\program files\\daisytoolchain\\arm-none-eabi\\include\\c++\\10.2.1\\stdlib.h"
 2092              		.file 38 "../libs/PoliTeKDSP/libs/libDaisy/src/daisy_core.h"
 2093              		.file 39 "../libs/PoliTeKDSP/libs/libDaisy/src/dev/max11300.h"
 2094              		.file 40 "../libs/PoliTeKDSP/libs/libDaisy/src/dev/sr_595.h"
 2095              		.file 41 "../libs/PoliTeKDSP/libs/libDaisy/src/util/wav_format.h"
 2096              		.file 42 "../libs/PoliTeKDSP/libs/libDaisy/src/daisy_seed.h"
 2097              		.file 43 "c:\\program files\\daisytoolchain\\lib\\gcc\\arm-none-eabi\\10.2.1\\include\\stdarg.h"
 2098              		.file 44 "c:\\program files\\daisytoolchain\\arm-none-eabi\\include\\stdio.h"
 2099              		.file 45 "c:\\program files\\daisytoolchain\\arm-none-eabi\\include\\string.h"
 2100              		.file 46 "../libs/PoliTeKDSP/libs/libDaisy/Middlewares/Third_Party/FatFs/src/integer.h"
 2101              		.file 47 "../libs/PoliTeKDSP/libs/libDaisy/Middlewares/Third_Party/FatFs/src/ff.h"
 2102              		.file 48 "../libs/PoliTeKDSP/libs/DaisySP/Source/Control/adenv.h"
 2103              		.file 49 "c:\\program files\\daisytoolchain\\arm-none-eabi\\include\\wchar.h"
 2104              		.file 50 "c:\\program files\\daisytoolchain\\arm-none-eabi\\include\\locale.h"
 2105              		.file 51 "../libs/PoliTeKDSP/Effects/AnalogDelay/src/AnalogDelay.h"
 2106              		.file 52 "<built-in>"
ARM GAS  C:\Users\skipi\AppData\Local\Temp\cc09pqTg.s 			page 58


DEFINED SYMBOLS
                            *ABS*:00000000 AnalogDelay.cpp
C:\Users\skipi\AppData\Local\Temp\cc09pqTg.s:17     .text._ZN7daisysp12PitchShifter16SetTranspositionERKf.isra.0:00000000 $t
C:\Users\skipi\AppData\Local\Temp\cc09pqTg.s:24     .text._ZN7daisysp12PitchShifter16SetTranspositionERKf.isra.0:00000000 _ZN7daisysp12PitchShifter16SetTranspositionERKf.isra.0
C:\Users\skipi\AppData\Local\Temp\cc09pqTg.s:155    .text._ZN7daisysp12PitchShifter16SetTranspositionERKf.isra.0:000000d0 $d
C:\Users\skipi\AppData\Local\Temp\cc09pqTg.s:160    .text._ZN7daisysp6myrandEv:00000000 $t
C:\Users\skipi\AppData\Local\Temp\cc09pqTg.s:167    .text._ZN7daisysp6myrandEv:00000000 _ZN7daisysp6myrandEv
C:\Users\skipi\AppData\Local\Temp\cc09pqTg.s:208    .text._ZN7daisysp6myrandEv:00000014 $d
C:\Users\skipi\AppData\Local\Temp\cc09pqTg.s:2051   .data._ZZN7daisysp6myrandEvE4seed:00000000 _ZZN7daisysp6myrandEvE4seed
C:\Users\skipi\AppData\Local\Temp\cc09pqTg.s:213    .text._ZN11AnalogDelayC2Ev:00000000 $t
C:\Users\skipi\AppData\Local\Temp\cc09pqTg.s:220    .text._ZN11AnalogDelayC2Ev:00000000 _ZN11AnalogDelayC2Ev
C:\Users\skipi\AppData\Local\Temp\cc09pqTg.s:275    .text._ZN11AnalogDelayC2Ev:0000001c $d
C:\Users\skipi\AppData\Local\Temp\cc09pqTg.s:220    .text._ZN11AnalogDelayC2Ev:00000000 _ZN11AnalogDelayC1Ev
C:\Users\skipi\AppData\Local\Temp\cc09pqTg.s:284    .text._ZN11AnalogDelayD2Ev:00000000 $t
C:\Users\skipi\AppData\Local\Temp\cc09pqTg.s:291    .text._ZN11AnalogDelayD2Ev:00000000 _ZN11AnalogDelayD2Ev
C:\Users\skipi\AppData\Local\Temp\cc09pqTg.s:291    .text._ZN11AnalogDelayD2Ev:00000000 _ZN11AnalogDelayD1Ev
C:\Users\skipi\AppData\Local\Temp\cc09pqTg.s:327    .text._ZN11AnalogDelay4InitEf:00000000 $t
C:\Users\skipi\AppData\Local\Temp\cc09pqTg.s:334    .text._ZN11AnalogDelay4InitEf:00000000 _ZN11AnalogDelay4InitEf
C:\Users\skipi\AppData\Local\Temp\cc09pqTg.s:885    .text._ZN11AnalogDelay4InitEf:00000184 $d
C:\Users\skipi\AppData\Local\Temp\cc09pqTg.s:895    .text._ZN11AnalogDelay11setFeedbackEf:00000000 $t
C:\Users\skipi\AppData\Local\Temp\cc09pqTg.s:902    .text._ZN11AnalogDelay11setFeedbackEf:00000000 _ZN11AnalogDelay11setFeedbackEf
C:\Users\skipi\AppData\Local\Temp\cc09pqTg.s:962    .text._ZN11AnalogDelay11setFeedbackEf:00000018 $d
C:\Users\skipi\AppData\Local\Temp\cc09pqTg.s:968    .text._ZN11AnalogDelay6setMixEf:00000000 $t
C:\Users\skipi\AppData\Local\Temp\cc09pqTg.s:975    .text._ZN11AnalogDelay6setMixEf:00000000 _ZN11AnalogDelay6setMixEf
C:\Users\skipi\AppData\Local\Temp\cc09pqTg.s:1050   .text._ZN11AnalogDelay6setMixEf:00000020 $d
C:\Users\skipi\AppData\Local\Temp\cc09pqTg.s:1055   .text._ZN11AnalogDelay12setDelayTimeEf:00000000 $t
C:\Users\skipi\AppData\Local\Temp\cc09pqTg.s:1062   .text._ZN11AnalogDelay12setDelayTimeEf:00000000 _ZN11AnalogDelay12setDelayTimeEf
C:\Users\skipi\AppData\Local\Temp\cc09pqTg.s:1121   .text._ZN11AnalogDelay12setDelayTimeEf:00000018 $d
C:\Users\skipi\AppData\Local\Temp\cc09pqTg.s:1126   .text._ZN11AnalogDelay8setDepthEf:00000000 $t
C:\Users\skipi\AppData\Local\Temp\cc09pqTg.s:1133   .text._ZN11AnalogDelay8setDepthEf:00000000 _ZN11AnalogDelay8setDepthEf
C:\Users\skipi\AppData\Local\Temp\cc09pqTg.s:1192   .text._ZN11AnalogDelay8setDepthEf:00000018 $d
C:\Users\skipi\AppData\Local\Temp\cc09pqTg.s:1197   .text._ZN11AnalogDelay15setSmoothFactorEf:00000000 $t
C:\Users\skipi\AppData\Local\Temp\cc09pqTg.s:1204   .text._ZN11AnalogDelay15setSmoothFactorEf:00000000 _ZN11AnalogDelay15setSmoothFactorEf
C:\Users\skipi\AppData\Local\Temp\cc09pqTg.s:1286   .text._ZN11AnalogDelay15setSmoothFactorEf:00000024 $d
C:\Users\skipi\AppData\Local\Temp\cc09pqTg.s:1293   .text._ZN7daisysp9DelayLineIfLj16384EE8SetDelayEf:00000000 $t
C:\Users\skipi\AppData\Local\Temp\cc09pqTg.s:1300   .text._ZN7daisysp9DelayLineIfLj16384EE8SetDelayEf:00000000 _ZN7daisysp9DelayLineIfLj16384EE8SetDelayEf
C:\Users\skipi\AppData\Local\Temp\cc09pqTg.s:1332   .text._ZNK7daisysp9DelayLineIfLj16384EE4ReadEv:00000000 $t
C:\Users\skipi\AppData\Local\Temp\cc09pqTg.s:1339   .text._ZNK7daisysp9DelayLineIfLj16384EE4ReadEv:00000000 _ZNK7daisysp9DelayLineIfLj16384EE4ReadEv
C:\Users\skipi\AppData\Local\Temp\cc09pqTg.s:1378   .text._ZN7daisysp12PitchShifter7ProcessERf:00000000 $t
C:\Users\skipi\AppData\Local\Temp\cc09pqTg.s:1385   .text._ZN7daisysp12PitchShifter7ProcessERf:00000000 _ZN7daisysp12PitchShifter7ProcessERf
C:\Users\skipi\AppData\Local\Temp\cc09pqTg.s:1769   .text._ZN7daisysp12PitchShifter7ProcessERf:00000220 $d
C:\Users\skipi\AppData\Local\Temp\cc09pqTg.s:1778   .text._ZN11AnalogDelay7ProcessEf:00000000 $t
C:\Users\skipi\AppData\Local\Temp\cc09pqTg.s:1785   .text._ZN11AnalogDelay7ProcessEf:00000000 _ZN11AnalogDelay7ProcessEf
C:\Users\skipi\AppData\Local\Temp\cc09pqTg.s:2042   .text._ZN11AnalogDelay7ProcessEf:000000f8 $d
C:\Users\skipi\AppData\Local\Temp\cc09pqTg.s:2048   .data._ZZN7daisysp6myrandEvE4seed:00000000 $d
C:\Users\skipi\AppData\Local\Temp\cc09pqTg.s:2054   .bss._ZL16currentDelayTime:00000000 $d
C:\Users\skipi\AppData\Local\Temp\cc09pqTg.s:2058   .bss._ZL16currentDelayTime:00000000 _ZL16currentDelayTime

UNDEFINED SYMBOLS
_ZN7daisysp6Phasor7SetFreqEf
memset
powf
_ZN7daisysp10Oscillator12CalcPhaseIncEf
_ZN7daisysp6Phasor7ProcessEv
sinf
_ZN7daisysp10Oscillator7ProcessEv
_ZN7daisysp9CrossFade7ProcessERfS1_
ARM GAS  C:\Users\skipi\AppData\Local\Temp\cc09pqTg.s 			page 59


