ARM GAS  C:\Users\skipi\AppData\Local\Temp\cccqm0Sx.s 			page 1


   1              		.cpu cortex-m7
   2              		.eabi_attribute 28, 1
   3              		.eabi_attribute 20, 1
   4              		.eabi_attribute 21, 1
   5              		.eabi_attribute 23, 3
   6              		.eabi_attribute 24, 1
   7              		.eabi_attribute 25, 1
   8              		.eabi_attribute 26, 1
   9              		.eabi_attribute 30, 4
  10              		.eabi_attribute 34, 1
  11              		.eabi_attribute 18, 4
  12              		.file	"AudioEngine.cpp"
  13              		.text
  14              	.Ltext0:
  15              		.cfi_sections	.debug_frame
  16              		.section	.text._ZN10politekdsp10Oscillator4InitEf,"axG",%progbits,_ZN10politekdsp10Oscillator4Init
  17              		.align	1
  18              		.weak	_ZN10politekdsp10Oscillator4InitEf
  19              		.arch armv7e-m
  20              		.syntax unified
  21              		.thumb
  22              		.thumb_func
  23              		.fpu fpv5-d16
  25              	_ZN10politekdsp10Oscillator4InitEf:
  26              	.LVL0:
  27              	.LFB2811:
  28              		.file 1 "PSP/../../libs/PoliTeKDSP/Oscillators/oscillator.h"
   1:PSP/../../libs/PoliTeKDSP/Oscillators/oscillator.h **** /*
   2:PSP/../../libs/PoliTeKDSP/Oscillators/oscillator.h **** 
   3:PSP/../../libs/PoliTeKDSP/Oscillators/oscillator.h **** Use of this source code is governed by an MIT-style
   4:PSP/../../libs/PoliTeKDSP/Oscillators/oscillator.h **** license that can be found in the LICENSE file or at
   5:PSP/../../libs/PoliTeKDSP/Oscillators/oscillator.h **** https://opensource.org/licenses/MIT.
   6:PSP/../../libs/PoliTeKDSP/Oscillators/oscillator.h **** */
   7:PSP/../../libs/PoliTeKDSP/Oscillators/oscillator.h **** 
   8:PSP/../../libs/PoliTeKDSP/Oscillators/oscillator.h **** #pragma once
   9:PSP/../../libs/PoliTeKDSP/Oscillators/oscillator.h **** #include <stdint.h>
  10:PSP/../../libs/PoliTeKDSP/Oscillators/oscillator.h **** #include "Utility/dsp.h"
  11:PSP/../../libs/PoliTeKDSP/Oscillators/oscillator.h **** 
  12:PSP/../../libs/PoliTeKDSP/Oscillators/oscillator.h **** 
  13:PSP/../../libs/PoliTeKDSP/Oscillators/oscillator.h **** namespace politekdsp
  14:PSP/../../libs/PoliTeKDSP/Oscillators/oscillator.h **** {
  15:PSP/../../libs/PoliTeKDSP/Oscillators/oscillator.h **** /** Synthesis of several waveforms, including polyBLEP bandlimited waveforms. Taken form official d
  16:PSP/../../libs/PoliTeKDSP/Oscillators/oscillator.h **** */
  17:PSP/../../libs/PoliTeKDSP/Oscillators/oscillator.h **** class Oscillator
  18:PSP/../../libs/PoliTeKDSP/Oscillators/oscillator.h **** {
  19:PSP/../../libs/PoliTeKDSP/Oscillators/oscillator.h ****   public:
  20:PSP/../../libs/PoliTeKDSP/Oscillators/oscillator.h ****     Oscillator() {}
  21:PSP/../../libs/PoliTeKDSP/Oscillators/oscillator.h ****     ~Oscillator() {}
  22:PSP/../../libs/PoliTeKDSP/Oscillators/oscillator.h ****     /** Choices for output waveforms, POLYBLEP are appropriately labeled. Others are naive forms.
  23:PSP/../../libs/PoliTeKDSP/Oscillators/oscillator.h ****     */
  24:PSP/../../libs/PoliTeKDSP/Oscillators/oscillator.h ****     enum
  25:PSP/../../libs/PoliTeKDSP/Oscillators/oscillator.h ****     {
  26:PSP/../../libs/PoliTeKDSP/Oscillators/oscillator.h ****         WAVE_SIN,
  27:PSP/../../libs/PoliTeKDSP/Oscillators/oscillator.h ****         WAVE_TRI,
  28:PSP/../../libs/PoliTeKDSP/Oscillators/oscillator.h ****         WAVE_SQUARE,
  29:PSP/../../libs/PoliTeKDSP/Oscillators/oscillator.h ****         WAVE_SAW,
  30:PSP/../../libs/PoliTeKDSP/Oscillators/oscillator.h ****         WAVE_RAMP,
ARM GAS  C:\Users\skipi\AppData\Local\Temp\cccqm0Sx.s 			page 2


  31:PSP/../../libs/PoliTeKDSP/Oscillators/oscillator.h ****         WAVE_POLYBLEP_TRI,
  32:PSP/../../libs/PoliTeKDSP/Oscillators/oscillator.h ****         WAVE_POLYBLEP_SAW,
  33:PSP/../../libs/PoliTeKDSP/Oscillators/oscillator.h ****         WAVE_POLYBLEP_SQUARE,
  34:PSP/../../libs/PoliTeKDSP/Oscillators/oscillator.h ****         WAVE_LAST,
  35:PSP/../../libs/PoliTeKDSP/Oscillators/oscillator.h ****     };
  36:PSP/../../libs/PoliTeKDSP/Oscillators/oscillator.h **** 
  37:PSP/../../libs/PoliTeKDSP/Oscillators/oscillator.h **** 
  38:PSP/../../libs/PoliTeKDSP/Oscillators/oscillator.h ****     /** Initializes the Oscillator
  39:PSP/../../libs/PoliTeKDSP/Oscillators/oscillator.h **** 
  40:PSP/../../libs/PoliTeKDSP/Oscillators/oscillator.h ****         \param sample_rate - sample rate of the audio engine being run, and the frequency that the 
  41:PSP/../../libs/PoliTeKDSP/Oscillators/oscillator.h **** 
  42:PSP/../../libs/PoliTeKDSP/Oscillators/oscillator.h ****         Defaults:
  43:PSP/../../libs/PoliTeKDSP/Oscillators/oscillator.h ****         - freq_ = 100 Hz
  44:PSP/../../libs/PoliTeKDSP/Oscillators/oscillator.h ****         - amp_ = 0.5
  45:PSP/../../libs/PoliTeKDSP/Oscillators/oscillator.h ****         - waveform_ = sine wave.
  46:PSP/../../libs/PoliTeKDSP/Oscillators/oscillator.h ****     */
  47:PSP/../../libs/PoliTeKDSP/Oscillators/oscillator.h ****     void Init(float sample_rate)
  29              		.loc 1 47 10 view -0
  30              		.cfi_startproc
  31              		@ args = 0, pretend = 0, frame = 0
  32              		@ frame_needed = 0, uses_anonymous_args = 0
  48:PSP/../../libs/PoliTeKDSP/Oscillators/oscillator.h ****     {
  49:PSP/../../libs/PoliTeKDSP/Oscillators/oscillator.h ****         sr_        = sample_rate;
  33              		.loc 1 49 9 view .LVU1
  50:PSP/../../libs/PoliTeKDSP/Oscillators/oscillator.h ****         sr_recip_  = 1.0f / sample_rate;
  34              		.loc 1 50 27 is_stmt 0 view .LVU2
  35 0000 B7EE007A 		vmov.f32	s14, #1.0e+0
  51:PSP/../../libs/PoliTeKDSP/Oscillators/oscillator.h ****         freq_      = 100.0f;
  52:PSP/../../libs/PoliTeKDSP/Oscillators/oscillator.h ****         detune_cents_ = 0.0f;
  36              		.loc 1 52 23 view .LVU3
  37 0004 0023     		movs	r3, #0
  53:PSP/../../libs/PoliTeKDSP/Oscillators/oscillator.h ****         amp_       = 0.5f;
  38              		.loc 1 53 20 view .LVU4
  39 0006 4FF07C52 		mov	r2, #1056964608
  49:PSP/../../libs/PoliTeKDSP/Oscillators/oscillator.h ****         sr_recip_  = 1.0f / sample_rate;
  40              		.loc 1 49 20 view .LVU5
  41 000a 80ED050A 		vstr.32	s0, [r0, #20]
  50:PSP/../../libs/PoliTeKDSP/Oscillators/oscillator.h ****         freq_      = 100.0f;
  42              		.loc 1 50 9 is_stmt 1 view .LVU6
  52:PSP/../../libs/PoliTeKDSP/Oscillators/oscillator.h ****         amp_       = 0.5f;
  43              		.loc 1 52 23 is_stmt 0 view .LVU7
  44 000e 0361     		str	r3, [r0, #16]	@ float
  50:PSP/../../libs/PoliTeKDSP/Oscillators/oscillator.h ****         freq_      = 100.0f;
  45              		.loc 1 50 27 view .LVU8
  46 0010 C7EE007A 		vdiv.f32	s15, s14, s0
  51:PSP/../../libs/PoliTeKDSP/Oscillators/oscillator.h ****         detune_cents_ = 0.0f;
  47              		.loc 1 51 20 view .LVU9
  48 0014 9FED0A0A 		vldr.32	s0, .L2
  49              	.LVL1:
  54:PSP/../../libs/PoliTeKDSP/Oscillators/oscillator.h ****         shape_        = 0.5f;
  55:PSP/../../libs/PoliTeKDSP/Oscillators/oscillator.h ****         phase_     = 0.0f;
  50              		.loc 1 55 20 view .LVU10
  51 0018 C361     		str	r3, [r0, #28]	@ float
  51:PSP/../../libs/PoliTeKDSP/Oscillators/oscillator.h ****         detune_cents_ = 0.0f;
  52              		.loc 1 51 20 view .LVU11
  53 001a 80ED020A 		vstr.32	s0, [r0, #8]
  53:PSP/../../libs/PoliTeKDSP/Oscillators/oscillator.h ****         shape_        = 0.5f;
ARM GAS  C:\Users\skipi\AppData\Local\Temp\cccqm0Sx.s 			page 3


  54              		.loc 1 53 20 view .LVU12
  55 001e 4260     		str	r2, [r0, #4]	@ float
  54:PSP/../../libs/PoliTeKDSP/Oscillators/oscillator.h ****         shape_        = 0.5f;
  56              		.loc 1 54 23 view .LVU13
  57 0020 C260     		str	r2, [r0, #12]	@ float
  47:PSP/../../libs/PoliTeKDSP/Oscillators/oscillator.h ****     {
  58              		.loc 1 47 10 view .LVU14
  59 0022 10B5     		push	{r4, lr}
  60              		.cfi_def_cfa_offset 8
  61              		.cfi_offset 4, -8
  62              		.cfi_offset 14, -4
  47:PSP/../../libs/PoliTeKDSP/Oscillators/oscillator.h ****     {
  63              		.loc 1 47 10 view .LVU15
  64 0024 0446     		mov	r4, r0
  50:PSP/../../libs/PoliTeKDSP/Oscillators/oscillator.h ****         freq_      = 100.0f;
  65              		.loc 1 50 20 view .LVU16
  66 0026 C0ED067A 		vstr.32	s15, [r0, #24]
  51:PSP/../../libs/PoliTeKDSP/Oscillators/oscillator.h ****         detune_cents_ = 0.0f;
  67              		.loc 1 51 9 is_stmt 1 view .LVU17
  52:PSP/../../libs/PoliTeKDSP/Oscillators/oscillator.h ****         amp_       = 0.5f;
  68              		.loc 1 52 9 view .LVU18
  53:PSP/../../libs/PoliTeKDSP/Oscillators/oscillator.h ****         shape_        = 0.5f;
  69              		.loc 1 53 9 view .LVU19
  54:PSP/../../libs/PoliTeKDSP/Oscillators/oscillator.h ****         phase_     = 0.0f;
  70              		.loc 1 54 9 view .LVU20
  71              		.loc 1 55 9 view .LVU21
  56:PSP/../../libs/PoliTeKDSP/Oscillators/oscillator.h ****         phase_inc_ = CalcPhaseInc(freq_);
  72              		.loc 1 56 9 view .LVU22
  73              		.loc 1 56 34 is_stmt 0 view .LVU23
  74 002a FFF7FEFF 		bl	_ZN10politekdsp10Oscillator12CalcPhaseIncEf
  75              	.LVL2:
  57:PSP/../../libs/PoliTeKDSP/Oscillators/oscillator.h ****         waveform_  = WAVE_SIN;
  76              		.loc 1 57 20 view .LVU24
  77 002e 0023     		movs	r3, #0
  56:PSP/../../libs/PoliTeKDSP/Oscillators/oscillator.h ****         phase_inc_ = CalcPhaseInc(freq_);
  78              		.loc 1 56 20 view .LVU25
  79 0030 84ED080A 		vstr.32	s0, [r4, #32]
  80              		.loc 1 57 9 is_stmt 1 view .LVU26
  81              		.loc 1 57 20 is_stmt 0 view .LVU27
  82 0034 2370     		strb	r3, [r4]
  58:PSP/../../libs/PoliTeKDSP/Oscillators/oscillator.h ****         eoc_       = true;
  83              		.loc 1 58 9 is_stmt 1 view .LVU28
  59:PSP/../../libs/PoliTeKDSP/Oscillators/oscillator.h ****         eor_       = true;
  84              		.loc 1 59 9 view .LVU29
  85              		.loc 1 59 20 is_stmt 0 view .LVU30
  86 0036 40F20113 		movw	r3, #257
  87 003a A385     		strh	r3, [r4, #44]	@ movhi
  60:PSP/../../libs/PoliTeKDSP/Oscillators/oscillator.h ****     }
  88              		.loc 1 60 5 view .LVU31
  89 003c 10BD     		pop	{r4, pc}
  90              	.LVL3:
  91              	.L3:
  92              		.loc 1 60 5 view .LVU32
  93 003e 00BF     		.align	2
  94              	.L2:
  95 0040 0000C842 		.word	1120403456
  96              		.cfi_endproc
ARM GAS  C:\Users\skipi\AppData\Local\Temp\cccqm0Sx.s 			page 4


  97              	.LFE2811:
  99              		.section	.text._ZN10politekdsp10Oscillator7SetFreqEf,"axG",%progbits,_ZN10politekdsp10Oscillator7S
 100              		.align	1
 101              		.weak	_ZN10politekdsp10Oscillator7SetFreqEf
 102              		.syntax unified
 103              		.thumb
 104              		.thumb_func
 105              		.fpu fpv5-d16
 107              	_ZN10politekdsp10Oscillator7SetFreqEf:
 108              	.LVL4:
 109              	.LFB2813:
  61:PSP/../../libs/PoliTeKDSP/Oscillators/oscillator.h ****     /** Sets the detune of the oscillator in cents. 
  62:PSP/../../libs/PoliTeKDSP/Oscillators/oscillator.h ****     */
  63:PSP/../../libs/PoliTeKDSP/Oscillators/oscillator.h ****    void SetDetune(float cents)
  64:PSP/../../libs/PoliTeKDSP/Oscillators/oscillator.h ****    {
  65:PSP/../../libs/PoliTeKDSP/Oscillators/oscillator.h ****        detune_cents_ = cents;
  66:PSP/../../libs/PoliTeKDSP/Oscillators/oscillator.h ****        SetFreq(freq_); 
  67:PSP/../../libs/PoliTeKDSP/Oscillators/oscillator.h ****    }
  68:PSP/../../libs/PoliTeKDSP/Oscillators/oscillator.h **** 
  69:PSP/../../libs/PoliTeKDSP/Oscillators/oscillator.h ****     /** Changes the frequency of the Oscillator, and recalculates phase increment.
  70:PSP/../../libs/PoliTeKDSP/Oscillators/oscillator.h ****     */
  71:PSP/../../libs/PoliTeKDSP/Oscillators/oscillator.h ****     inline void SetFreq(const float f)
 110              		.loc 1 71 17 is_stmt 1 view -0
 111              		.cfi_startproc
 112              		@ args = 0, pretend = 0, frame = 0
 113              		@ frame_needed = 0, uses_anonymous_args = 0
  72:PSP/../../libs/PoliTeKDSP/Oscillators/oscillator.h ****     {
  73:PSP/../../libs/PoliTeKDSP/Oscillators/oscillator.h ****         freq_      = f;
 114              		.loc 1 73 9 view .LVU34
  74:PSP/../../libs/PoliTeKDSP/Oscillators/oscillator.h ****         float detune_multiplier = powf(2.0f, detune_cents_ / 1200.0f);
 115              		.loc 1 74 39 is_stmt 0 view .LVU35
 116 0000 D0ED040A 		vldr.32	s1, [r0, #16]
 117 0004 DFED0A7A 		vldr.32	s15, .L5
  71:PSP/../../libs/PoliTeKDSP/Oscillators/oscillator.h ****     {
 118              		.loc 1 71 17 view .LVU36
 119 0008 10B5     		push	{r4, lr}
 120              		.cfi_def_cfa_offset 8
 121              		.cfi_offset 4, -8
 122              		.cfi_offset 14, -4
  71:PSP/../../libs/PoliTeKDSP/Oscillators/oscillator.h ****     {
 123              		.loc 1 71 17 view .LVU37
 124 000a 0446     		mov	r4, r0
 125              		.loc 1 74 39 view .LVU38
 126 000c C0EEA70A 		vdiv.f32	s1, s1, s15
  73:PSP/../../libs/PoliTeKDSP/Oscillators/oscillator.h ****         float detune_multiplier = powf(2.0f, detune_cents_ / 1200.0f);
 127              		.loc 1 73 20 view .LVU39
 128 0010 80ED020A 		vstr.32	s0, [r0, #8]
 129              		.loc 1 74 9 is_stmt 1 view .LVU40
 130              		.loc 1 74 39 is_stmt 0 view .LVU41
 131 0014 B0EE000A 		vmov.f32	s0, #2.0e+0
 132              	.LVL5:
 133              		.loc 1 74 39 view .LVU42
 134 0018 FFF7FEFF 		bl	powf
 135              	.LVL6:
  75:PSP/../../libs/PoliTeKDSP/Oscillators/oscillator.h ****         float final_freq = freq_ * detune_multiplier;
 136              		.loc 1 75 9 is_stmt 1 view .LVU43
  76:PSP/../../libs/PoliTeKDSP/Oscillators/oscillator.h ****         phase_inc_ = CalcPhaseInc(final_freq);
ARM GAS  C:\Users\skipi\AppData\Local\Temp\cccqm0Sx.s 			page 5


 137              		.loc 1 76 9 view .LVU44
  75:PSP/../../libs/PoliTeKDSP/Oscillators/oscillator.h ****         float final_freq = freq_ * detune_multiplier;
 138              		.loc 1 75 15 is_stmt 0 view .LVU45
 139 001c D4ED027A 		vldr.32	s15, [r4, #8]
 140              		.loc 1 76 34 view .LVU46
 141 0020 2046     		mov	r0, r4
 142 0022 20EE270A 		vmul.f32	s0, s0, s15
 143              	.LVL7:
 144              		.loc 1 76 34 view .LVU47
 145 0026 FFF7FEFF 		bl	_ZN10politekdsp10Oscillator12CalcPhaseIncEf
 146              	.LVL8:
 147              		.loc 1 76 20 view .LVU48
 148 002a 84ED080A 		vstr.32	s0, [r4, #32]
  77:PSP/../../libs/PoliTeKDSP/Oscillators/oscillator.h ****     }
 149              		.loc 1 77 5 view .LVU49
 150 002e 10BD     		pop	{r4, pc}
 151              	.LVL9:
 152              	.L6:
 153              		.loc 1 77 5 view .LVU50
 154              		.align	2
 155              	.L5:
 156 0030 00009644 		.word	1150681088
 157              		.cfi_endproc
 158              	.LFE2813:
 160              		.section	.text._ZN11AudioEngine15SetActivePresetERK8Preset_s,"ax",%progbits
 161              		.align	1
 162              		.global	_ZN11AudioEngine15SetActivePresetERK8Preset_s
 163              		.syntax unified
 164              		.thumb
 165              		.thumb_func
 166              		.fpu fpv5-d16
 168              	_ZN11AudioEngine15SetActivePresetERK8Preset_s:
 169              	.LVL10:
 170              	.LFB3767:
 171              		.file 2 "PSP/AudioEngine.cpp"
   1:PSP/AudioEngine.cpp **** #include "AudioEngine.h"
   2:PSP/AudioEngine.cpp **** #include "Utility/dsp.h"
   3:PSP/AudioEngine.cpp **** 
   4:PSP/AudioEngine.cpp **** void AudioEngine::Init(float sample_rate) {
   5:PSP/AudioEngine.cpp ****     _osc1.Init(sample_rate);
   6:PSP/AudioEngine.cpp ****     _osc2.Init(sample_rate);
   7:PSP/AudioEngine.cpp ****     _lfo1.Init(sample_rate);
   8:PSP/AudioEngine.cpp ****     _lfo2.Init(sample_rate);
   9:PSP/AudioEngine.cpp ****     _amp_env.Init(sample_rate);
  10:PSP/AudioEngine.cpp ****     _filt_env.Init(sample_rate);
  11:PSP/AudioEngine.cpp ****     _filt.Init(sample_rate);
  12:PSP/AudioEngine.cpp ****     _filt.SetFilterMode(daisysp::LadderFilter::FilterMode::LP24);
  13:PSP/AudioEngine.cpp ****     _reverb.Init(sample_rate);
  14:PSP/AudioEngine.cpp **** 
  15:PSP/AudioEngine.cpp ****     _lastGate = false;
  16:PSP/AudioEngine.cpp ****     _currentFreq = 440.0f;
  17:PSP/AudioEngine.cpp **** 
  18:PSP/AudioEngine.cpp ****     SetActivePreset(_defaultPreset);
  19:PSP/AudioEngine.cpp ****     _smoothedPreset = _currentPreset;
  20:PSP/AudioEngine.cpp **** }
  21:PSP/AudioEngine.cpp **** 
  22:PSP/AudioEngine.cpp **** void AudioEngine::SetActivePreset(const Preset_s& preset) {
ARM GAS  C:\Users\skipi\AppData\Local\Temp\cccqm0Sx.s 			page 6


 172              		.loc 2 22 59 is_stmt 1 view -0
 173              		.cfi_startproc
 174              		@ args = 0, pretend = 0, frame = 8
 175              		@ frame_needed = 0, uses_anonymous_args = 0
  23:PSP/AudioEngine.cpp ****     _currentPreset = preset;
 176              		.loc 2 23 5 view .LVU52
  22:PSP/AudioEngine.cpp ****     _currentPreset = preset;
 177              		.loc 2 22 59 is_stmt 0 view .LVU53
 178 0000 F0B5     		push	{r4, r5, r6, r7, lr}
 179              		.cfi_def_cfa_offset 20
 180              		.cfi_offset 4, -20
 181              		.cfi_offset 5, -16
 182              		.cfi_offset 6, -12
 183              		.cfi_offset 7, -8
 184              		.cfi_offset 14, -4
 185              		.loc 2 23 20 view .LVU54
 186 0002 00F5C025 		add	r5, r0, #393216
  22:PSP/AudioEngine.cpp ****     _currentPreset = preset;
 187              		.loc 2 22 59 view .LVU55
 188 0006 0446     		mov	r4, r0
 189              		.loc 2 23 20 view .LVU56
 190 0008 9C22     		movs	r2, #156
 191 000a 05F6BC40 		addw	r0, r5, #3260
 192              	.LVL11:
  24:PSP/AudioEngine.cpp ****     
  25:PSP/AudioEngine.cpp ****     _osc1.SetWaveform(_currentPreset.osc1.waveform);
  26:PSP/AudioEngine.cpp ****     _osc1.SetAmp(_currentPreset.osc1.amp);
  27:PSP/AudioEngine.cpp ****     _osc1.SetShape(_currentPreset.osc1.shape);
  28:PSP/AudioEngine.cpp ****     _osc1.SetDetune(_currentPreset.osc1.detune);
  29:PSP/AudioEngine.cpp **** 
  30:PSP/AudioEngine.cpp **** 
  31:PSP/AudioEngine.cpp ****     _osc2.SetWaveform(_currentPreset.osc2.waveform);
  32:PSP/AudioEngine.cpp ****     _osc2.SetAmp(_currentPreset.osc2.amp);
  33:PSP/AudioEngine.cpp ****     _osc2.SetShape(_currentPreset.osc2.shape);
  34:PSP/AudioEngine.cpp ****     _osc2.SetDetune(_currentPreset.osc2.detune);
  35:PSP/AudioEngine.cpp **** 
  36:PSP/AudioEngine.cpp **** 
  37:PSP/AudioEngine.cpp ****     _lfo1.SetWaveform(_currentPreset.lfo1.waveform);
  38:PSP/AudioEngine.cpp ****     _lfo2.SetAmp(_currentPreset.lfo2.amp);
 193              		.loc 2 38 17 view .LVU57
 194 000e 05F60457 		addw	r7, r5, #3332
  39:PSP/AudioEngine.cpp ****     _lfo2.SetFreq(_currentPreset.lfo2.freq);
 195              		.loc 2 39 18 view .LVU58
 196 0012 05F60856 		addw	r6, r5, #3336
  22:PSP/AudioEngine.cpp ****     _currentPreset = preset;
 197              		.loc 2 22 59 view .LVU59
 198 0016 2DED028B 		vpush.64	{d8}
 199              		.cfi_def_cfa_offset 28
 200              		.cfi_offset 80, -28
 201              		.cfi_offset 81, -24
 202 001a 83B0     		sub	sp, sp, #12
 203              		.cfi_def_cfa_offset 40
 204              	.LBB143:
 205              	.LBB144:
 206              	.LBB145:
 207              	.LBB146:
 208              	.LBB147:
ARM GAS  C:\Users\skipi\AppData\Local\Temp\cccqm0Sx.s 			page 7


 209              		.file 3 "../libs/PoliTeKDSP/libs/DaisySP/Source/Utility/dsp.h"
   1:../libs/PoliTeKDSP/libs/DaisySP/Source/Utility/dsp.h **** /*
   2:../libs/PoliTeKDSP/libs/DaisySP/Source/Utility/dsp.h **** Copyright (c) 2020 Electrosmith, Corp, Emilie Gillet
   3:../libs/PoliTeKDSP/libs/DaisySP/Source/Utility/dsp.h **** 
   4:../libs/PoliTeKDSP/libs/DaisySP/Source/Utility/dsp.h **** Use of this source code is governed by an MIT-style
   5:../libs/PoliTeKDSP/libs/DaisySP/Source/Utility/dsp.h **** license that can be found in the LICENSE file or at
   6:../libs/PoliTeKDSP/libs/DaisySP/Source/Utility/dsp.h **** https://opensource.org/licenses/MIT.
   7:../libs/PoliTeKDSP/libs/DaisySP/Source/Utility/dsp.h **** */
   8:../libs/PoliTeKDSP/libs/DaisySP/Source/Utility/dsp.h **** 
   9:../libs/PoliTeKDSP/libs/DaisySP/Source/Utility/dsp.h **** /** Helpful defines, functions, and other utilities for use in/with daisysp modules.
  10:../libs/PoliTeKDSP/libs/DaisySP/Source/Utility/dsp.h **** */
  11:../libs/PoliTeKDSP/libs/DaisySP/Source/Utility/dsp.h **** #pragma once
  12:../libs/PoliTeKDSP/libs/DaisySP/Source/Utility/dsp.h **** #ifndef DSY_CORE_DSP
  13:../libs/PoliTeKDSP/libs/DaisySP/Source/Utility/dsp.h **** #define DSY_CORE_DSP
  14:../libs/PoliTeKDSP/libs/DaisySP/Source/Utility/dsp.h **** #include <cassert>
  15:../libs/PoliTeKDSP/libs/DaisySP/Source/Utility/dsp.h **** #include <cstdint>
  16:../libs/PoliTeKDSP/libs/DaisySP/Source/Utility/dsp.h **** #include <random>
  17:../libs/PoliTeKDSP/libs/DaisySP/Source/Utility/dsp.h **** #include <cmath>
  18:../libs/PoliTeKDSP/libs/DaisySP/Source/Utility/dsp.h **** 
  19:../libs/PoliTeKDSP/libs/DaisySP/Source/Utility/dsp.h **** /** PIs
  20:../libs/PoliTeKDSP/libs/DaisySP/Source/Utility/dsp.h **** */
  21:../libs/PoliTeKDSP/libs/DaisySP/Source/Utility/dsp.h **** #define PI_F 3.1415927410125732421875f
  22:../libs/PoliTeKDSP/libs/DaisySP/Source/Utility/dsp.h **** #define TWOPI_F (2.0f * PI_F)
  23:../libs/PoliTeKDSP/libs/DaisySP/Source/Utility/dsp.h **** #define HALFPI_F (PI_F * 0.5f)
  24:../libs/PoliTeKDSP/libs/DaisySP/Source/Utility/dsp.h **** #define DSY_MIN(in, mn) (in < mn ? in : mn)
  25:../libs/PoliTeKDSP/libs/DaisySP/Source/Utility/dsp.h **** #define DSY_MAX(in, mx) (in > mx ? in : mx)
  26:../libs/PoliTeKDSP/libs/DaisySP/Source/Utility/dsp.h **** #define DSY_CLAMP(in, mn, mx) (DSY_MIN(DSY_MAX(in, mn), mx))
  27:../libs/PoliTeKDSP/libs/DaisySP/Source/Utility/dsp.h **** #define DSY_COUNTOF(_arr) (sizeof(_arr) / sizeof(_arr[0]))
  28:../libs/PoliTeKDSP/libs/DaisySP/Source/Utility/dsp.h **** 
  29:../libs/PoliTeKDSP/libs/DaisySP/Source/Utility/dsp.h **** namespace daisysp
  30:../libs/PoliTeKDSP/libs/DaisySP/Source/Utility/dsp.h **** {
  31:../libs/PoliTeKDSP/libs/DaisySP/Source/Utility/dsp.h **** //Avoids division for random floats. e.g. rand() * kRandFrac
  32:../libs/PoliTeKDSP/libs/DaisySP/Source/Utility/dsp.h **** static constexpr float kRandFrac = 1.f / (float)RAND_MAX;
  33:../libs/PoliTeKDSP/libs/DaisySP/Source/Utility/dsp.h **** 
  34:../libs/PoliTeKDSP/libs/DaisySP/Source/Utility/dsp.h **** //Convert from semitones to other units. e.g. 2 ^ (kOneTwelfth * x)
  35:../libs/PoliTeKDSP/libs/DaisySP/Source/Utility/dsp.h **** static constexpr float kOneTwelfth = 1.f / 12.f;
  36:../libs/PoliTeKDSP/libs/DaisySP/Source/Utility/dsp.h **** 
  37:../libs/PoliTeKDSP/libs/DaisySP/Source/Utility/dsp.h **** /** efficient floating point min/max
  38:../libs/PoliTeKDSP/libs/DaisySP/Source/Utility/dsp.h **** c/o stephen mccaul
  39:../libs/PoliTeKDSP/libs/DaisySP/Source/Utility/dsp.h **** */
  40:../libs/PoliTeKDSP/libs/DaisySP/Source/Utility/dsp.h **** inline float fmax(float a, float b)
  41:../libs/PoliTeKDSP/libs/DaisySP/Source/Utility/dsp.h **** {
  42:../libs/PoliTeKDSP/libs/DaisySP/Source/Utility/dsp.h ****     float r;
  43:../libs/PoliTeKDSP/libs/DaisySP/Source/Utility/dsp.h **** #ifdef __arm__
  44:../libs/PoliTeKDSP/libs/DaisySP/Source/Utility/dsp.h ****     asm("vmaxnm.f32 %[d], %[n], %[m]" : [d] "=t"(r) : [n] "t"(a), [m] "t"(b) :);
 210              		.loc 3 44 5 view .LVU60
 211 001c DFED798A 		vldr.32	s17, .L18
 212              	.LBE147:
 213              	.LBE146:
 214              	.LBE145:
 215              	.LBE144:
 216              	.LBE143:
  23:PSP/AudioEngine.cpp ****     
 217              		.loc 2 23 20 view .LVU61
 218 0020 FFF7FEFF 		bl	memcpy
 219              	.LVL12:
  25:PSP/AudioEngine.cpp ****     _osc1.SetAmp(_currentPreset.osc1.amp);
ARM GAS  C:\Users\skipi\AppData\Local\Temp\cccqm0Sx.s 			page 8


 220              		.loc 2 25 5 is_stmt 1 view .LVU62
  25:PSP/AudioEngine.cpp ****     _osc1.SetAmp(_currentPreset.osc1.amp);
 221              		.loc 2 25 22 is_stmt 0 view .LVU63
 222 0024 95F8D03C 		ldrb	r3, [r5, #3280]	@ zero_extendqisi2
 223              	.LVL13:
 224              	.LBB168:
 225              	.LBI168:
  78:PSP/../../libs/PoliTeKDSP/Oscillators/oscillator.h **** 
  79:PSP/../../libs/PoliTeKDSP/Oscillators/oscillator.h **** 
  80:PSP/../../libs/PoliTeKDSP/Oscillators/oscillator.h ****     /** Sets the amplitude of the waveform.
  81:PSP/../../libs/PoliTeKDSP/Oscillators/oscillator.h ****     */
  82:PSP/../../libs/PoliTeKDSP/Oscillators/oscillator.h ****     inline void SetAmp(const float a) { amp_ = a; }
  83:PSP/../../libs/PoliTeKDSP/Oscillators/oscillator.h ****     /** Sets the waveform to be synthesized by the Process() function.
  84:PSP/../../libs/PoliTeKDSP/Oscillators/oscillator.h ****     */
  85:PSP/../../libs/PoliTeKDSP/Oscillators/oscillator.h ****     inline void SetWaveform(const uint8_t wf)
 226              		.loc 1 85 17 is_stmt 1 view .LVU64
 227              	.LBB169:
  86:PSP/../../libs/PoliTeKDSP/Oscillators/oscillator.h ****     {
  87:PSP/../../libs/PoliTeKDSP/Oscillators/oscillator.h ****         waveform_ = wf < WAVE_LAST ? wf : WAVE_SIN;
 228              		.loc 1 87 9 view .LVU65
 229              	.LBE169:
 230              	.LBE168:
 231              	.LBB172:
 232              	.LBB163:
 233              	.LBB158:
 234              	.LBB151:
 235              	.LBB152:
  45:../libs/PoliTeKDSP/libs/DaisySP/Source/Utility/dsp.h **** #else
  46:../libs/PoliTeKDSP/libs/DaisySP/Source/Utility/dsp.h ****     r = (a > b) ? a : b;
  47:../libs/PoliTeKDSP/libs/DaisySP/Source/Utility/dsp.h **** #endif // __arm__
  48:../libs/PoliTeKDSP/libs/DaisySP/Source/Utility/dsp.h ****     return r;
  49:../libs/PoliTeKDSP/libs/DaisySP/Source/Utility/dsp.h **** }
  50:../libs/PoliTeKDSP/libs/DaisySP/Source/Utility/dsp.h **** 
  51:../libs/PoliTeKDSP/libs/DaisySP/Source/Utility/dsp.h **** inline float fmin(float a, float b)
  52:../libs/PoliTeKDSP/libs/DaisySP/Source/Utility/dsp.h **** {
  53:../libs/PoliTeKDSP/libs/DaisySP/Source/Utility/dsp.h ****     float r;
  54:../libs/PoliTeKDSP/libs/DaisySP/Source/Utility/dsp.h **** #ifdef __arm__
  55:../libs/PoliTeKDSP/libs/DaisySP/Source/Utility/dsp.h ****     asm("vminnm.f32 %[d], %[n], %[m]" : [d] "=t"(r) : [n] "t"(a), [m] "t"(b) :);
 236              		.loc 3 55 5 is_stmt 0 view .LVU66
 237 0028 B7EE008A 		vmov.f32	s16, #1.0e+0
 238              	.LBE152:
 239              	.LBE151:
 240              	.LBE158:
 241              	.LBE163:
 242              	.LBE172:
 243              	.LBB173:
 244              	.LBB174:
  66:PSP/../../libs/PoliTeKDSP/Oscillators/oscillator.h ****    }
 245              		.loc 1 66 15 view .LVU67
 246 002c 94ED020A 		vldr.32	s0, [r4, #8]
 247              	.LBE174:
 248              	.LBE173:
 249              	.LBB177:
 250              	.LBB170:
 251              		.loc 1 87 19 view .LVU68
 252 0030 082B     		cmp	r3, #8
 253              	.LBE170:
ARM GAS  C:\Users\skipi\AppData\Local\Temp\cccqm0Sx.s 			page 9


 254              	.LBE177:
 255              	.LBB178:
 256              	.LBB175:
  66:PSP/../../libs/PoliTeKDSP/Oscillators/oscillator.h ****    }
 257              		.loc 1 66 15 view .LVU69
 258 0032 2046     		mov	r0, r4
 259              	.LBE175:
 260              	.LBE178:
 261              	.LBB179:
 262              	.LBB171:
 263              		.loc 1 87 19 view .LVU70
 264 0034 28BF     		it	cs
 265 0036 0023     		movcs	r3, #0
 266              	.LVL14:
 267              		.loc 1 87 19 view .LVU71
 268 0038 2370     		strb	r3, [r4]
 269              	.LVL15:
 270              		.loc 1 87 19 view .LVU72
 271              	.LBE171:
 272              	.LBE179:
  26:PSP/AudioEngine.cpp ****     _osc1.SetShape(_currentPreset.osc1.shape);
 273              		.loc 2 26 5 is_stmt 1 view .LVU73
 274              	.LBB180:
 275              	.LBI180:
  82:PSP/../../libs/PoliTeKDSP/Oscillators/oscillator.h ****     /** Sets the waveform to be synthesized by the Process() function.
 276              		.loc 1 82 17 view .LVU74
 277              	.LBB181:
  82:PSP/../../libs/PoliTeKDSP/Oscillators/oscillator.h ****     /** Sets the waveform to be synthesized by the Process() function.
 278              		.loc 1 82 41 view .LVU75
 279              	.LBE181:
 280              	.LBE180:
  26:PSP/AudioEngine.cpp ****     _osc1.SetShape(_currentPreset.osc1.shape);
 281              		.loc 2 26 17 is_stmt 0 view .LVU76
 282 003a 05F6D443 		addw	r3, r5, #3284
 283              	.LBB183:
 284              	.LBB182:
  82:PSP/../../libs/PoliTeKDSP/Oscillators/oscillator.h ****     /** Sets the waveform to be synthesized by the Process() function.
 285              		.loc 1 82 46 view .LVU77
 286 003e 1B68     		ldr	r3, [r3]	@ float
 287 0040 6360     		str	r3, [r4, #4]	@ float
 288              	.LVL16:
  82:PSP/../../libs/PoliTeKDSP/Oscillators/oscillator.h ****     /** Sets the waveform to be synthesized by the Process() function.
 289              		.loc 1 82 46 view .LVU78
 290              	.LBE182:
 291              	.LBE183:
  27:PSP/AudioEngine.cpp ****     _osc1.SetDetune(_currentPreset.osc1.detune);
 292              		.loc 2 27 5 is_stmt 1 view .LVU79
 293              	.LBB184:
 294              	.LBI143:
  88:PSP/../../libs/PoliTeKDSP/Oscillators/oscillator.h ****     }
  89:PSP/../../libs/PoliTeKDSP/Oscillators/oscillator.h ****     /** Sets the pulse width for WAVE_SQUARE and WAVE_POLYBLEP_SQUARE (range 0 - 1)
  90:PSP/../../libs/PoliTeKDSP/Oscillators/oscillator.h ****      */
  91:PSP/../../libs/PoliTeKDSP/Oscillators/oscillator.h ****     inline void SetShape(const float shape) { shape_ = daisysp::fclamp(shape, 0.0f, 1.0f); }
 295              		.loc 1 91 17 view .LVU80
 296              	.LBB164:
 297              		.loc 1 91 47 view .LVU81
 298              	.LBB159:
ARM GAS  C:\Users\skipi\AppData\Local\Temp\cccqm0Sx.s 			page 10


 299              	.LBI145:
  56:../libs/PoliTeKDSP/libs/DaisySP/Source/Utility/dsp.h **** #else
  57:../libs/PoliTeKDSP/libs/DaisySP/Source/Utility/dsp.h ****     r = (a < b) ? a : b;
  58:../libs/PoliTeKDSP/libs/DaisySP/Source/Utility/dsp.h **** #endif // __arm__
  59:../libs/PoliTeKDSP/libs/DaisySP/Source/Utility/dsp.h ****     return r;
  60:../libs/PoliTeKDSP/libs/DaisySP/Source/Utility/dsp.h **** }
  61:../libs/PoliTeKDSP/libs/DaisySP/Source/Utility/dsp.h **** 
  62:../libs/PoliTeKDSP/libs/DaisySP/Source/Utility/dsp.h **** /** quick fp clamp
  63:../libs/PoliTeKDSP/libs/DaisySP/Source/Utility/dsp.h **** */
  64:../libs/PoliTeKDSP/libs/DaisySP/Source/Utility/dsp.h **** inline float fclamp(float in, float min, float max)
 300              		.loc 3 64 14 view .LVU82
 301              	.LBE159:
 302              	.LBE164:
 303              	.LBE184:
  65:../libs/PoliTeKDSP/libs/DaisySP/Source/Utility/dsp.h **** {
  66:../libs/PoliTeKDSP/libs/DaisySP/Source/Utility/dsp.h ****     return fmin(fmax(in, min), max);
 304              		.loc 3 66 5 view .LVU83
 305              	.LBB185:
 306              	.LBB165:
 307              	.LBB160:
 308              	.LBB154:
 309              	.LBI146:
  40:../libs/PoliTeKDSP/libs/DaisySP/Source/Utility/dsp.h **** {
 310              		.loc 3 40 14 view .LVU84
 311              	.LBB148:
  42:../libs/PoliTeKDSP/libs/DaisySP/Source/Utility/dsp.h **** #ifdef __arm__
 312              		.loc 3 42 5 view .LVU85
  44:../libs/PoliTeKDSP/libs/DaisySP/Source/Utility/dsp.h **** #else
 313              		.loc 3 44 5 view .LVU86
 314              	.LBE148:
 315              	.LBE154:
 316              	.LBE160:
 317              	.LBE165:
 318              	.LBE185:
  27:PSP/AudioEngine.cpp ****     _osc1.SetDetune(_currentPreset.osc1.detune);
 319              		.loc 2 27 19 is_stmt 0 view .LVU87
 320 0042 05F6D843 		addw	r3, r5, #3288
 321              	.LBB186:
 322              	.LBB166:
 323              	.LBB161:
 324              	.LBB155:
 325              	.LBB149:
  44:../libs/PoliTeKDSP/libs/DaisySP/Source/Utility/dsp.h **** #else
 326              		.loc 3 44 5 view .LVU88
 327 0046 93ED007A 		vldr.32	s14, [r3]
 328              	.LBE149:
 329              	.LBE155:
 330              	.LBE161:
 331              	.LBE166:
 332              	.LBE186:
  28:PSP/AudioEngine.cpp **** 
 333              		.loc 2 28 20 view .LVU89
 334 004a 05F6DC43 		addw	r3, r5, #3292
 335              	.LBB187:
 336              	.LBB167:
 337              	.LBB162:
 338              	.LBB156:
ARM GAS  C:\Users\skipi\AppData\Local\Temp\cccqm0Sx.s 			page 11


 339              	.LBB150:
  44:../libs/PoliTeKDSP/libs/DaisySP/Source/Utility/dsp.h **** #else
 340              		.loc 3 44 5 view .LVU90
 341              		.syntax unified
 342              	@ 44 "../libs/PoliTeKDSP/libs/DaisySP/Source/Utility/dsp.h" 1
 343 004e 87FE287A 		vmaxnm.f32 s14, s14, s17
 344              	@ 0 "" 2
 345              	.LVL17:
  48:../libs/PoliTeKDSP/libs/DaisySP/Source/Utility/dsp.h **** }
 346              		.loc 3 48 5 is_stmt 1 view .LVU91
  48:../libs/PoliTeKDSP/libs/DaisySP/Source/Utility/dsp.h **** }
 347              		.loc 3 48 5 is_stmt 0 view .LVU92
 348              		.thumb
 349              		.syntax unified
 350              	.LBE150:
 351              	.LBE156:
 352              	.LBB157:
 353              	.LBI151:
  51:../libs/PoliTeKDSP/libs/DaisySP/Source/Utility/dsp.h **** {
 354              		.loc 3 51 14 is_stmt 1 view .LVU93
 355              	.LBB153:
  53:../libs/PoliTeKDSP/libs/DaisySP/Source/Utility/dsp.h **** #ifdef __arm__
 356              		.loc 3 53 5 view .LVU94
  55:../libs/PoliTeKDSP/libs/DaisySP/Source/Utility/dsp.h **** #else
 357              		.loc 3 55 5 view .LVU95
 358              		.syntax unified
 359              	@ 55 "../libs/PoliTeKDSP/libs/DaisySP/Source/Utility/dsp.h" 1
 360 0052 87FE487A 		vminnm.f32 s14, s14, s16
 361              	@ 0 "" 2
 362              	.LVL18:
  59:../libs/PoliTeKDSP/libs/DaisySP/Source/Utility/dsp.h **** }
 363              		.loc 3 59 5 view .LVU96
  59:../libs/PoliTeKDSP/libs/DaisySP/Source/Utility/dsp.h **** }
 364              		.loc 3 59 5 is_stmt 0 view .LVU97
 365              		.thumb
 366              		.syntax unified
 367              	.LBE153:
 368              	.LBE157:
 369              	.LBE162:
 370              		.loc 1 91 54 view .LVU98
 371 0056 84ED037A 		vstr.32	s14, [r4, #12]
 372              	.LVL19:
 373              		.loc 1 91 54 view .LVU99
 374              	.LBE167:
 375              	.LBE187:
  28:PSP/AudioEngine.cpp **** 
 376              		.loc 2 28 5 is_stmt 1 view .LVU100
 377              	.LBB188:
 378              	.LBI173:
  63:PSP/../../libs/PoliTeKDSP/Oscillators/oscillator.h ****    {
 379              		.loc 1 63 9 view .LVU101
 380              	.LBB176:
  65:PSP/../../libs/PoliTeKDSP/Oscillators/oscillator.h ****        SetFreq(freq_); 
 381              		.loc 1 65 8 view .LVU102
  65:PSP/../../libs/PoliTeKDSP/Oscillators/oscillator.h ****        SetFreq(freq_); 
 382              		.loc 1 65 22 is_stmt 0 view .LVU103
 383 005a 1B68     		ldr	r3, [r3]	@ float
ARM GAS  C:\Users\skipi\AppData\Local\Temp\cccqm0Sx.s 			page 12


 384 005c 2361     		str	r3, [r4, #16]	@ float
  66:PSP/../../libs/PoliTeKDSP/Oscillators/oscillator.h ****    }
 385              		.loc 1 66 8 is_stmt 1 view .LVU104
  66:PSP/../../libs/PoliTeKDSP/Oscillators/oscillator.h ****    }
 386              		.loc 1 66 15 is_stmt 0 view .LVU105
 387 005e FFF7FEFF 		bl	_ZN10politekdsp10Oscillator7SetFreqEf
 388              	.LVL20:
  66:PSP/../../libs/PoliTeKDSP/Oscillators/oscillator.h ****    }
 389              		.loc 1 66 15 view .LVU106
 390              	.LBE176:
 391              	.LBE188:
  31:PSP/AudioEngine.cpp ****     _osc2.SetAmp(_currentPreset.osc2.amp);
 392              		.loc 2 31 5 is_stmt 1 view .LVU107
  31:PSP/AudioEngine.cpp ****     _osc2.SetAmp(_currentPreset.osc2.amp);
 393              		.loc 2 31 22 is_stmt 0 view .LVU108
 394 0062 95F8E03C 		ldrb	r3, [r5, #3296]	@ zero_extendqisi2
 395              	.LVL21:
 396              	.LBB189:
 397              	.LBI189:
  85:PSP/../../libs/PoliTeKDSP/Oscillators/oscillator.h ****     {
 398              		.loc 1 85 17 is_stmt 1 view .LVU109
 399              	.LBB190:
  87:PSP/../../libs/PoliTeKDSP/Oscillators/oscillator.h ****     }
 400              		.loc 1 87 9 view .LVU110
 401              	.LBE190:
 402              	.LBE189:
 403              	.LBB192:
 404              	.LBB193:
  66:PSP/../../libs/PoliTeKDSP/Oscillators/oscillator.h ****    }
 405              		.loc 1 66 15 is_stmt 0 view .LVU111
 406 0066 94ED0E0A 		vldr.32	s0, [r4, #56]
 407 006a 04F13000 		add	r0, r4, #48
 408              	.LVL22:
  66:PSP/../../libs/PoliTeKDSP/Oscillators/oscillator.h ****    }
 409              		.loc 1 66 15 view .LVU112
 410              	.LBE193:
 411              	.LBE192:
 412              	.LBB195:
 413              	.LBB191:
  87:PSP/../../libs/PoliTeKDSP/Oscillators/oscillator.h ****     }
 414              		.loc 1 87 19 view .LVU113
 415 006e 082B     		cmp	r3, #8
 416 0070 28BF     		it	cs
 417 0072 0023     		movcs	r3, #0
 418              	.LVL23:
  87:PSP/../../libs/PoliTeKDSP/Oscillators/oscillator.h ****     }
 419              		.loc 1 87 19 view .LVU114
 420 0074 84F83030 		strb	r3, [r4, #48]
 421              	.LVL24:
  87:PSP/../../libs/PoliTeKDSP/Oscillators/oscillator.h ****     }
 422              		.loc 1 87 19 view .LVU115
 423              	.LBE191:
 424              	.LBE195:
  32:PSP/AudioEngine.cpp ****     _osc2.SetShape(_currentPreset.osc2.shape);
 425              		.loc 2 32 5 is_stmt 1 view .LVU116
 426              	.LBB196:
 427              	.LBI196:
ARM GAS  C:\Users\skipi\AppData\Local\Temp\cccqm0Sx.s 			page 13


  82:PSP/../../libs/PoliTeKDSP/Oscillators/oscillator.h ****     /** Sets the waveform to be synthesized by the Process() function.
 428              		.loc 1 82 17 view .LVU117
 429              	.LBB197:
  82:PSP/../../libs/PoliTeKDSP/Oscillators/oscillator.h ****     /** Sets the waveform to be synthesized by the Process() function.
 430              		.loc 1 82 41 view .LVU118
 431              	.LBE197:
 432              	.LBE196:
  32:PSP/AudioEngine.cpp ****     _osc2.SetShape(_currentPreset.osc2.shape);
 433              		.loc 2 32 17 is_stmt 0 view .LVU119
 434 0078 05F6E443 		addw	r3, r5, #3300
 435              	.LBB199:
 436              	.LBB198:
  82:PSP/../../libs/PoliTeKDSP/Oscillators/oscillator.h ****     /** Sets the waveform to be synthesized by the Process() function.
 437              		.loc 1 82 46 view .LVU120
 438 007c 1B68     		ldr	r3, [r3]	@ float
 439 007e 6363     		str	r3, [r4, #52]	@ float
 440              	.LVL25:
  82:PSP/../../libs/PoliTeKDSP/Oscillators/oscillator.h ****     /** Sets the waveform to be synthesized by the Process() function.
 441              		.loc 1 82 46 view .LVU121
 442              	.LBE198:
 443              	.LBE199:
  33:PSP/AudioEngine.cpp ****     _osc2.SetDetune(_currentPreset.osc2.detune);
 444              		.loc 2 33 5 is_stmt 1 view .LVU122
 445              	.LBB200:
 446              	.LBI200:
 447              		.loc 1 91 17 view .LVU123
 448              	.LBB201:
 449              		.loc 1 91 47 view .LVU124
 450              	.LBB202:
 451              	.LBI202:
  64:../libs/PoliTeKDSP/libs/DaisySP/Source/Utility/dsp.h **** {
 452              		.loc 3 64 14 view .LVU125
 453              	.LBE202:
 454              	.LBE201:
 455              	.LBE200:
 456              		.loc 3 66 5 view .LVU126
 457              	.LBB217:
 458              	.LBB214:
 459              	.LBB211:
 460              	.LBB203:
 461              	.LBI203:
  40:../libs/PoliTeKDSP/libs/DaisySP/Source/Utility/dsp.h **** {
 462              		.loc 3 40 14 view .LVU127
 463              	.LBB204:
  42:../libs/PoliTeKDSP/libs/DaisySP/Source/Utility/dsp.h **** #ifdef __arm__
 464              		.loc 3 42 5 view .LVU128
  44:../libs/PoliTeKDSP/libs/DaisySP/Source/Utility/dsp.h **** #else
 465              		.loc 3 44 5 view .LVU129
 466              	.LBE204:
 467              	.LBE203:
 468              	.LBE211:
 469              	.LBE214:
 470              	.LBE217:
  33:PSP/AudioEngine.cpp ****     _osc2.SetDetune(_currentPreset.osc2.detune);
 471              		.loc 2 33 19 is_stmt 0 view .LVU130
 472 0080 05F6E843 		addw	r3, r5, #3304
 473              	.LBB218:
ARM GAS  C:\Users\skipi\AppData\Local\Temp\cccqm0Sx.s 			page 14


 474              	.LBB215:
 475              	.LBB212:
 476              	.LBB207:
 477              	.LBB205:
  44:../libs/PoliTeKDSP/libs/DaisySP/Source/Utility/dsp.h **** #else
 478              		.loc 3 44 5 view .LVU131
 479 0084 93ED007A 		vldr.32	s14, [r3]
 480              	.LBE205:
 481              	.LBE207:
 482              	.LBE212:
 483              	.LBE215:
 484              	.LBE218:
  34:PSP/AudioEngine.cpp **** 
 485              		.loc 2 34 20 view .LVU132
 486 0088 05F6EC43 		addw	r3, r5, #3308
 487              	.LBB219:
 488              	.LBB216:
 489              	.LBB213:
 490              	.LBB208:
 491              	.LBB206:
  44:../libs/PoliTeKDSP/libs/DaisySP/Source/Utility/dsp.h **** #else
 492              		.loc 3 44 5 view .LVU133
 493              		.syntax unified
 494              	@ 44 "../libs/PoliTeKDSP/libs/DaisySP/Source/Utility/dsp.h" 1
 495 008c 87FE287A 		vmaxnm.f32 s14, s14, s17
 496              	@ 0 "" 2
 497              	.LVL26:
  48:../libs/PoliTeKDSP/libs/DaisySP/Source/Utility/dsp.h **** }
 498              		.loc 3 48 5 is_stmt 1 view .LVU134
  48:../libs/PoliTeKDSP/libs/DaisySP/Source/Utility/dsp.h **** }
 499              		.loc 3 48 5 is_stmt 0 view .LVU135
 500              		.thumb
 501              		.syntax unified
 502              	.LBE206:
 503              	.LBE208:
 504              	.LBB209:
 505              	.LBI209:
  51:../libs/PoliTeKDSP/libs/DaisySP/Source/Utility/dsp.h **** {
 506              		.loc 3 51 14 is_stmt 1 view .LVU136
 507              	.LBB210:
  53:../libs/PoliTeKDSP/libs/DaisySP/Source/Utility/dsp.h **** #ifdef __arm__
 508              		.loc 3 53 5 view .LVU137
  55:../libs/PoliTeKDSP/libs/DaisySP/Source/Utility/dsp.h **** #else
 509              		.loc 3 55 5 view .LVU138
 510              		.syntax unified
 511              	@ 55 "../libs/PoliTeKDSP/libs/DaisySP/Source/Utility/dsp.h" 1
 512 0090 87FE487A 		vminnm.f32 s14, s14, s16
 513              	@ 0 "" 2
 514              	.LVL27:
  59:../libs/PoliTeKDSP/libs/DaisySP/Source/Utility/dsp.h **** }
 515              		.loc 3 59 5 view .LVU139
  59:../libs/PoliTeKDSP/libs/DaisySP/Source/Utility/dsp.h **** }
 516              		.loc 3 59 5 is_stmt 0 view .LVU140
 517              		.thumb
 518              		.syntax unified
 519              	.LBE210:
 520              	.LBE209:
ARM GAS  C:\Users\skipi\AppData\Local\Temp\cccqm0Sx.s 			page 15


 521              	.LBE213:
 522              		.loc 1 91 54 view .LVU141
 523 0094 84ED0F7A 		vstr.32	s14, [r4, #60]
 524              	.LVL28:
 525              		.loc 1 91 54 view .LVU142
 526              	.LBE216:
 527              	.LBE219:
  34:PSP/AudioEngine.cpp **** 
 528              		.loc 2 34 5 is_stmt 1 view .LVU143
 529              	.LBB220:
 530              	.LBI192:
  63:PSP/../../libs/PoliTeKDSP/Oscillators/oscillator.h ****    {
 531              		.loc 1 63 9 view .LVU144
 532              	.LBB194:
  65:PSP/../../libs/PoliTeKDSP/Oscillators/oscillator.h ****        SetFreq(freq_); 
 533              		.loc 1 65 8 view .LVU145
  65:PSP/../../libs/PoliTeKDSP/Oscillators/oscillator.h ****        SetFreq(freq_); 
 534              		.loc 1 65 22 is_stmt 0 view .LVU146
 535 0098 1B68     		ldr	r3, [r3]	@ float
 536 009a 2364     		str	r3, [r4, #64]	@ float
  66:PSP/../../libs/PoliTeKDSP/Oscillators/oscillator.h ****    }
 537              		.loc 1 66 8 is_stmt 1 view .LVU147
  66:PSP/../../libs/PoliTeKDSP/Oscillators/oscillator.h ****    }
 538              		.loc 1 66 15 is_stmt 0 view .LVU148
 539 009c FFF7FEFF 		bl	_ZN10politekdsp10Oscillator7SetFreqEf
 540              	.LVL29:
  66:PSP/../../libs/PoliTeKDSP/Oscillators/oscillator.h ****    }
 541              		.loc 1 66 15 view .LVU149
 542              	.LBE194:
 543              	.LBE220:
  37:PSP/AudioEngine.cpp ****     _lfo2.SetAmp(_currentPreset.lfo2.amp);
 544              		.loc 2 37 5 is_stmt 1 view .LVU150
  37:PSP/AudioEngine.cpp ****     _lfo2.SetAmp(_currentPreset.lfo2.amp);
 545              		.loc 2 37 22 is_stmt 0 view .LVU151
 546 00a0 95F8F03C 		ldrb	r3, [r5, #3312]	@ zero_extendqisi2
 547              	.LVL30:
 548              	.LBB221:
 549              	.LBI221:
 550              		.file 4 "../libs/PoliTeKDSP/libs/DaisySP/Source/Synthesis/oscillator.h"
   1:../libs/PoliTeKDSP/libs/DaisySP/Source/Synthesis/oscillator.h **** /*
   2:../libs/PoliTeKDSP/libs/DaisySP/Source/Synthesis/oscillator.h **** Copyright (c) 2020 Electrosmith, Corp
   3:../libs/PoliTeKDSP/libs/DaisySP/Source/Synthesis/oscillator.h **** 
   4:../libs/PoliTeKDSP/libs/DaisySP/Source/Synthesis/oscillator.h **** Use of this source code is governed by an MIT-style
   5:../libs/PoliTeKDSP/libs/DaisySP/Source/Synthesis/oscillator.h **** license that can be found in the LICENSE file or at
   6:../libs/PoliTeKDSP/libs/DaisySP/Source/Synthesis/oscillator.h **** https://opensource.org/licenses/MIT.
   7:../libs/PoliTeKDSP/libs/DaisySP/Source/Synthesis/oscillator.h **** */
   8:../libs/PoliTeKDSP/libs/DaisySP/Source/Synthesis/oscillator.h **** 
   9:../libs/PoliTeKDSP/libs/DaisySP/Source/Synthesis/oscillator.h **** #pragma once
  10:../libs/PoliTeKDSP/libs/DaisySP/Source/Synthesis/oscillator.h **** #ifndef DSY_OSCILLATOR_H
  11:../libs/PoliTeKDSP/libs/DaisySP/Source/Synthesis/oscillator.h **** #define DSY_OSCILLATOR_H
  12:../libs/PoliTeKDSP/libs/DaisySP/Source/Synthesis/oscillator.h **** #include <stdint.h>
  13:../libs/PoliTeKDSP/libs/DaisySP/Source/Synthesis/oscillator.h **** #include "Utility/dsp.h"
  14:../libs/PoliTeKDSP/libs/DaisySP/Source/Synthesis/oscillator.h **** #ifdef __cplusplus
  15:../libs/PoliTeKDSP/libs/DaisySP/Source/Synthesis/oscillator.h **** 
  16:../libs/PoliTeKDSP/libs/DaisySP/Source/Synthesis/oscillator.h **** namespace daisysp
  17:../libs/PoliTeKDSP/libs/DaisySP/Source/Synthesis/oscillator.h **** {
  18:../libs/PoliTeKDSP/libs/DaisySP/Source/Synthesis/oscillator.h **** /** Synthesis of several waveforms, including polyBLEP bandlimited waveforms.
ARM GAS  C:\Users\skipi\AppData\Local\Temp\cccqm0Sx.s 			page 16


  19:../libs/PoliTeKDSP/libs/DaisySP/Source/Synthesis/oscillator.h **** */
  20:../libs/PoliTeKDSP/libs/DaisySP/Source/Synthesis/oscillator.h **** class Oscillator
  21:../libs/PoliTeKDSP/libs/DaisySP/Source/Synthesis/oscillator.h **** {
  22:../libs/PoliTeKDSP/libs/DaisySP/Source/Synthesis/oscillator.h ****   public:
  23:../libs/PoliTeKDSP/libs/DaisySP/Source/Synthesis/oscillator.h ****     Oscillator() {}
  24:../libs/PoliTeKDSP/libs/DaisySP/Source/Synthesis/oscillator.h ****     ~Oscillator() {}
  25:../libs/PoliTeKDSP/libs/DaisySP/Source/Synthesis/oscillator.h ****     /** Choices for output waveforms, POLYBLEP are appropriately labeled. Others are naive forms.
  26:../libs/PoliTeKDSP/libs/DaisySP/Source/Synthesis/oscillator.h ****     */
  27:../libs/PoliTeKDSP/libs/DaisySP/Source/Synthesis/oscillator.h ****     enum
  28:../libs/PoliTeKDSP/libs/DaisySP/Source/Synthesis/oscillator.h ****     {
  29:../libs/PoliTeKDSP/libs/DaisySP/Source/Synthesis/oscillator.h ****         WAVE_SIN,
  30:../libs/PoliTeKDSP/libs/DaisySP/Source/Synthesis/oscillator.h ****         WAVE_TRI,
  31:../libs/PoliTeKDSP/libs/DaisySP/Source/Synthesis/oscillator.h ****         WAVE_SAW,
  32:../libs/PoliTeKDSP/libs/DaisySP/Source/Synthesis/oscillator.h ****         WAVE_RAMP,
  33:../libs/PoliTeKDSP/libs/DaisySP/Source/Synthesis/oscillator.h ****         WAVE_SQUARE,
  34:../libs/PoliTeKDSP/libs/DaisySP/Source/Synthesis/oscillator.h ****         WAVE_POLYBLEP_TRI,
  35:../libs/PoliTeKDSP/libs/DaisySP/Source/Synthesis/oscillator.h ****         WAVE_POLYBLEP_SAW,
  36:../libs/PoliTeKDSP/libs/DaisySP/Source/Synthesis/oscillator.h ****         WAVE_POLYBLEP_SQUARE,
  37:../libs/PoliTeKDSP/libs/DaisySP/Source/Synthesis/oscillator.h ****         WAVE_LAST,
  38:../libs/PoliTeKDSP/libs/DaisySP/Source/Synthesis/oscillator.h ****     };
  39:../libs/PoliTeKDSP/libs/DaisySP/Source/Synthesis/oscillator.h **** 
  40:../libs/PoliTeKDSP/libs/DaisySP/Source/Synthesis/oscillator.h **** 
  41:../libs/PoliTeKDSP/libs/DaisySP/Source/Synthesis/oscillator.h ****     /** Initializes the Oscillator
  42:../libs/PoliTeKDSP/libs/DaisySP/Source/Synthesis/oscillator.h **** 
  43:../libs/PoliTeKDSP/libs/DaisySP/Source/Synthesis/oscillator.h ****         \param sample_rate - sample rate of the audio engine being run, and the frequency that the 
  44:../libs/PoliTeKDSP/libs/DaisySP/Source/Synthesis/oscillator.h **** 
  45:../libs/PoliTeKDSP/libs/DaisySP/Source/Synthesis/oscillator.h ****         Defaults:
  46:../libs/PoliTeKDSP/libs/DaisySP/Source/Synthesis/oscillator.h ****         - freq_ = 100 Hz
  47:../libs/PoliTeKDSP/libs/DaisySP/Source/Synthesis/oscillator.h ****         - amp_ = 0.5
  48:../libs/PoliTeKDSP/libs/DaisySP/Source/Synthesis/oscillator.h ****         - waveform_ = sine wave.
  49:../libs/PoliTeKDSP/libs/DaisySP/Source/Synthesis/oscillator.h ****     */
  50:../libs/PoliTeKDSP/libs/DaisySP/Source/Synthesis/oscillator.h ****     void Init(float sample_rate)
  51:../libs/PoliTeKDSP/libs/DaisySP/Source/Synthesis/oscillator.h ****     {
  52:../libs/PoliTeKDSP/libs/DaisySP/Source/Synthesis/oscillator.h ****         sr_        = sample_rate;
  53:../libs/PoliTeKDSP/libs/DaisySP/Source/Synthesis/oscillator.h ****         sr_recip_  = 1.0f / sample_rate;
  54:../libs/PoliTeKDSP/libs/DaisySP/Source/Synthesis/oscillator.h ****         freq_      = 100.0f;
  55:../libs/PoliTeKDSP/libs/DaisySP/Source/Synthesis/oscillator.h ****         amp_       = 0.5f;
  56:../libs/PoliTeKDSP/libs/DaisySP/Source/Synthesis/oscillator.h ****         pw_        = 0.5f;
  57:../libs/PoliTeKDSP/libs/DaisySP/Source/Synthesis/oscillator.h ****         phase_     = 0.0f;
  58:../libs/PoliTeKDSP/libs/DaisySP/Source/Synthesis/oscillator.h ****         phase_inc_ = CalcPhaseInc(freq_);
  59:../libs/PoliTeKDSP/libs/DaisySP/Source/Synthesis/oscillator.h ****         waveform_  = WAVE_SIN;
  60:../libs/PoliTeKDSP/libs/DaisySP/Source/Synthesis/oscillator.h ****         eoc_       = true;
  61:../libs/PoliTeKDSP/libs/DaisySP/Source/Synthesis/oscillator.h ****         eor_       = true;
  62:../libs/PoliTeKDSP/libs/DaisySP/Source/Synthesis/oscillator.h ****     }
  63:../libs/PoliTeKDSP/libs/DaisySP/Source/Synthesis/oscillator.h **** 
  64:../libs/PoliTeKDSP/libs/DaisySP/Source/Synthesis/oscillator.h **** 
  65:../libs/PoliTeKDSP/libs/DaisySP/Source/Synthesis/oscillator.h ****     /** Changes the frequency of the Oscillator, and recalculates phase increment.
  66:../libs/PoliTeKDSP/libs/DaisySP/Source/Synthesis/oscillator.h ****     */
  67:../libs/PoliTeKDSP/libs/DaisySP/Source/Synthesis/oscillator.h ****     inline void SetFreq(const float f)
  68:../libs/PoliTeKDSP/libs/DaisySP/Source/Synthesis/oscillator.h ****     {
  69:../libs/PoliTeKDSP/libs/DaisySP/Source/Synthesis/oscillator.h ****         freq_      = f;
  70:../libs/PoliTeKDSP/libs/DaisySP/Source/Synthesis/oscillator.h ****         phase_inc_ = CalcPhaseInc(f);
  71:../libs/PoliTeKDSP/libs/DaisySP/Source/Synthesis/oscillator.h ****     }
  72:../libs/PoliTeKDSP/libs/DaisySP/Source/Synthesis/oscillator.h **** 
  73:../libs/PoliTeKDSP/libs/DaisySP/Source/Synthesis/oscillator.h **** 
  74:../libs/PoliTeKDSP/libs/DaisySP/Source/Synthesis/oscillator.h ****     /** Sets the amplitude of the waveform.
  75:../libs/PoliTeKDSP/libs/DaisySP/Source/Synthesis/oscillator.h ****     */
ARM GAS  C:\Users\skipi\AppData\Local\Temp\cccqm0Sx.s 			page 17


  76:../libs/PoliTeKDSP/libs/DaisySP/Source/Synthesis/oscillator.h ****     inline void SetAmp(const float a) { amp_ = a; }
  77:../libs/PoliTeKDSP/libs/DaisySP/Source/Synthesis/oscillator.h ****     /** Sets the waveform to be synthesized by the Process() function.
  78:../libs/PoliTeKDSP/libs/DaisySP/Source/Synthesis/oscillator.h ****     */
  79:../libs/PoliTeKDSP/libs/DaisySP/Source/Synthesis/oscillator.h ****     inline void SetWaveform(const uint8_t wf)
 551              		.loc 4 79 17 is_stmt 1 view .LVU152
 552              	.LBB222:
  80:../libs/PoliTeKDSP/libs/DaisySP/Source/Synthesis/oscillator.h ****     {
  81:../libs/PoliTeKDSP/libs/DaisySP/Source/Synthesis/oscillator.h ****         waveform_ = wf < WAVE_LAST ? wf : WAVE_SIN;
 553              		.loc 4 81 9 view .LVU153
 554              	.LBE222:
 555              	.LBE221:
 556              		.loc 2 39 18 is_stmt 0 view .LVU154
 557 00a4 04F18C00 		add	r0, r4, #140
 558              	.LBB225:
 559              	.LBB223:
 560              		.loc 4 81 19 view .LVU155
 561 00a8 082B     		cmp	r3, #8
 562              	.LBE223:
 563              	.LBE225:
 564              	.LBB226:
 565              	.LBB227:
  70:../libs/PoliTeKDSP/libs/DaisySP/Source/Synthesis/oscillator.h ****     }
 566              		.loc 4 70 34 view .LVU156
 567 00aa 0190     		str	r0, [sp, #4]
 568              	.LBE227:
 569              	.LBE226:
 570              	.LBB229:
 571              	.LBB224:
 572              		.loc 4 81 19 view .LVU157
 573 00ac 28BF     		it	cs
 574 00ae 0023     		movcs	r3, #0
 575              	.LVL31:
 576              		.loc 4 81 19 view .LVU158
 577 00b0 84F86030 		strb	r3, [r4, #96]
 578              	.LVL32:
 579              		.loc 4 81 19 view .LVU159
 580              	.LBE224:
 581              	.LBE229:
  38:PSP/AudioEngine.cpp ****     _lfo2.SetFreq(_currentPreset.lfo2.freq);
 582              		.loc 2 38 5 is_stmt 1 view .LVU160
 583              	.LBB230:
 584              	.LBI230:
  76:../libs/PoliTeKDSP/libs/DaisySP/Source/Synthesis/oscillator.h ****     /** Sets the waveform to be synthesized by the Process() function.
 585              		.loc 4 76 17 view .LVU161
 586              	.LBB231:
  76:../libs/PoliTeKDSP/libs/DaisySP/Source/Synthesis/oscillator.h ****     /** Sets the waveform to be synthesized by the Process() function.
 587              		.loc 4 76 41 view .LVU162
  76:../libs/PoliTeKDSP/libs/DaisySP/Source/Synthesis/oscillator.h ****     /** Sets the waveform to be synthesized by the Process() function.
 588              		.loc 4 76 46 is_stmt 0 view .LVU163
 589 00b4 3B68     		ldr	r3, [r7]	@ float
 590 00b6 C4F89030 		str	r3, [r4, #144]	@ float
 591              	.LVL33:
  76:../libs/PoliTeKDSP/libs/DaisySP/Source/Synthesis/oscillator.h ****     /** Sets the waveform to be synthesized by the Process() function.
 592              		.loc 4 76 46 view .LVU164
 593              	.LBE231:
 594              	.LBE230:
 595              		.loc 2 39 5 is_stmt 1 view .LVU165
ARM GAS  C:\Users\skipi\AppData\Local\Temp\cccqm0Sx.s 			page 18


 596              		.loc 2 39 18 is_stmt 0 view .LVU166
 597 00ba 96ED000A 		vldr.32	s0, [r6]
 598              	.LVL34:
 599              	.LBB232:
 600              	.LBI226:
  67:../libs/PoliTeKDSP/libs/DaisySP/Source/Synthesis/oscillator.h ****     {
 601              		.loc 4 67 17 is_stmt 1 view .LVU167
 602              	.LBB228:
  69:../libs/PoliTeKDSP/libs/DaisySP/Source/Synthesis/oscillator.h ****         phase_inc_ = CalcPhaseInc(f);
 603              		.loc 4 69 9 view .LVU168
  69:../libs/PoliTeKDSP/libs/DaisySP/Source/Synthesis/oscillator.h ****         phase_inc_ = CalcPhaseInc(f);
 604              		.loc 4 69 20 is_stmt 0 view .LVU169
 605 00be 84ED250A 		vstr.32	s0, [r4, #148]
  70:../libs/PoliTeKDSP/libs/DaisySP/Source/Synthesis/oscillator.h ****     }
 606              		.loc 4 70 9 is_stmt 1 view .LVU170
  70:../libs/PoliTeKDSP/libs/DaisySP/Source/Synthesis/oscillator.h ****     }
 607              		.loc 4 70 34 is_stmt 0 view .LVU171
 608 00c2 FFF7FEFF 		bl	_ZN7daisysp10Oscillator12CalcPhaseIncEf
 609              	.LVL35:
  70:../libs/PoliTeKDSP/libs/DaisySP/Source/Synthesis/oscillator.h ****     }
 610              		.loc 4 70 20 view .LVU172
 611 00c6 84ED2A0A 		vstr.32	s0, [r4, #168]
 612              	.LVL36:
  70:../libs/PoliTeKDSP/libs/DaisySP/Source/Synthesis/oscillator.h ****     }
 613              		.loc 4 70 20 view .LVU173
 614              	.LBE228:
 615              	.LBE232:
  40:PSP/AudioEngine.cpp **** 
  41:PSP/AudioEngine.cpp ****     _lfo2.SetWaveform(_currentPreset.lfo2.waveform);
 616              		.loc 2 41 5 is_stmt 1 view .LVU174
 617              		.loc 2 41 22 is_stmt 0 view .LVU175
 618 00ca 95F8003D 		ldrb	r3, [r5, #3328]	@ zero_extendqisi2
 619              	.LVL37:
 620              	.LBB233:
 621              	.LBI233:
  79:../libs/PoliTeKDSP/libs/DaisySP/Source/Synthesis/oscillator.h ****     {
 622              		.loc 4 79 17 is_stmt 1 view .LVU176
 623              	.LBB234:
 624              		.loc 4 81 9 view .LVU177
 625              	.LBE234:
 626              	.LBE233:
 627              	.LBB236:
 628              	.LBB237:
  70:../libs/PoliTeKDSP/libs/DaisySP/Source/Synthesis/oscillator.h ****     }
 629              		.loc 4 70 34 is_stmt 0 view .LVU178
 630 00ce 0198     		ldr	r0, [sp, #4]
 631              	.LBE237:
 632              	.LBE236:
 633              	.LBB240:
 634              	.LBB235:
 635              		.loc 4 81 19 view .LVU179
 636 00d0 082B     		cmp	r3, #8
 637 00d2 28BF     		it	cs
 638 00d4 0023     		movcs	r3, #0
 639              	.LVL38:
 640              		.loc 4 81 19 view .LVU180
 641 00d6 84F88C30 		strb	r3, [r4, #140]
ARM GAS  C:\Users\skipi\AppData\Local\Temp\cccqm0Sx.s 			page 19


 642              	.LVL39:
 643              		.loc 4 81 19 view .LVU181
 644              	.LBE235:
 645              	.LBE240:
  42:PSP/AudioEngine.cpp ****     _lfo2.SetAmp(_currentPreset.lfo2.amp);
 646              		.loc 2 42 5 is_stmt 1 view .LVU182
 647              	.LBB241:
 648              	.LBI241:
  76:../libs/PoliTeKDSP/libs/DaisySP/Source/Synthesis/oscillator.h ****     /** Sets the waveform to be synthesized by the Process() function.
 649              		.loc 4 76 17 view .LVU183
 650              	.LBB242:
  76:../libs/PoliTeKDSP/libs/DaisySP/Source/Synthesis/oscillator.h ****     /** Sets the waveform to be synthesized by the Process() function.
 651              		.loc 4 76 41 view .LVU184
  76:../libs/PoliTeKDSP/libs/DaisySP/Source/Synthesis/oscillator.h ****     /** Sets the waveform to be synthesized by the Process() function.
 652              		.loc 4 76 46 is_stmt 0 view .LVU185
 653 00da 3B68     		ldr	r3, [r7]	@ float
 654 00dc C4F89030 		str	r3, [r4, #144]	@ float
 655              	.LVL40:
  76:../libs/PoliTeKDSP/libs/DaisySP/Source/Synthesis/oscillator.h ****     /** Sets the waveform to be synthesized by the Process() function.
 656              		.loc 4 76 46 view .LVU186
 657              	.LBE242:
 658              	.LBE241:
  43:PSP/AudioEngine.cpp ****     _lfo2.SetFreq(_currentPreset.lfo2.freq);
 659              		.loc 2 43 5 is_stmt 1 view .LVU187
 660              		.loc 2 43 18 is_stmt 0 view .LVU188
 661 00e0 96ED000A 		vldr.32	s0, [r6]
 662              	.LVL41:
 663              	.LBB243:
 664              	.LBI236:
  67:../libs/PoliTeKDSP/libs/DaisySP/Source/Synthesis/oscillator.h ****     {
 665              		.loc 4 67 17 is_stmt 1 view .LVU189
 666              	.LBB238:
  69:../libs/PoliTeKDSP/libs/DaisySP/Source/Synthesis/oscillator.h ****         phase_inc_ = CalcPhaseInc(f);
 667              		.loc 4 69 9 view .LVU190
  69:../libs/PoliTeKDSP/libs/DaisySP/Source/Synthesis/oscillator.h ****         phase_inc_ = CalcPhaseInc(f);
 668              		.loc 4 69 20 is_stmt 0 view .LVU191
 669 00e4 84ED250A 		vstr.32	s0, [r4, #148]
  70:../libs/PoliTeKDSP/libs/DaisySP/Source/Synthesis/oscillator.h ****     }
 670              		.loc 4 70 9 is_stmt 1 view .LVU192
  70:../libs/PoliTeKDSP/libs/DaisySP/Source/Synthesis/oscillator.h ****     }
 671              		.loc 4 70 34 is_stmt 0 view .LVU193
 672 00e8 FFF7FEFF 		bl	_ZN7daisysp10Oscillator12CalcPhaseIncEf
 673              	.LVL42:
  70:../libs/PoliTeKDSP/libs/DaisySP/Source/Synthesis/oscillator.h ****     }
 674              		.loc 4 70 34 view .LVU194
 675              	.LBE238:
 676              	.LBE243:
 677              	.LBB244:
 678              	.LBB245:
 679              		.file 5 "../libs/PoliTeKDSP/libs/DaisySP/Source/Noise/dust.h"
   1:../libs/PoliTeKDSP/libs/DaisySP/Source/Noise/dust.h **** /*
   2:../libs/PoliTeKDSP/libs/DaisySP/Source/Noise/dust.h **** Copyright (c) 2020 Electrosmith, Corp, Emilie Gillet
   3:../libs/PoliTeKDSP/libs/DaisySP/Source/Noise/dust.h **** 
   4:../libs/PoliTeKDSP/libs/DaisySP/Source/Noise/dust.h **** Use of this source code is governed by an MIT-style
   5:../libs/PoliTeKDSP/libs/DaisySP/Source/Noise/dust.h **** license that can be found in the LICENSE file or at
   6:../libs/PoliTeKDSP/libs/DaisySP/Source/Noise/dust.h **** https://opensource.org/licenses/MIT.
   7:../libs/PoliTeKDSP/libs/DaisySP/Source/Noise/dust.h **** */
ARM GAS  C:\Users\skipi\AppData\Local\Temp\cccqm0Sx.s 			page 20


   8:../libs/PoliTeKDSP/libs/DaisySP/Source/Noise/dust.h **** 
   9:../libs/PoliTeKDSP/libs/DaisySP/Source/Noise/dust.h **** #pragma once
  10:../libs/PoliTeKDSP/libs/DaisySP/Source/Noise/dust.h **** #ifndef DSY_DUST_H
  11:../libs/PoliTeKDSP/libs/DaisySP/Source/Noise/dust.h **** #define DSY_DUST_H
  12:../libs/PoliTeKDSP/libs/DaisySP/Source/Noise/dust.h **** #include <cstdlib>
  13:../libs/PoliTeKDSP/libs/DaisySP/Source/Noise/dust.h **** #include <random>
  14:../libs/PoliTeKDSP/libs/DaisySP/Source/Noise/dust.h **** #include "Utility/dsp.h"
  15:../libs/PoliTeKDSP/libs/DaisySP/Source/Noise/dust.h **** #ifdef __cplusplus
  16:../libs/PoliTeKDSP/libs/DaisySP/Source/Noise/dust.h **** 
  17:../libs/PoliTeKDSP/libs/DaisySP/Source/Noise/dust.h **** /** @file dust.h */
  18:../libs/PoliTeKDSP/libs/DaisySP/Source/Noise/dust.h **** 
  19:../libs/PoliTeKDSP/libs/DaisySP/Source/Noise/dust.h **** namespace daisysp
  20:../libs/PoliTeKDSP/libs/DaisySP/Source/Noise/dust.h **** {
  21:../libs/PoliTeKDSP/libs/DaisySP/Source/Noise/dust.h **** /**  
  22:../libs/PoliTeKDSP/libs/DaisySP/Source/Noise/dust.h ****        @brief Dust Module
  23:../libs/PoliTeKDSP/libs/DaisySP/Source/Noise/dust.h ****        @author Ported by Ben Sergentanis 
  24:../libs/PoliTeKDSP/libs/DaisySP/Source/Noise/dust.h ****        @date Jan 2021 
  25:../libs/PoliTeKDSP/libs/DaisySP/Source/Noise/dust.h ****        Randomly Clocked Samples \n \n
  26:../libs/PoliTeKDSP/libs/DaisySP/Source/Noise/dust.h ****        Ported from pichenettes/eurorack/plaits/dsp/noise/dust.h \n
  27:../libs/PoliTeKDSP/libs/DaisySP/Source/Noise/dust.h ****        to an independent module. \n
  28:../libs/PoliTeKDSP/libs/DaisySP/Source/Noise/dust.h ****        Original code written by Emilie Gillet in 2016. \n
  29:../libs/PoliTeKDSP/libs/DaisySP/Source/Noise/dust.h **** 
  30:../libs/PoliTeKDSP/libs/DaisySP/Source/Noise/dust.h **** */
  31:../libs/PoliTeKDSP/libs/DaisySP/Source/Noise/dust.h **** class Dust
  32:../libs/PoliTeKDSP/libs/DaisySP/Source/Noise/dust.h **** {
  33:../libs/PoliTeKDSP/libs/DaisySP/Source/Noise/dust.h ****   public:
  34:../libs/PoliTeKDSP/libs/DaisySP/Source/Noise/dust.h ****     Dust() {}
  35:../libs/PoliTeKDSP/libs/DaisySP/Source/Noise/dust.h ****     ~Dust() {}
  36:../libs/PoliTeKDSP/libs/DaisySP/Source/Noise/dust.h **** 
  37:../libs/PoliTeKDSP/libs/DaisySP/Source/Noise/dust.h ****     void Init() { SetDensity(.5f); }
  38:../libs/PoliTeKDSP/libs/DaisySP/Source/Noise/dust.h **** 
  39:../libs/PoliTeKDSP/libs/DaisySP/Source/Noise/dust.h ****     float Process()
  40:../libs/PoliTeKDSP/libs/DaisySP/Source/Noise/dust.h ****     {
  41:../libs/PoliTeKDSP/libs/DaisySP/Source/Noise/dust.h ****         float inv_density = 1.0f / density_;
  42:../libs/PoliTeKDSP/libs/DaisySP/Source/Noise/dust.h ****         float u           = rand() * kRandFrac;
  43:../libs/PoliTeKDSP/libs/DaisySP/Source/Noise/dust.h ****         if(u < density_)
  44:../libs/PoliTeKDSP/libs/DaisySP/Source/Noise/dust.h ****         {
  45:../libs/PoliTeKDSP/libs/DaisySP/Source/Noise/dust.h ****             return u * inv_density;
  46:../libs/PoliTeKDSP/libs/DaisySP/Source/Noise/dust.h ****         }
  47:../libs/PoliTeKDSP/libs/DaisySP/Source/Noise/dust.h ****         return 0.0f;
  48:../libs/PoliTeKDSP/libs/DaisySP/Source/Noise/dust.h ****     }
  49:../libs/PoliTeKDSP/libs/DaisySP/Source/Noise/dust.h **** 
  50:../libs/PoliTeKDSP/libs/DaisySP/Source/Noise/dust.h ****     void SetDensity(float density)
  51:../libs/PoliTeKDSP/libs/DaisySP/Source/Noise/dust.h ****     {
  52:../libs/PoliTeKDSP/libs/DaisySP/Source/Noise/dust.h ****         density_ = fclamp(density, 0.f, 1.f);
  53:../libs/PoliTeKDSP/libs/DaisySP/Source/Noise/dust.h ****         density_ = density_ * .3f;
 680              		.loc 5 53 29 view .LVU195
 681 00ec 9FED467A 		vldr.32	s14, .L18+4
 682              	.LBE245:
 683              	.LBE244:
  44:PSP/AudioEngine.cpp **** 
  45:PSP/AudioEngine.cpp ****     _dust.SetDensity(_currentPreset.noise.color);
 684              		.loc 2 45 21 view .LVU196
 685 00f0 05F61453 		addw	r3, r5, #3348
 686              	.LBB263:
 687              	.LBB239:
  70:../libs/PoliTeKDSP/libs/DaisySP/Source/Synthesis/oscillator.h ****     }
ARM GAS  C:\Users\skipi\AppData\Local\Temp\cccqm0Sx.s 			page 21


 688              		.loc 4 70 20 view .LVU197
 689 00f4 84ED2A0A 		vstr.32	s0, [r4, #168]
 690              	.LVL43:
  70:../libs/PoliTeKDSP/libs/DaisySP/Source/Synthesis/oscillator.h ****     }
 691              		.loc 4 70 20 view .LVU198
 692              	.LBE239:
 693              	.LBE263:
 694              		.loc 2 45 5 is_stmt 1 view .LVU199
 695              	.LBB264:
 696              	.LBI244:
  50:../libs/PoliTeKDSP/libs/DaisySP/Source/Noise/dust.h ****     {
 697              		.loc 5 50 10 view .LVU200
 698              	.LBB258:
  52:../libs/PoliTeKDSP/libs/DaisySP/Source/Noise/dust.h ****         density_ = density_ * .3f;
 699              		.loc 5 52 9 view .LVU201
 700              	.LBB246:
 701              	.LBI246:
  64:../libs/PoliTeKDSP/libs/DaisySP/Source/Utility/dsp.h **** {
 702              		.loc 3 64 14 view .LVU202
 703              	.LBE246:
 704              	.LBE258:
 705              	.LBE264:
 706              		.loc 3 66 5 view .LVU203
 707              	.LBB265:
 708              	.LBB259:
 709              	.LBB255:
 710              	.LBB247:
 711              	.LBI247:
  40:../libs/PoliTeKDSP/libs/DaisySP/Source/Utility/dsp.h **** {
 712              		.loc 3 40 14 view .LVU204
 713              	.LBB248:
  42:../libs/PoliTeKDSP/libs/DaisySP/Source/Utility/dsp.h **** #ifdef __arm__
 714              		.loc 3 42 5 view .LVU205
  44:../libs/PoliTeKDSP/libs/DaisySP/Source/Utility/dsp.h **** #else
 715              		.loc 3 44 5 view .LVU206
 716              	.LBE248:
 717              	.LBE247:
 718              	.LBE255:
 719              	.LBE259:
 720              	.LBE265:
  46:PSP/AudioEngine.cpp ****     
  47:PSP/AudioEngine.cpp ****     _amp_env.SetTime(daisysp::ADSR_SEG_ATTACK, _currentPreset.amp_env.attack);
 721              		.loc 2 47 21 is_stmt 0 view .LVU207
 722 00f8 04F1BC00 		add	r0, r4, #188
 723 00fc 0121     		movs	r1, #1
 724              	.LBB266:
 725              	.LBB260:
 726              	.LBB256:
 727              	.LBB251:
 728              	.LBB249:
  44:../libs/PoliTeKDSP/libs/DaisySP/Source/Utility/dsp.h **** #else
 729              		.loc 3 44 5 view .LVU208
 730 00fe D3ED007A 		vldr.32	s15, [r3]
 731              	.LBE249:
 732              	.LBE251:
 733              	.LBE256:
 734              	.LBE260:
ARM GAS  C:\Users\skipi\AppData\Local\Temp\cccqm0Sx.s 			page 22


 735              	.LBE266:
 736              		.loc 2 47 21 view .LVU209
 737 0102 05F61853 		addw	r3, r5, #3352
 738              	.LBB267:
 739              	.LBB261:
 740              	.LBB257:
 741              	.LBB252:
 742              	.LBB250:
  44:../libs/PoliTeKDSP/libs/DaisySP/Source/Utility/dsp.h **** #else
 743              		.loc 3 44 5 view .LVU210
 744              		.syntax unified
 745              	@ 44 "../libs/PoliTeKDSP/libs/DaisySP/Source/Utility/dsp.h" 1
 746 0106 C7FEA87A 		vmaxnm.f32 s15, s15, s17
 747              	@ 0 "" 2
 748              	.LVL44:
  48:../libs/PoliTeKDSP/libs/DaisySP/Source/Utility/dsp.h **** }
 749              		.loc 3 48 5 is_stmt 1 view .LVU211
  48:../libs/PoliTeKDSP/libs/DaisySP/Source/Utility/dsp.h **** }
 750              		.loc 3 48 5 is_stmt 0 view .LVU212
 751              		.thumb
 752              		.syntax unified
 753              	.LBE250:
 754              	.LBE252:
 755              	.LBB253:
 756              	.LBI253:
  51:../libs/PoliTeKDSP/libs/DaisySP/Source/Utility/dsp.h **** {
 757              		.loc 3 51 14 is_stmt 1 view .LVU213
 758              	.LBB254:
  53:../libs/PoliTeKDSP/libs/DaisySP/Source/Utility/dsp.h **** #ifdef __arm__
 759              		.loc 3 53 5 view .LVU214
  55:../libs/PoliTeKDSP/libs/DaisySP/Source/Utility/dsp.h **** #else
 760              		.loc 3 55 5 view .LVU215
 761              		.syntax unified
 762              	@ 55 "../libs/PoliTeKDSP/libs/DaisySP/Source/Utility/dsp.h" 1
 763 010a C7FEC87A 		vminnm.f32 s15, s15, s16
 764              	@ 0 "" 2
 765              	.LVL45:
  59:../libs/PoliTeKDSP/libs/DaisySP/Source/Utility/dsp.h **** }
 766              		.loc 3 59 5 view .LVU216
  59:../libs/PoliTeKDSP/libs/DaisySP/Source/Utility/dsp.h **** }
 767              		.loc 3 59 5 is_stmt 0 view .LVU217
 768              		.thumb
 769              		.syntax unified
 770              	.LBE254:
 771              	.LBE253:
 772              	.LBE257:
 773              		.loc 5 53 9 is_stmt 1 view .LVU218
 774              		.loc 5 53 29 is_stmt 0 view .LVU219
 775 010e 67EE877A 		vmul.f32	s15, s15, s14
 776              	.LBE261:
 777              	.LBE267:
 778              		.loc 2 47 21 view .LVU220
 779 0112 0190     		str	r0, [sp, #4]
 780              	.LBB268:
 781              	.LBB262:
 782              		.loc 5 53 18 view .LVU221
 783 0114 C4ED2E7A 		vstr.32	s15, [r4, #184]
ARM GAS  C:\Users\skipi\AppData\Local\Temp\cccqm0Sx.s 			page 23


 784              	.LVL46:
 785              		.loc 5 53 18 view .LVU222
 786              	.LBE262:
 787              	.LBE268:
 788              		.loc 2 47 5 is_stmt 1 view .LVU223
 789              		.loc 2 47 21 is_stmt 0 view .LVU224
 790 0118 93ED000A 		vldr.32	s0, [r3]
 791 011c FFF7FEFF 		bl	_ZN7daisysp4Adsr7SetTimeEif
 792              	.LVL47:
  48:PSP/AudioEngine.cpp ****     _amp_env.SetTime(daisysp::ADSR_SEG_DECAY, _currentPreset.amp_env.decay);
 793              		.loc 2 48 5 is_stmt 1 view .LVU225
 794              		.loc 2 48 21 is_stmt 0 view .LVU226
 795 0120 05F61C53 		addw	r3, r5, #3356
 796 0124 0198     		ldr	r0, [sp, #4]
 797 0126 0221     		movs	r1, #2
 798 0128 93ED000A 		vldr.32	s0, [r3]
 799 012c FFF7FEFF 		bl	_ZN7daisysp4Adsr7SetTimeEif
 800              	.LVL48:
  49:PSP/AudioEngine.cpp ****     _amp_env.SetSustainLevel(_currentPreset.amp_env.sustain);
 801              		.loc 2 49 5 is_stmt 1 view .LVU227
 802              		.loc 2 49 29 is_stmt 0 view .LVU228
 803 0130 05F55263 		add	r3, r5, #3360
 804              	.LBB269:
 805              	.LBB270:
 806              		.file 6 "../libs/PoliTeKDSP/libs/DaisySP/Source/Control/adsr.h"
   1:../libs/PoliTeKDSP/libs/DaisySP/Source/Control/adsr.h **** /*
   2:../libs/PoliTeKDSP/libs/DaisySP/Source/Control/adsr.h **** Copyright (c) 2020 Electrosmith, Corp, Paul Batchelor
   3:../libs/PoliTeKDSP/libs/DaisySP/Source/Control/adsr.h **** 
   4:../libs/PoliTeKDSP/libs/DaisySP/Source/Control/adsr.h **** Use of this source code is governed by an MIT-style
   5:../libs/PoliTeKDSP/libs/DaisySP/Source/Control/adsr.h **** license that can be found in the LICENSE file or at
   6:../libs/PoliTeKDSP/libs/DaisySP/Source/Control/adsr.h **** https://opensource.org/licenses/MIT.
   7:../libs/PoliTeKDSP/libs/DaisySP/Source/Control/adsr.h **** */
   8:../libs/PoliTeKDSP/libs/DaisySP/Source/Control/adsr.h **** 
   9:../libs/PoliTeKDSP/libs/DaisySP/Source/Control/adsr.h **** #pragma once
  10:../libs/PoliTeKDSP/libs/DaisySP/Source/Control/adsr.h **** #ifndef DSY_ADSR_H
  11:../libs/PoliTeKDSP/libs/DaisySP/Source/Control/adsr.h **** #define DSY_ADSR_H
  12:../libs/PoliTeKDSP/libs/DaisySP/Source/Control/adsr.h **** 
  13:../libs/PoliTeKDSP/libs/DaisySP/Source/Control/adsr.h **** #include <stdint.h>
  14:../libs/PoliTeKDSP/libs/DaisySP/Source/Control/adsr.h **** #ifdef __cplusplus
  15:../libs/PoliTeKDSP/libs/DaisySP/Source/Control/adsr.h **** 
  16:../libs/PoliTeKDSP/libs/DaisySP/Source/Control/adsr.h **** namespace daisysp
  17:../libs/PoliTeKDSP/libs/DaisySP/Source/Control/adsr.h **** {
  18:../libs/PoliTeKDSP/libs/DaisySP/Source/Control/adsr.h **** /** Distinct stages that the phase of the envelope can be located in.
  19:../libs/PoliTeKDSP/libs/DaisySP/Source/Control/adsr.h **** - IDLE   = located at phase location 0, and not currently running
  20:../libs/PoliTeKDSP/libs/DaisySP/Source/Control/adsr.h **** - ATTACK  = First segment of envelope where phase moves from 0 to 1
  21:../libs/PoliTeKDSP/libs/DaisySP/Source/Control/adsr.h **** - DECAY   = Second segment of envelope where phase moves from 1 to SUSTAIN value
  22:../libs/PoliTeKDSP/libs/DaisySP/Source/Control/adsr.h **** - RELEASE =     Fourth segment of envelop where phase moves from SUSTAIN to 0
  23:../libs/PoliTeKDSP/libs/DaisySP/Source/Control/adsr.h **** */
  24:../libs/PoliTeKDSP/libs/DaisySP/Source/Control/adsr.h **** enum
  25:../libs/PoliTeKDSP/libs/DaisySP/Source/Control/adsr.h **** {
  26:../libs/PoliTeKDSP/libs/DaisySP/Source/Control/adsr.h ****     ADSR_SEG_IDLE    = 0,
  27:../libs/PoliTeKDSP/libs/DaisySP/Source/Control/adsr.h ****     ADSR_SEG_ATTACK  = 1,
  28:../libs/PoliTeKDSP/libs/DaisySP/Source/Control/adsr.h ****     ADSR_SEG_DECAY   = 2,
  29:../libs/PoliTeKDSP/libs/DaisySP/Source/Control/adsr.h ****     ADSR_SEG_RELEASE = 4
  30:../libs/PoliTeKDSP/libs/DaisySP/Source/Control/adsr.h **** };
  31:../libs/PoliTeKDSP/libs/DaisySP/Source/Control/adsr.h **** 
  32:../libs/PoliTeKDSP/libs/DaisySP/Source/Control/adsr.h **** 
ARM GAS  C:\Users\skipi\AppData\Local\Temp\cccqm0Sx.s 			page 24


  33:../libs/PoliTeKDSP/libs/DaisySP/Source/Control/adsr.h **** /** adsr envelope module
  34:../libs/PoliTeKDSP/libs/DaisySP/Source/Control/adsr.h **** 
  35:../libs/PoliTeKDSP/libs/DaisySP/Source/Control/adsr.h **** Original author(s) : Paul Batchelor
  36:../libs/PoliTeKDSP/libs/DaisySP/Source/Control/adsr.h **** 
  37:../libs/PoliTeKDSP/libs/DaisySP/Source/Control/adsr.h **** Ported from Soundpipe by Ben Sergentanis, May 2020
  38:../libs/PoliTeKDSP/libs/DaisySP/Source/Control/adsr.h ****  
  39:../libs/PoliTeKDSP/libs/DaisySP/Source/Control/adsr.h **** Remake by Steffan DIedrichsen, May 2021
  40:../libs/PoliTeKDSP/libs/DaisySP/Source/Control/adsr.h **** */
  41:../libs/PoliTeKDSP/libs/DaisySP/Source/Control/adsr.h **** class Adsr
  42:../libs/PoliTeKDSP/libs/DaisySP/Source/Control/adsr.h **** {
  43:../libs/PoliTeKDSP/libs/DaisySP/Source/Control/adsr.h ****   public:
  44:../libs/PoliTeKDSP/libs/DaisySP/Source/Control/adsr.h ****     Adsr() {}
  45:../libs/PoliTeKDSP/libs/DaisySP/Source/Control/adsr.h ****     ~Adsr() {}
  46:../libs/PoliTeKDSP/libs/DaisySP/Source/Control/adsr.h ****     /** Initializes the Adsr module.
  47:../libs/PoliTeKDSP/libs/DaisySP/Source/Control/adsr.h ****         \param sample_rate - The sample rate of the audio engine being run. 
  48:../libs/PoliTeKDSP/libs/DaisySP/Source/Control/adsr.h ****     */
  49:../libs/PoliTeKDSP/libs/DaisySP/Source/Control/adsr.h ****     void Init(float sample_rate, int blockSize = 1);
  50:../libs/PoliTeKDSP/libs/DaisySP/Source/Control/adsr.h ****     /**
  51:../libs/PoliTeKDSP/libs/DaisySP/Source/Control/adsr.h ****      \function Retrigger forces the envelope back to attack phase
  52:../libs/PoliTeKDSP/libs/DaisySP/Source/Control/adsr.h ****      \param hard  resets the history to zero, results in a click.
  53:../libs/PoliTeKDSP/libs/DaisySP/Source/Control/adsr.h ****      */
  54:../libs/PoliTeKDSP/libs/DaisySP/Source/Control/adsr.h ****     void Retrigger(bool hard);
  55:../libs/PoliTeKDSP/libs/DaisySP/Source/Control/adsr.h ****     /** Processes one sample through the filter and returns one sample.
  56:../libs/PoliTeKDSP/libs/DaisySP/Source/Control/adsr.h ****         \param gate - trigger the envelope, hold it to sustain 
  57:../libs/PoliTeKDSP/libs/DaisySP/Source/Control/adsr.h ****     */
  58:../libs/PoliTeKDSP/libs/DaisySP/Source/Control/adsr.h ****     float Process(bool gate);
  59:../libs/PoliTeKDSP/libs/DaisySP/Source/Control/adsr.h ****     /** Sets time
  60:../libs/PoliTeKDSP/libs/DaisySP/Source/Control/adsr.h ****         Set time per segment in seconds
  61:../libs/PoliTeKDSP/libs/DaisySP/Source/Control/adsr.h ****     */
  62:../libs/PoliTeKDSP/libs/DaisySP/Source/Control/adsr.h ****     void SetTime(int seg, float time);
  63:../libs/PoliTeKDSP/libs/DaisySP/Source/Control/adsr.h ****     void SetAttackTime(float timeInS, float shape = 0.0f);
  64:../libs/PoliTeKDSP/libs/DaisySP/Source/Control/adsr.h ****     void SetDecayTime(float timeInS);
  65:../libs/PoliTeKDSP/libs/DaisySP/Source/Control/adsr.h ****     void SetReleaseTime(float timeInS);
  66:../libs/PoliTeKDSP/libs/DaisySP/Source/Control/adsr.h **** 
  67:../libs/PoliTeKDSP/libs/DaisySP/Source/Control/adsr.h ****   private:
  68:../libs/PoliTeKDSP/libs/DaisySP/Source/Control/adsr.h ****     void SetTimeConstant(float timeInS, float& time, float& coeff);
  69:../libs/PoliTeKDSP/libs/DaisySP/Source/Control/adsr.h **** 
  70:../libs/PoliTeKDSP/libs/DaisySP/Source/Control/adsr.h ****   public:
  71:../libs/PoliTeKDSP/libs/DaisySP/Source/Control/adsr.h ****     /** Sustain level
  72:../libs/PoliTeKDSP/libs/DaisySP/Source/Control/adsr.h ****         \param sus_level - sets sustain level, 0...1.0
  73:../libs/PoliTeKDSP/libs/DaisySP/Source/Control/adsr.h ****     */
  74:../libs/PoliTeKDSP/libs/DaisySP/Source/Control/adsr.h ****     inline void SetSustainLevel(float sus_level)
  75:../libs/PoliTeKDSP/libs/DaisySP/Source/Control/adsr.h ****     {
  76:../libs/PoliTeKDSP/libs/DaisySP/Source/Control/adsr.h ****         sus_level = (sus_level <= 0.f) ? -0.01f // forces envelope into idle
 807              		.loc 6 76 40 view .LVU229
 808 0134 0198     		ldr	r0, [sp, #4]
 809              	.LBE270:
 810              	.LBE269:
 811              		.loc 2 49 29 view .LVU230
 812 0136 D3ED007A 		vldr.32	s15, [r3]
 813              	.LVL49:
 814              	.LBB274:
 815              	.LBI269:
  74:../libs/PoliTeKDSP/libs/DaisySP/Source/Control/adsr.h ****     {
 816              		.loc 6 74 17 is_stmt 1 view .LVU231
 817              	.LBB271:
 818              		.loc 6 76 9 view .LVU232
ARM GAS  C:\Users\skipi\AppData\Local\Temp\cccqm0Sx.s 			page 25


 819              		.loc 6 76 40 is_stmt 0 view .LVU233
 820 013a F4EEE87A 		vcmpe.f32	s15, s17
 821 013e F1EE10FA 		vmrs	APSR_nzcv, FPSCR
 822 0142 59D9     		bls	.L14
  77:../libs/PoliTeKDSP/libs/DaisySP/Source/Control/adsr.h ****                                        : (sus_level > 1.f) ? 1.f : sus_level;
 823              		.loc 6 77 60 view .LVU234
 824 0144 F4EE487A 		vcmp.f32	s15, s16
 825 0148 F1EE10FA 		vmrs	APSR_nzcv, FPSCR
 826 014c 78FE277A 		vselgt.f32	s15, s16, s15
 827              	.LVL50:
 828              	.L12:
  78:../libs/PoliTeKDSP/libs/DaisySP/Source/Control/adsr.h ****         sus_level_ = sus_level;
 829              		.loc 6 78 9 is_stmt 1 view .LVU235
 830              	.LBE271:
 831              	.LBE274:
  50:PSP/AudioEngine.cpp ****     _amp_env.SetTime(daisysp::ADSR_SEG_RELEASE, _currentPreset.amp_env.release);
 832              		.loc 2 50 21 is_stmt 0 view .LVU236
 833 0150 05F62453 		addw	r3, r5, #3364
 834              	.LBB275:
 835              	.LBB272:
 836              		.loc 6 78 20 view .LVU237
 837 0154 C4ED2F7A 		vstr.32	s15, [r4, #188]
 838              	.LVL51:
 839              		.loc 6 78 20 view .LVU238
 840              	.LBE272:
 841              	.LBE275:
 842              		.loc 2 50 5 is_stmt 1 view .LVU239
 843              		.loc 2 50 21 is_stmt 0 view .LVU240
 844 0158 0421     		movs	r1, #4
 845 015a 93ED000A 		vldr.32	s0, [r3]
 846 015e FFF7FEFF 		bl	_ZN7daisysp4Adsr7SetTimeEif
 847              	.LVL52:
  51:PSP/AudioEngine.cpp **** 
  52:PSP/AudioEngine.cpp ****     _filt_env.SetTime(daisysp::ADSR_SEG_ATTACK, _currentPreset.filt_env.attack);
 848              		.loc 2 52 5 is_stmt 1 view .LVU241
 849              		.loc 2 52 22 is_stmt 0 view .LVU242
 850 0162 05F62C53 		addw	r3, r5, #3372
 851 0166 04F1EC00 		add	r0, r4, #236
 852 016a 0121     		movs	r1, #1
 853 016c 93ED000A 		vldr.32	s0, [r3]
 854 0170 0190     		str	r0, [sp, #4]
 855 0172 FFF7FEFF 		bl	_ZN7daisysp4Adsr7SetTimeEif
 856              	.LVL53:
  53:PSP/AudioEngine.cpp ****     _filt_env.SetTime(daisysp::ADSR_SEG_DECAY, _currentPreset.filt_env.decay);
 857              		.loc 2 53 5 is_stmt 1 view .LVU243
 858              		.loc 2 53 22 is_stmt 0 view .LVU244
 859 0176 05F55363 		add	r3, r5, #3376
 860 017a 0198     		ldr	r0, [sp, #4]
 861 017c 0221     		movs	r1, #2
 862 017e 93ED000A 		vldr.32	s0, [r3]
 863 0182 FFF7FEFF 		bl	_ZN7daisysp4Adsr7SetTimeEif
 864              	.LVL54:
  54:PSP/AudioEngine.cpp ****     _filt_env.SetSustainLevel(_currentPreset.filt_env.sustain);
 865              		.loc 2 54 5 is_stmt 1 view .LVU245
 866              		.loc 2 54 30 is_stmt 0 view .LVU246
 867 0186 05F63453 		addw	r3, r5, #3380
 868              	.LBB276:
ARM GAS  C:\Users\skipi\AppData\Local\Temp\cccqm0Sx.s 			page 26


 869              	.LBB277:
  76:../libs/PoliTeKDSP/libs/DaisySP/Source/Control/adsr.h ****                                        : (sus_level > 1.f) ? 1.f : sus_level;
 870              		.loc 6 76 40 view .LVU247
 871 018a 0198     		ldr	r0, [sp, #4]
 872              	.LBE277:
 873              	.LBE276:
 874              		.loc 2 54 30 view .LVU248
 875 018c D3ED007A 		vldr.32	s15, [r3]
 876              	.LVL55:
 877              	.LBB281:
 878              	.LBI276:
  74:../libs/PoliTeKDSP/libs/DaisySP/Source/Control/adsr.h ****     {
 879              		.loc 6 74 17 is_stmt 1 view .LVU249
 880              	.LBB278:
  76:../libs/PoliTeKDSP/libs/DaisySP/Source/Control/adsr.h ****                                        : (sus_level > 1.f) ? 1.f : sus_level;
 881              		.loc 6 76 9 view .LVU250
  76:../libs/PoliTeKDSP/libs/DaisySP/Source/Control/adsr.h ****                                        : (sus_level > 1.f) ? 1.f : sus_level;
 882              		.loc 6 76 40 is_stmt 0 view .LVU251
 883 0190 F5EEC07A 		vcmpe.f32	s15, #0
 884 0194 F1EE10FA 		vmrs	APSR_nzcv, FPSCR
 885 0198 31D9     		bls	.L16
  77:../libs/PoliTeKDSP/libs/DaisySP/Source/Control/adsr.h ****         sus_level_ = sus_level;
 886              		.loc 6 77 60 view .LVU252
 887 019a F4EE487A 		vcmp.f32	s15, s16
 888 019e B7EE007A 		vmov.f32	s14, #1.0e+0
 889 01a2 F1EE10FA 		vmrs	APSR_nzcv, FPSCR
 890 01a6 77FE277A 		vselgt.f32	s15, s14, s15
 891              	.LVL56:
 892              	.L13:
 893              		.loc 6 78 9 is_stmt 1 view .LVU253
 894              	.LBE278:
 895              	.LBE281:
  55:PSP/AudioEngine.cpp ****     _filt_env.SetTime(daisysp::ADSR_SEG_RELEASE, _currentPreset.filt_env.release);
 896              		.loc 2 55 22 is_stmt 0 view .LVU254
 897 01aa 05F63853 		addw	r3, r5, #3384
 898              	.LBB282:
 899              	.LBB279:
 900              		.loc 6 78 20 view .LVU255
 901 01ae C4ED3B7A 		vstr.32	s15, [r4, #236]
 902              	.LVL57:
 903              		.loc 6 78 20 view .LVU256
 904              	.LBE279:
 905              	.LBE282:
 906              		.loc 2 55 5 is_stmt 1 view .LVU257
 907              		.loc 2 55 22 is_stmt 0 view .LVU258
 908 01b2 0421     		movs	r1, #4
 909 01b4 93ED000A 		vldr.32	s0, [r3]
 910 01b8 FFF7FEFF 		bl	_ZN7daisysp4Adsr7SetTimeEif
 911              	.LVL58:
  56:PSP/AudioEngine.cpp **** 
  57:PSP/AudioEngine.cpp ****     _filt.SetRes(_currentPreset.filter.resonance);
 912              		.loc 2 57 5 is_stmt 1 view .LVU259
 913              		.loc 2 57 17 is_stmt 0 view .LVU260
 914 01bc 05F64453 		addw	r3, r5, #3396
 915 01c0 04F58E70 		add	r0, r4, #284
 916 01c4 93ED000A 		vldr.32	s0, [r3]
 917 01c8 0190     		str	r0, [sp, #4]
ARM GAS  C:\Users\skipi\AppData\Local\Temp\cccqm0Sx.s 			page 27


 918 01ca FFF7FEFF 		bl	_ZN7daisysp12LadderFilter6SetResEf
 919              	.LVL59:
  58:PSP/AudioEngine.cpp ****     _filt.SetFreq(_currentPreset.filter.cutoff);
 920              		.loc 2 58 5 is_stmt 1 view .LVU261
 921              		.loc 2 58 18 is_stmt 0 view .LVU262
 922 01ce 05F55463 		add	r3, r5, #3392
 923 01d2 0198     		ldr	r0, [sp, #4]
 924 01d4 93ED000A 		vldr.32	s0, [r3]
 925 01d8 FFF7FEFF 		bl	_ZN7daisysp12LadderFilter7SetFreqEf
 926              	.LVL60:
  59:PSP/AudioEngine.cpp **** 
  60:PSP/AudioEngine.cpp ****     _reverb.SetLpFreq(_currentPreset.reverb.lpFreq);
 927              		.loc 2 60 5 is_stmt 1 view .LVU263
 928              	.LBB283:
 929              	.LBI283:
 930              		.file 7 "../libs/PoliTeKDSP/libs/DaisySP/DaisySP-LGPL/Source/Effects/reverbsc.h"
   1:../libs/PoliTeKDSP/libs/DaisySP/DaisySP-LGPL/Source/Effects/reverbsc.h **** /*
   2:../libs/PoliTeKDSP/libs/DaisySP/DaisySP-LGPL/Source/Effects/reverbsc.h **** Copyright (c) 2023 Electrosmith, Corp, Sean Costello, Istvan Varga, Paul Batchelor
   3:../libs/PoliTeKDSP/libs/DaisySP/DaisySP-LGPL/Source/Effects/reverbsc.h **** 
   4:../libs/PoliTeKDSP/libs/DaisySP/DaisySP-LGPL/Source/Effects/reverbsc.h **** Use of this source code is governed by the LGPL V2.1
   5:../libs/PoliTeKDSP/libs/DaisySP/DaisySP-LGPL/Source/Effects/reverbsc.h **** license that can be found in the LICENSE file or at
   6:../libs/PoliTeKDSP/libs/DaisySP/DaisySP-LGPL/Source/Effects/reverbsc.h **** https://opensource.org/license/lgpl-2-1/
   7:../libs/PoliTeKDSP/libs/DaisySP/DaisySP-LGPL/Source/Effects/reverbsc.h **** */
   8:../libs/PoliTeKDSP/libs/DaisySP/DaisySP-LGPL/Source/Effects/reverbsc.h **** 
   9:../libs/PoliTeKDSP/libs/DaisySP/DaisySP-LGPL/Source/Effects/reverbsc.h **** #pragma once
  10:../libs/PoliTeKDSP/libs/DaisySP/DaisySP-LGPL/Source/Effects/reverbsc.h **** #ifndef DSYSP_REVERBSC_H
  11:../libs/PoliTeKDSP/libs/DaisySP/DaisySP-LGPL/Source/Effects/reverbsc.h **** #define DSYSP_REVERBSC_H
  12:../libs/PoliTeKDSP/libs/DaisySP/DaisySP-LGPL/Source/Effects/reverbsc.h **** 
  13:../libs/PoliTeKDSP/libs/DaisySP/DaisySP-LGPL/Source/Effects/reverbsc.h **** #define DSY_REVERBSC_MAX_SIZE 98936
  14:../libs/PoliTeKDSP/libs/DaisySP/DaisySP-LGPL/Source/Effects/reverbsc.h **** 
  15:../libs/PoliTeKDSP/libs/DaisySP/DaisySP-LGPL/Source/Effects/reverbsc.h **** namespace daisysp
  16:../libs/PoliTeKDSP/libs/DaisySP/DaisySP-LGPL/Source/Effects/reverbsc.h **** {
  17:../libs/PoliTeKDSP/libs/DaisySP/DaisySP-LGPL/Source/Effects/reverbsc.h **** /**Delay line for internal reverb use
  18:../libs/PoliTeKDSP/libs/DaisySP/DaisySP-LGPL/Source/Effects/reverbsc.h **** */
  19:../libs/PoliTeKDSP/libs/DaisySP/DaisySP-LGPL/Source/Effects/reverbsc.h **** typedef struct
  20:../libs/PoliTeKDSP/libs/DaisySP/DaisySP-LGPL/Source/Effects/reverbsc.h **** {
  21:../libs/PoliTeKDSP/libs/DaisySP/DaisySP-LGPL/Source/Effects/reverbsc.h ****     int    write_pos;         /**< write position */
  22:../libs/PoliTeKDSP/libs/DaisySP/DaisySP-LGPL/Source/Effects/reverbsc.h ****     int    buffer_size;       /**< buffer size */
  23:../libs/PoliTeKDSP/libs/DaisySP/DaisySP-LGPL/Source/Effects/reverbsc.h ****     int    read_pos;          /**< read position */
  24:../libs/PoliTeKDSP/libs/DaisySP/DaisySP-LGPL/Source/Effects/reverbsc.h ****     int    read_pos_frac;     /**< fractional component of read pos */
  25:../libs/PoliTeKDSP/libs/DaisySP/DaisySP-LGPL/Source/Effects/reverbsc.h ****     int    read_pos_frac_inc; /**< increment for fractional */
  26:../libs/PoliTeKDSP/libs/DaisySP/DaisySP-LGPL/Source/Effects/reverbsc.h ****     int    dummy;             /**<  dummy var */
  27:../libs/PoliTeKDSP/libs/DaisySP/DaisySP-LGPL/Source/Effects/reverbsc.h ****     int    seed_val;          /**< randseed */
  28:../libs/PoliTeKDSP/libs/DaisySP/DaisySP-LGPL/Source/Effects/reverbsc.h ****     int    rand_line_cnt;     /**< number of random lines */
  29:../libs/PoliTeKDSP/libs/DaisySP/DaisySP-LGPL/Source/Effects/reverbsc.h ****     float  filter_state;      /**< state of filter */
  30:../libs/PoliTeKDSP/libs/DaisySP/DaisySP-LGPL/Source/Effects/reverbsc.h ****     float *buf;               /**< buffer ptr */
  31:../libs/PoliTeKDSP/libs/DaisySP/DaisySP-LGPL/Source/Effects/reverbsc.h **** } ReverbScDl;
  32:../libs/PoliTeKDSP/libs/DaisySP/DaisySP-LGPL/Source/Effects/reverbsc.h **** 
  33:../libs/PoliTeKDSP/libs/DaisySP/DaisySP-LGPL/Source/Effects/reverbsc.h **** /** Stereo Reverb */
  34:../libs/PoliTeKDSP/libs/DaisySP/DaisySP-LGPL/Source/Effects/reverbsc.h **** class ReverbSc
  35:../libs/PoliTeKDSP/libs/DaisySP/DaisySP-LGPL/Source/Effects/reverbsc.h **** {
  36:../libs/PoliTeKDSP/libs/DaisySP/DaisySP-LGPL/Source/Effects/reverbsc.h ****   public:
  37:../libs/PoliTeKDSP/libs/DaisySP/DaisySP-LGPL/Source/Effects/reverbsc.h ****     ReverbSc() {}
  38:../libs/PoliTeKDSP/libs/DaisySP/DaisySP-LGPL/Source/Effects/reverbsc.h ****     ~ReverbSc() {}
  39:../libs/PoliTeKDSP/libs/DaisySP/DaisySP-LGPL/Source/Effects/reverbsc.h ****     /** Initializes the reverb module, and sets the sample_rate at which the Process function will 
  40:../libs/PoliTeKDSP/libs/DaisySP/DaisySP-LGPL/Source/Effects/reverbsc.h ****         Returns 0 if all good, or 1 if it runs out of delay times exceed maximum allowed.
  41:../libs/PoliTeKDSP/libs/DaisySP/DaisySP-LGPL/Source/Effects/reverbsc.h ****     */
ARM GAS  C:\Users\skipi\AppData\Local\Temp\cccqm0Sx.s 			page 28


  42:../libs/PoliTeKDSP/libs/DaisySP/DaisySP-LGPL/Source/Effects/reverbsc.h ****     int Init(float sample_rate);
  43:../libs/PoliTeKDSP/libs/DaisySP/DaisySP-LGPL/Source/Effects/reverbsc.h **** 
  44:../libs/PoliTeKDSP/libs/DaisySP/DaisySP-LGPL/Source/Effects/reverbsc.h ****     /** Process the input through the reverb, and updates values of out1, and out2 with the new pro
  45:../libs/PoliTeKDSP/libs/DaisySP/DaisySP-LGPL/Source/Effects/reverbsc.h ****     */
  46:../libs/PoliTeKDSP/libs/DaisySP/DaisySP-LGPL/Source/Effects/reverbsc.h ****     int Process(const float &in1, const float &in2, float *out1, float *out2);
  47:../libs/PoliTeKDSP/libs/DaisySP/DaisySP-LGPL/Source/Effects/reverbsc.h **** 
  48:../libs/PoliTeKDSP/libs/DaisySP/DaisySP-LGPL/Source/Effects/reverbsc.h ****     /** controls the reverb time. reverb tail becomes infinite when set to 1.0
  49:../libs/PoliTeKDSP/libs/DaisySP/DaisySP-LGPL/Source/Effects/reverbsc.h ****         \param fb - sets reverb time. range: 0.0 to 1.0
  50:../libs/PoliTeKDSP/libs/DaisySP/DaisySP-LGPL/Source/Effects/reverbsc.h ****     */
  51:../libs/PoliTeKDSP/libs/DaisySP/DaisySP-LGPL/Source/Effects/reverbsc.h ****     inline void SetFeedback(const float &fb) { feedback_ = fb; }
  52:../libs/PoliTeKDSP/libs/DaisySP/DaisySP-LGPL/Source/Effects/reverbsc.h ****     /** controls the internal dampening filter's cutoff frequency.
  53:../libs/PoliTeKDSP/libs/DaisySP/DaisySP-LGPL/Source/Effects/reverbsc.h ****         \param freq - low pass frequency. range: 0.0 to sample_rate / 2
  54:../libs/PoliTeKDSP/libs/DaisySP/DaisySP-LGPL/Source/Effects/reverbsc.h ****     */
  55:../libs/PoliTeKDSP/libs/DaisySP/DaisySP-LGPL/Source/Effects/reverbsc.h ****     inline void SetLpFreq(const float &freq) { lpfreq_ = freq; }
 931              		.loc 7 55 17 view .LVU264
 932              	.LBB284:
 933              		.loc 7 55 48 view .LVU265
 934              		.loc 7 55 58 is_stmt 0 view .LVU266
 935 01dc 05F64C53 		addw	r3, r5, #3404
 936              	.LBE284:
 937              	.LBE283:
 938              	.LBB286:
 939              	.LBB287:
  51:../libs/PoliTeKDSP/libs/DaisySP/DaisySP-LGPL/Source/Effects/reverbsc.h ****     /** controls the internal dampening filter's cutoff frequency.
 940              		.loc 7 51 60 view .LVU267
 941 01e0 05F55565 		add	r5, r5, #3408
 942              	.LBE287:
 943              	.LBE286:
 944              	.LBB289:
 945              	.LBB285:
 946              		.loc 7 55 56 view .LVU268
 947 01e4 1B68     		ldr	r3, [r3]	@ float
 948 01e6 C4F87C31 		str	r3, [r4, #380]	@ float
 949              	.LVL61:
 950              		.loc 7 55 56 view .LVU269
 951              	.LBE285:
 952              	.LBE289:
  61:PSP/AudioEngine.cpp ****     _reverb.SetFeedback(_currentPreset.reverb.feedback);
 953              		.loc 2 61 5 is_stmt 1 view .LVU270
 954              	.LBB290:
 955              	.LBI286:
  51:../libs/PoliTeKDSP/libs/DaisySP/DaisySP-LGPL/Source/Effects/reverbsc.h ****     /** controls the internal dampening filter's cutoff frequency.
 956              		.loc 7 51 17 view .LVU271
 957              	.LBB288:
  51:../libs/PoliTeKDSP/libs/DaisySP/DaisySP-LGPL/Source/Effects/reverbsc.h ****     /** controls the internal dampening filter's cutoff frequency.
 958              		.loc 7 51 48 view .LVU272
  51:../libs/PoliTeKDSP/libs/DaisySP/DaisySP-LGPL/Source/Effects/reverbsc.h ****     /** controls the internal dampening filter's cutoff frequency.
 959              		.loc 7 51 58 is_stmt 0 view .LVU273
 960 01ea 2B68     		ldr	r3, [r5]	@ float
 961 01ec C4F87831 		str	r3, [r4, #376]	@ float
 962              	.LVL62:
  51:../libs/PoliTeKDSP/libs/DaisySP/DaisySP-LGPL/Source/Effects/reverbsc.h ****     /** controls the internal dampening filter's cutoff frequency.
 963              		.loc 7 51 58 view .LVU274
 964              	.LBE288:
 965              	.LBE290:
  62:PSP/AudioEngine.cpp **** }
 966              		.loc 2 62 1 view .LVU275
ARM GAS  C:\Users\skipi\AppData\Local\Temp\cccqm0Sx.s 			page 29


 967 01f0 03B0     		add	sp, sp, #12
 968              		.cfi_remember_state
 969              		.cfi_def_cfa_offset 28
 970              		@ sp needed
 971 01f2 BDEC028B 		vldm	sp!, {d8}
 972              		.cfi_restore 80
 973              		.cfi_restore 81
 974              		.cfi_def_cfa_offset 20
 975 01f6 F0BD     		pop	{r4, r5, r6, r7, pc}
 976              	.LVL63:
 977              	.L14:
 978              		.cfi_restore_state
 979              	.LBB291:
 980              	.LBB273:
  76:../libs/PoliTeKDSP/libs/DaisySP/Source/Control/adsr.h ****                                        : (sus_level > 1.f) ? 1.f : sus_level;
 981              		.loc 6 76 40 view .LVU276
 982 01f8 DFED047A 		vldr.32	s15, .L18+8
 983              	.LVL64:
  76:../libs/PoliTeKDSP/libs/DaisySP/Source/Control/adsr.h ****                                        : (sus_level > 1.f) ? 1.f : sus_level;
 984              		.loc 6 76 40 view .LVU277
 985 01fc A8E7     		b	.L12
 986              	.LVL65:
 987              	.L16:
  76:../libs/PoliTeKDSP/libs/DaisySP/Source/Control/adsr.h ****                                        : (sus_level > 1.f) ? 1.f : sus_level;
 988              		.loc 6 76 40 view .LVU278
 989              	.LBE273:
 990              	.LBE291:
 991              	.LBB292:
 992              	.LBB280:
 993 01fe DFED037A 		vldr.32	s15, .L18+8
 994              	.LVL66:
  76:../libs/PoliTeKDSP/libs/DaisySP/Source/Control/adsr.h ****                                        : (sus_level > 1.f) ? 1.f : sus_level;
 995              		.loc 6 76 40 view .LVU279
 996 0202 D2E7     		b	.L13
 997              	.L19:
 998              		.align	2
 999              	.L18:
 1000 0204 00000000 		.word	0
 1001 0208 9A99993E 		.word	1050253722
 1002 020c 0AD723BC 		.word	-1138501878
 1003              	.LBE280:
 1004              	.LBE292:
 1005              		.cfi_endproc
 1006              	.LFE3767:
 1008              		.section	.text._ZN11AudioEngine4InitEf,"ax",%progbits
 1009              		.align	1
 1010              		.global	_ZN11AudioEngine4InitEf
 1011              		.syntax unified
 1012              		.thumb
 1013              		.thumb_func
 1014              		.fpu fpv5-d16
 1016              	_ZN11AudioEngine4InitEf:
 1017              	.LVL67:
 1018              	.LFB3766:
   4:PSP/AudioEngine.cpp ****     _osc1.Init(sample_rate);
 1019              		.loc 2 4 43 is_stmt 1 view -0
 1020              		.cfi_startproc
ARM GAS  C:\Users\skipi\AppData\Local\Temp\cccqm0Sx.s 			page 30


 1021              		@ args = 0, pretend = 0, frame = 0
 1022              		@ frame_needed = 0, uses_anonymous_args = 0
   5:PSP/AudioEngine.cpp ****     _osc2.Init(sample_rate);
 1023              		.loc 2 5 5 view .LVU281
   4:PSP/AudioEngine.cpp ****     _osc1.Init(sample_rate);
 1024              		.loc 2 4 43 is_stmt 0 view .LVU282
 1025 0000 2DE9F041 		push	{r4, r5, r6, r7, r8, lr}
 1026              		.cfi_def_cfa_offset 24
 1027              		.cfi_offset 4, -24
 1028              		.cfi_offset 5, -20
 1029              		.cfi_offset 6, -16
 1030              		.cfi_offset 7, -12
 1031              		.cfi_offset 8, -8
 1032              		.cfi_offset 14, -4
 1033 0004 2DED048B 		vpush.64	{d8, d9}
 1034              		.cfi_def_cfa_offset 40
 1035              		.cfi_offset 80, -40
 1036              		.cfi_offset 81, -36
 1037              		.cfi_offset 82, -32
 1038              		.cfi_offset 83, -28
   4:PSP/AudioEngine.cpp ****     _osc1.Init(sample_rate);
 1039              		.loc 2 4 43 view .LVU283
 1040 0008 B0EE408A 		vmov.f32	s16, s0
 1041 000c 0446     		mov	r4, r0
   5:PSP/AudioEngine.cpp ****     _osc2.Init(sample_rate);
 1042              		.loc 2 5 15 view .LVU284
 1043 000e FFF7FEFF 		bl	_ZN10politekdsp10Oscillator4InitEf
 1044              	.LVL68:
   6:PSP/AudioEngine.cpp ****     _lfo1.Init(sample_rate);
 1045              		.loc 2 6 5 is_stmt 1 view .LVU285
 1046              	.LBB299:
 1047              	.LBB300:
  54:../libs/PoliTeKDSP/libs/DaisySP/Source/Synthesis/oscillator.h ****         amp_       = 0.5f;
 1048              		.loc 4 54 20 is_stmt 0 view .LVU286
 1049 0012 DFED3B8A 		vldr.32	s17, .L21
 1050              	.LBE300:
 1051              	.LBE299:
   6:PSP/AudioEngine.cpp ****     _lfo1.Init(sample_rate);
 1052              		.loc 2 6 15 view .LVU287
 1053 0016 04F13000 		add	r0, r4, #48
 1054              	.LBB306:
 1055              	.LBB301:
  55:../libs/PoliTeKDSP/libs/DaisySP/Source/Synthesis/oscillator.h ****         pw_        = 0.5f;
 1056              		.loc 4 55 20 view .LVU288
 1057 001a 4FF07C55 		mov	r5, #1056964608
 1058              	.LBE301:
 1059              	.LBE306:
   6:PSP/AudioEngine.cpp ****     _lfo1.Init(sample_rate);
 1060              		.loc 2 6 15 view .LVU289
 1061 001e B0EE480A 		vmov.f32	s0, s16
 1062              	.LBB307:
 1063              	.LBB302:
  57:../libs/PoliTeKDSP/libs/DaisySP/Source/Synthesis/oscillator.h ****         phase_inc_ = CalcPhaseInc(freq_);
 1064              		.loc 4 57 20 view .LVU290
 1065 0022 4FF00008 		mov	r8, #0
 1066              	.LBE302:
 1067              	.LBE307:
ARM GAS  C:\Users\skipi\AppData\Local\Temp\cccqm0Sx.s 			page 31


   6:PSP/AudioEngine.cpp ****     _lfo1.Init(sample_rate);
 1068              		.loc 2 6 15 view .LVU291
 1069 0026 FFF7FEFF 		bl	_ZN10politekdsp10Oscillator4InitEf
 1070              	.LVL69:
   7:PSP/AudioEngine.cpp ****     _lfo2.Init(sample_rate);
 1071              		.loc 2 7 5 is_stmt 1 view .LVU292
 1072              	.LBB308:
 1073              	.LBI299:
  50:../libs/PoliTeKDSP/libs/DaisySP/Source/Synthesis/oscillator.h ****     {
 1074              		.loc 4 50 10 view .LVU293
 1075              	.LBB303:
  52:../libs/PoliTeKDSP/libs/DaisySP/Source/Synthesis/oscillator.h ****         sr_recip_  = 1.0f / sample_rate;
 1076              		.loc 4 52 9 view .LVU294
  53:../libs/PoliTeKDSP/libs/DaisySP/Source/Synthesis/oscillator.h ****         freq_      = 100.0f;
 1077              		.loc 4 53 27 is_stmt 0 view .LVU295
 1078 002a F7EE007A 		vmov.f32	s15, #1.0e+0
  59:../libs/PoliTeKDSP/libs/DaisySP/Source/Synthesis/oscillator.h ****         eoc_       = true;
 1079              		.loc 4 59 20 view .LVU296
 1080 002e 0026     		movs	r6, #0
  61:../libs/PoliTeKDSP/libs/DaisySP/Source/Synthesis/oscillator.h ****     }
 1081              		.loc 4 61 20 view .LVU297
 1082 0030 40F20117 		movw	r7, #257
  58:../libs/PoliTeKDSP/libs/DaisySP/Source/Synthesis/oscillator.h ****         waveform_  = WAVE_SIN;
 1083              		.loc 4 58 34 view .LVU298
 1084 0034 B0EE680A 		vmov.f32	s0, s17
 1085 0038 04F16000 		add	r0, r4, #96
 1086              	.LVL70:
  53:../libs/PoliTeKDSP/libs/DaisySP/Source/Synthesis/oscillator.h ****         freq_      = 100.0f;
 1087              		.loc 4 53 27 view .LVU299
 1088 003c 87EE889A 		vdiv.f32	s18, s15, s16
  52:../libs/PoliTeKDSP/libs/DaisySP/Source/Synthesis/oscillator.h ****         sr_recip_  = 1.0f / sample_rate;
 1089              		.loc 4 52 20 view .LVU300
 1090 0040 84ED1C8A 		vstr.32	s16, [r4, #112]
  53:../libs/PoliTeKDSP/libs/DaisySP/Source/Synthesis/oscillator.h ****         freq_      = 100.0f;
 1091              		.loc 4 53 9 is_stmt 1 view .LVU301
  54:../libs/PoliTeKDSP/libs/DaisySP/Source/Synthesis/oscillator.h ****         amp_       = 0.5f;
 1092              		.loc 4 54 20 is_stmt 0 view .LVU302
 1093 0044 C4ED1A8A 		vstr.32	s17, [r4, #104]
  55:../libs/PoliTeKDSP/libs/DaisySP/Source/Synthesis/oscillator.h ****         pw_        = 0.5f;
 1094              		.loc 4 55 20 view .LVU303
 1095 0048 6566     		str	r5, [r4, #100]	@ float
  56:../libs/PoliTeKDSP/libs/DaisySP/Source/Synthesis/oscillator.h ****         phase_     = 0.0f;
 1096              		.loc 4 56 20 view .LVU304
 1097 004a E566     		str	r5, [r4, #108]	@ float
  57:../libs/PoliTeKDSP/libs/DaisySP/Source/Synthesis/oscillator.h ****         phase_inc_ = CalcPhaseInc(freq_);
 1098              		.loc 4 57 20 view .LVU305
 1099 004c C4F87880 		str	r8, [r4, #120]	@ float
  53:../libs/PoliTeKDSP/libs/DaisySP/Source/Synthesis/oscillator.h ****         freq_      = 100.0f;
 1100              		.loc 4 53 20 view .LVU306
 1101 0050 84ED1D9A 		vstr.32	s18, [r4, #116]
  54:../libs/PoliTeKDSP/libs/DaisySP/Source/Synthesis/oscillator.h ****         amp_       = 0.5f;
 1102              		.loc 4 54 9 is_stmt 1 view .LVU307
  55:../libs/PoliTeKDSP/libs/DaisySP/Source/Synthesis/oscillator.h ****         pw_        = 0.5f;
 1103              		.loc 4 55 9 view .LVU308
  56:../libs/PoliTeKDSP/libs/DaisySP/Source/Synthesis/oscillator.h ****         phase_     = 0.0f;
 1104              		.loc 4 56 9 view .LVU309
  57:../libs/PoliTeKDSP/libs/DaisySP/Source/Synthesis/oscillator.h ****         phase_inc_ = CalcPhaseInc(freq_);
ARM GAS  C:\Users\skipi\AppData\Local\Temp\cccqm0Sx.s 			page 32


 1105              		.loc 4 57 9 view .LVU310
  58:../libs/PoliTeKDSP/libs/DaisySP/Source/Synthesis/oscillator.h ****         waveform_  = WAVE_SIN;
 1106              		.loc 4 58 9 view .LVU311
  58:../libs/PoliTeKDSP/libs/DaisySP/Source/Synthesis/oscillator.h ****         waveform_  = WAVE_SIN;
 1107              		.loc 4 58 34 is_stmt 0 view .LVU312
 1108 0054 FFF7FEFF 		bl	_ZN7daisysp10Oscillator12CalcPhaseIncEf
 1109              	.LVL71:
  58:../libs/PoliTeKDSP/libs/DaisySP/Source/Synthesis/oscillator.h ****         waveform_  = WAVE_SIN;
 1110              		.loc 4 58 34 view .LVU313
 1111              	.LBE303:
 1112              	.LBE308:
 1113              	.LBB309:
 1114              	.LBB310:
 1115 0058 04F18C00 		add	r0, r4, #140
 1116              	.LBE310:
 1117              	.LBE309:
 1118              	.LBB315:
 1119              	.LBB304:
  58:../libs/PoliTeKDSP/libs/DaisySP/Source/Synthesis/oscillator.h ****         waveform_  = WAVE_SIN;
 1120              		.loc 4 58 20 view .LVU314
 1121 005c 84ED1F0A 		vstr.32	s0, [r4, #124]
  59:../libs/PoliTeKDSP/libs/DaisySP/Source/Synthesis/oscillator.h ****         eoc_       = true;
 1122              		.loc 4 59 9 is_stmt 1 view .LVU315
 1123              	.LBE304:
 1124              	.LBE315:
 1125              	.LBB316:
 1126              	.LBB311:
  58:../libs/PoliTeKDSP/libs/DaisySP/Source/Synthesis/oscillator.h ****         waveform_  = WAVE_SIN;
 1127              		.loc 4 58 34 is_stmt 0 view .LVU316
 1128 0060 B0EE680A 		vmov.f32	s0, s17
  52:../libs/PoliTeKDSP/libs/DaisySP/Source/Synthesis/oscillator.h ****         sr_recip_  = 1.0f / sample_rate;
 1129              		.loc 4 52 20 view .LVU317
 1130 0064 84ED278A 		vstr.32	s16, [r4, #156]
  53:../libs/PoliTeKDSP/libs/DaisySP/Source/Synthesis/oscillator.h ****         freq_      = 100.0f;
 1131              		.loc 4 53 20 view .LVU318
 1132 0068 84ED289A 		vstr.32	s18, [r4, #160]
  54:../libs/PoliTeKDSP/libs/DaisySP/Source/Synthesis/oscillator.h ****         amp_       = 0.5f;
 1133              		.loc 4 54 20 view .LVU319
 1134 006c C4ED258A 		vstr.32	s17, [r4, #148]
  55:../libs/PoliTeKDSP/libs/DaisySP/Source/Synthesis/oscillator.h ****         pw_        = 0.5f;
 1135              		.loc 4 55 20 view .LVU320
 1136 0070 C4F89050 		str	r5, [r4, #144]	@ float
  56:../libs/PoliTeKDSP/libs/DaisySP/Source/Synthesis/oscillator.h ****         phase_     = 0.0f;
 1137              		.loc 4 56 20 view .LVU321
 1138 0074 C4F89850 		str	r5, [r4, #152]	@ float
 1139              	.LBE311:
 1140              	.LBE316:
  15:PSP/AudioEngine.cpp ****     _currentFreq = 440.0f;
 1141              		.loc 2 15 15 view .LVU322
 1142 0078 04F5C025 		add	r5, r4, #393216
 1143              	.LBB317:
 1144              	.LBB305:
  59:../libs/PoliTeKDSP/libs/DaisySP/Source/Synthesis/oscillator.h ****         eoc_       = true;
 1145              		.loc 4 59 20 view .LVU323
 1146 007c 84F86060 		strb	r6, [r4, #96]
  60:../libs/PoliTeKDSP/libs/DaisySP/Source/Synthesis/oscillator.h ****         eor_       = true;
 1147              		.loc 4 60 9 is_stmt 1 view .LVU324
ARM GAS  C:\Users\skipi\AppData\Local\Temp\cccqm0Sx.s 			page 33


  61:../libs/PoliTeKDSP/libs/DaisySP/Source/Synthesis/oscillator.h ****     }
 1148              		.loc 4 61 9 view .LVU325
  61:../libs/PoliTeKDSP/libs/DaisySP/Source/Synthesis/oscillator.h ****     }
 1149              		.loc 4 61 20 is_stmt 0 view .LVU326
 1150 0080 A4F88870 		strh	r7, [r4, #136]	@ movhi
 1151              	.LVL72:
  61:../libs/PoliTeKDSP/libs/DaisySP/Source/Synthesis/oscillator.h ****     }
 1152              		.loc 4 61 20 view .LVU327
 1153              	.LBE305:
 1154              	.LBE317:
   8:PSP/AudioEngine.cpp ****     _amp_env.Init(sample_rate);
 1155              		.loc 2 8 5 is_stmt 1 view .LVU328
 1156              	.LBB318:
 1157              	.LBI309:
  50:../libs/PoliTeKDSP/libs/DaisySP/Source/Synthesis/oscillator.h ****     {
 1158              		.loc 4 50 10 view .LVU329
 1159              	.LBB312:
  52:../libs/PoliTeKDSP/libs/DaisySP/Source/Synthesis/oscillator.h ****         sr_recip_  = 1.0f / sample_rate;
 1160              		.loc 4 52 9 view .LVU330
  53:../libs/PoliTeKDSP/libs/DaisySP/Source/Synthesis/oscillator.h ****         freq_      = 100.0f;
 1161              		.loc 4 53 9 view .LVU331
  54:../libs/PoliTeKDSP/libs/DaisySP/Source/Synthesis/oscillator.h ****         amp_       = 0.5f;
 1162              		.loc 4 54 9 view .LVU332
  55:../libs/PoliTeKDSP/libs/DaisySP/Source/Synthesis/oscillator.h ****         pw_        = 0.5f;
 1163              		.loc 4 55 9 view .LVU333
  56:../libs/PoliTeKDSP/libs/DaisySP/Source/Synthesis/oscillator.h ****         phase_     = 0.0f;
 1164              		.loc 4 56 9 view .LVU334
  57:../libs/PoliTeKDSP/libs/DaisySP/Source/Synthesis/oscillator.h ****         phase_inc_ = CalcPhaseInc(freq_);
 1165              		.loc 4 57 9 view .LVU335
  57:../libs/PoliTeKDSP/libs/DaisySP/Source/Synthesis/oscillator.h ****         phase_inc_ = CalcPhaseInc(freq_);
 1166              		.loc 4 57 20 is_stmt 0 view .LVU336
 1167 0084 C4F8A480 		str	r8, [r4, #164]	@ float
  58:../libs/PoliTeKDSP/libs/DaisySP/Source/Synthesis/oscillator.h ****         waveform_  = WAVE_SIN;
 1168              		.loc 4 58 9 is_stmt 1 view .LVU337
  58:../libs/PoliTeKDSP/libs/DaisySP/Source/Synthesis/oscillator.h ****         waveform_  = WAVE_SIN;
 1169              		.loc 4 58 34 is_stmt 0 view .LVU338
 1170 0088 FFF7FEFF 		bl	_ZN7daisysp10Oscillator12CalcPhaseIncEf
 1171              	.LVL73:
  58:../libs/PoliTeKDSP/libs/DaisySP/Source/Synthesis/oscillator.h ****         waveform_  = WAVE_SIN;
 1172              		.loc 4 58 34 view .LVU339
 1173              	.LBE312:
 1174              	.LBE318:
   9:PSP/AudioEngine.cpp ****     _filt_env.Init(sample_rate);
 1175              		.loc 2 9 18 view .LVU340
 1176 008c 0121     		movs	r1, #1
 1177 008e 04F1BC00 		add	r0, r4, #188
 1178              	.LBB319:
 1179              	.LBB313:
  58:../libs/PoliTeKDSP/libs/DaisySP/Source/Synthesis/oscillator.h ****         waveform_  = WAVE_SIN;
 1180              		.loc 4 58 20 view .LVU341
 1181 0092 84ED2A0A 		vstr.32	s0, [r4, #168]
  59:../libs/PoliTeKDSP/libs/DaisySP/Source/Synthesis/oscillator.h ****         eoc_       = true;
 1182              		.loc 4 59 9 is_stmt 1 view .LVU342
  59:../libs/PoliTeKDSP/libs/DaisySP/Source/Synthesis/oscillator.h ****         eoc_       = true;
 1183              		.loc 4 59 20 is_stmt 0 view .LVU343
 1184 0096 84F88C60 		strb	r6, [r4, #140]
  60:../libs/PoliTeKDSP/libs/DaisySP/Source/Synthesis/oscillator.h ****         eor_       = true;
ARM GAS  C:\Users\skipi\AppData\Local\Temp\cccqm0Sx.s 			page 34


 1185              		.loc 4 60 9 is_stmt 1 view .LVU344
  61:../libs/PoliTeKDSP/libs/DaisySP/Source/Synthesis/oscillator.h ****     }
 1186              		.loc 4 61 9 view .LVU345
 1187              	.LBE313:
 1188              	.LBE319:
   9:PSP/AudioEngine.cpp ****     _filt_env.Init(sample_rate);
 1189              		.loc 2 9 18 is_stmt 0 view .LVU346
 1190 009a B0EE480A 		vmov.f32	s0, s16
 1191              	.LBB320:
 1192              	.LBB314:
  61:../libs/PoliTeKDSP/libs/DaisySP/Source/Synthesis/oscillator.h ****     }
 1193              		.loc 4 61 20 view .LVU347
 1194 009e A4F8B470 		strh	r7, [r4, #180]	@ movhi
 1195              	.LVL74:
  61:../libs/PoliTeKDSP/libs/DaisySP/Source/Synthesis/oscillator.h ****     }
 1196              		.loc 4 61 20 view .LVU348
 1197              	.LBE314:
 1198              	.LBE320:
   9:PSP/AudioEngine.cpp ****     _filt_env.Init(sample_rate);
 1199              		.loc 2 9 5 is_stmt 1 view .LVU349
   9:PSP/AudioEngine.cpp ****     _filt_env.Init(sample_rate);
 1200              		.loc 2 9 18 is_stmt 0 view .LVU350
 1201 00a2 FFF7FEFF 		bl	_ZN7daisysp4Adsr4InitEfi
 1202              	.LVL75:
  10:PSP/AudioEngine.cpp ****     _filt.Init(sample_rate);
 1203              		.loc 2 10 5 is_stmt 1 view .LVU351
  10:PSP/AudioEngine.cpp ****     _filt.Init(sample_rate);
 1204              		.loc 2 10 19 is_stmt 0 view .LVU352
 1205 00a6 0121     		movs	r1, #1
 1206 00a8 B0EE480A 		vmov.f32	s0, s16
 1207 00ac 04F1EC00 		add	r0, r4, #236
 1208 00b0 FFF7FEFF 		bl	_ZN7daisysp4Adsr4InitEfi
 1209              	.LVL76:
  11:PSP/AudioEngine.cpp ****     _filt.SetFilterMode(daisysp::LadderFilter::FilterMode::LP24);
 1210              		.loc 2 11 5 is_stmt 1 view .LVU353
  11:PSP/AudioEngine.cpp ****     _filt.SetFilterMode(daisysp::LadderFilter::FilterMode::LP24);
 1211              		.loc 2 11 15 is_stmt 0 view .LVU354
 1212 00b4 B0EE480A 		vmov.f32	s0, s16
 1213 00b8 04F58E70 		add	r0, r4, #284
 1214 00bc FFF7FEFF 		bl	_ZN7daisysp12LadderFilter4InitEf
 1215              	.LVL77:
  12:PSP/AudioEngine.cpp ****     _reverb.Init(sample_rate);
 1216              		.loc 2 12 5 is_stmt 1 view .LVU355
 1217              	.LBB321:
 1218              	.LBI321:
 1219              		.file 8 "../libs/PoliTeKDSP/libs/DaisySP/Source/Filters/ladder.h"
   1:../libs/PoliTeKDSP/libs/DaisySP/Source/Filters/ladder.h **** /* Ported from Audio Library for Teensy, Ladder Filter
   2:../libs/PoliTeKDSP/libs/DaisySP/Source/Filters/ladder.h ****  * Copyright (c) 2021, Richard van Hoesel
   3:../libs/PoliTeKDSP/libs/DaisySP/Source/Filters/ladder.h ****  * Copyright (c) 2024, Infrasonic Audio LLC
   4:../libs/PoliTeKDSP/libs/DaisySP/Source/Filters/ladder.h ****  *
   5:../libs/PoliTeKDSP/libs/DaisySP/Source/Filters/ladder.h ****  * Permission is hereby granted, free of charge, to any person obtaining a copy
   6:../libs/PoliTeKDSP/libs/DaisySP/Source/Filters/ladder.h ****  * of this software and associated documentation files (the "Software"), to deal
   7:../libs/PoliTeKDSP/libs/DaisySP/Source/Filters/ladder.h ****  * in the Software without restriction, including without limitation the rights
   8:../libs/PoliTeKDSP/libs/DaisySP/Source/Filters/ladder.h ****  * to use, copy, modify, merge, publish, distribute, sublicense, and/or sell
   9:../libs/PoliTeKDSP/libs/DaisySP/Source/Filters/ladder.h ****  * copies of the Software, and to permit persons to whom the Software is
  10:../libs/PoliTeKDSP/libs/DaisySP/Source/Filters/ladder.h ****  * furnished to do so, subject to the following conditions:
  11:../libs/PoliTeKDSP/libs/DaisySP/Source/Filters/ladder.h ****  *
ARM GAS  C:\Users\skipi\AppData\Local\Temp\cccqm0Sx.s 			page 35


  12:../libs/PoliTeKDSP/libs/DaisySP/Source/Filters/ladder.h ****  * The above copyright notice, development funding notice, and this permission
  13:../libs/PoliTeKDSP/libs/DaisySP/Source/Filters/ladder.h ****  * notice shall be included in all copies or substantial portions of the Software.
  14:../libs/PoliTeKDSP/libs/DaisySP/Source/Filters/ladder.h ****  *
  15:../libs/PoliTeKDSP/libs/DaisySP/Source/Filters/ladder.h ****  * THE SOFTWARE IS PROVIDED "AS IS", WITHOUT WARRANTY OF ANY KIND, EXPRESS OR
  16:../libs/PoliTeKDSP/libs/DaisySP/Source/Filters/ladder.h ****  * IMPLIED, INCLUDING BUT NOT LIMITED TO THE WARRANTIES OF MERCHANTABILITY,
  17:../libs/PoliTeKDSP/libs/DaisySP/Source/Filters/ladder.h ****  * FITNESS FOR A PARTICULAR PURPOSE AND NONINFRINGEMENT. IN NO EVENT SHALL THE
  18:../libs/PoliTeKDSP/libs/DaisySP/Source/Filters/ladder.h ****  * AUTHORS OR COPYRIGHT HOLDERS BE LIABLE FOR ANY CLAIM, DAMAGES OR OTHER
  19:../libs/PoliTeKDSP/libs/DaisySP/Source/Filters/ladder.h ****  * LIABILITY, WHETHER IN AN ACTION OF CONTRACT, TORT OR OTHERWISE, ARISING FROM,
  20:../libs/PoliTeKDSP/libs/DaisySP/Source/Filters/ladder.h ****  * OUT OF OR IN CONNECTION WITH THE SOFTWARE OR THE USE OR OTHER DEALINGS IN
  21:../libs/PoliTeKDSP/libs/DaisySP/Source/Filters/ladder.h ****  * THE SOFTWARE.
  22:../libs/PoliTeKDSP/libs/DaisySP/Source/Filters/ladder.h ****  */
  23:../libs/PoliTeKDSP/libs/DaisySP/Source/Filters/ladder.h **** 
  24:../libs/PoliTeKDSP/libs/DaisySP/Source/Filters/ladder.h **** //-----------------------------------------------------------
  25:../libs/PoliTeKDSP/libs/DaisySP/Source/Filters/ladder.h **** // Huovilainen New Moog (HNM) model as per CMJ jun 2006
  26:../libs/PoliTeKDSP/libs/DaisySP/Source/Filters/ladder.h **** // Richard van Hoesel, v. 1.03, Feb. 14 2021
  27:../libs/PoliTeKDSP/libs/DaisySP/Source/Filters/ladder.h **** // v1.7 (Infrasonic/Daisy) add configurable filter mode
  28:../libs/PoliTeKDSP/libs/DaisySP/Source/Filters/ladder.h **** // v1.6 (Infrasonic/Daisy) removes polyphase FIR, uses 4x linear
  29:../libs/PoliTeKDSP/libs/DaisySP/Source/Filters/ladder.h **** //      oversampling for performance reasons
  30:../libs/PoliTeKDSP/libs/DaisySP/Source/Filters/ladder.h **** // v1.5 adds polyphase FIR or Linear interpolation
  31:../libs/PoliTeKDSP/libs/DaisySP/Source/Filters/ladder.h **** // v1.4 FC extended to 18.7kHz, max res to 1.8, 4x oversampling,
  32:../libs/PoliTeKDSP/libs/DaisySP/Source/Filters/ladder.h **** //      and a minor Q-tuning adjustment
  33:../libs/PoliTeKDSP/libs/DaisySP/Source/Filters/ladder.h **** // v.1.03 adds oversampling, extended resonance,
  34:../libs/PoliTeKDSP/libs/DaisySP/Source/Filters/ladder.h **** // and exposes parameters input_drive and passband_gain
  35:../libs/PoliTeKDSP/libs/DaisySP/Source/Filters/ladder.h **** // v.1.02 now includes both cutoff and resonance "CV" modulation inputs
  36:../libs/PoliTeKDSP/libs/DaisySP/Source/Filters/ladder.h **** // please retain this header if you use this code.
  37:../libs/PoliTeKDSP/libs/DaisySP/Source/Filters/ladder.h **** //-----------------------------------------------------------
  38:../libs/PoliTeKDSP/libs/DaisySP/Source/Filters/ladder.h **** 
  39:../libs/PoliTeKDSP/libs/DaisySP/Source/Filters/ladder.h **** #pragma once
  40:../libs/PoliTeKDSP/libs/DaisySP/Source/Filters/ladder.h **** #ifndef DSY_LADDER_H
  41:../libs/PoliTeKDSP/libs/DaisySP/Source/Filters/ladder.h **** #define DSY_LADDER_H
  42:../libs/PoliTeKDSP/libs/DaisySP/Source/Filters/ladder.h **** 
  43:../libs/PoliTeKDSP/libs/DaisySP/Source/Filters/ladder.h **** #include <stdlib.h>
  44:../libs/PoliTeKDSP/libs/DaisySP/Source/Filters/ladder.h **** #include <stdint.h>
  45:../libs/PoliTeKDSP/libs/DaisySP/Source/Filters/ladder.h **** #include <array>
  46:../libs/PoliTeKDSP/libs/DaisySP/Source/Filters/ladder.h **** #ifdef __cplusplus
  47:../libs/PoliTeKDSP/libs/DaisySP/Source/Filters/ladder.h **** 
  48:../libs/PoliTeKDSP/libs/DaisySP/Source/Filters/ladder.h **** namespace daisysp
  49:../libs/PoliTeKDSP/libs/DaisySP/Source/Filters/ladder.h **** {
  50:../libs/PoliTeKDSP/libs/DaisySP/Source/Filters/ladder.h **** /**
  51:../libs/PoliTeKDSP/libs/DaisySP/Source/Filters/ladder.h ****  * 4-pole ladder filter model with selectable filter type (LP/BP/HP 12 or 24 dB/oct),
  52:../libs/PoliTeKDSP/libs/DaisySP/Source/Filters/ladder.h ****  * drive, passband gain compensation, and stable self-oscillation.
  53:../libs/PoliTeKDSP/libs/DaisySP/Source/Filters/ladder.h ****  *
  54:../libs/PoliTeKDSP/libs/DaisySP/Source/Filters/ladder.h ****  *
  55:../libs/PoliTeKDSP/libs/DaisySP/Source/Filters/ladder.h ****  */
  56:../libs/PoliTeKDSP/libs/DaisySP/Source/Filters/ladder.h **** class LadderFilter
  57:../libs/PoliTeKDSP/libs/DaisySP/Source/Filters/ladder.h **** {
  58:../libs/PoliTeKDSP/libs/DaisySP/Source/Filters/ladder.h ****   public:
  59:../libs/PoliTeKDSP/libs/DaisySP/Source/Filters/ladder.h ****     enum class FilterMode
  60:../libs/PoliTeKDSP/libs/DaisySP/Source/Filters/ladder.h ****     {
  61:../libs/PoliTeKDSP/libs/DaisySP/Source/Filters/ladder.h ****         LP24,
  62:../libs/PoliTeKDSP/libs/DaisySP/Source/Filters/ladder.h ****         LP12,
  63:../libs/PoliTeKDSP/libs/DaisySP/Source/Filters/ladder.h ****         BP24,
  64:../libs/PoliTeKDSP/libs/DaisySP/Source/Filters/ladder.h ****         BP12,
  65:../libs/PoliTeKDSP/libs/DaisySP/Source/Filters/ladder.h ****         HP24,
  66:../libs/PoliTeKDSP/libs/DaisySP/Source/Filters/ladder.h ****         HP12
  67:../libs/PoliTeKDSP/libs/DaisySP/Source/Filters/ladder.h ****     };
  68:../libs/PoliTeKDSP/libs/DaisySP/Source/Filters/ladder.h **** 
ARM GAS  C:\Users\skipi\AppData\Local\Temp\cccqm0Sx.s 			page 36


  69:../libs/PoliTeKDSP/libs/DaisySP/Source/Filters/ladder.h ****     LadderFilter()  = default;
  70:../libs/PoliTeKDSP/libs/DaisySP/Source/Filters/ladder.h ****     ~LadderFilter() = default;
  71:../libs/PoliTeKDSP/libs/DaisySP/Source/Filters/ladder.h **** 
  72:../libs/PoliTeKDSP/libs/DaisySP/Source/Filters/ladder.h ****     /** Initializes the ladder filter module.
  73:../libs/PoliTeKDSP/libs/DaisySP/Source/Filters/ladder.h ****      */
  74:../libs/PoliTeKDSP/libs/DaisySP/Source/Filters/ladder.h ****     void Init(float sample_rate);
  75:../libs/PoliTeKDSP/libs/DaisySP/Source/Filters/ladder.h **** 
  76:../libs/PoliTeKDSP/libs/DaisySP/Source/Filters/ladder.h ****     /** Process single sample */
  77:../libs/PoliTeKDSP/libs/DaisySP/Source/Filters/ladder.h ****     float Process(float in);
  78:../libs/PoliTeKDSP/libs/DaisySP/Source/Filters/ladder.h **** 
  79:../libs/PoliTeKDSP/libs/DaisySP/Source/Filters/ladder.h ****     /** Process mono buffer/block of samples in place */
  80:../libs/PoliTeKDSP/libs/DaisySP/Source/Filters/ladder.h ****     void ProcessBlock(float* buf, size_t size);
  81:../libs/PoliTeKDSP/libs/DaisySP/Source/Filters/ladder.h **** 
  82:../libs/PoliTeKDSP/libs/DaisySP/Source/Filters/ladder.h ****     /**
  83:../libs/PoliTeKDSP/libs/DaisySP/Source/Filters/ladder.h ****         Sets the cutoff frequency of the filter.
  84:../libs/PoliTeKDSP/libs/DaisySP/Source/Filters/ladder.h ****         Units of hz, valid in range 5 - ~nyquist (samp_rate / 2)
  85:../libs/PoliTeKDSP/libs/DaisySP/Source/Filters/ladder.h ****         Internally clamped to this range.
  86:../libs/PoliTeKDSP/libs/DaisySP/Source/Filters/ladder.h ****     */
  87:../libs/PoliTeKDSP/libs/DaisySP/Source/Filters/ladder.h ****     void SetFreq(float freq);
  88:../libs/PoliTeKDSP/libs/DaisySP/Source/Filters/ladder.h **** 
  89:../libs/PoliTeKDSP/libs/DaisySP/Source/Filters/ladder.h ****     /**
  90:../libs/PoliTeKDSP/libs/DaisySP/Source/Filters/ladder.h ****         Sets the resonance of the filter.
  91:../libs/PoliTeKDSP/libs/DaisySP/Source/Filters/ladder.h ****         Filter will stably self oscillate at higher values.
  92:../libs/PoliTeKDSP/libs/DaisySP/Source/Filters/ladder.h ****         Valid in range 0 - 1.8
  93:../libs/PoliTeKDSP/libs/DaisySP/Source/Filters/ladder.h ****         Internally clamped to this range.
  94:../libs/PoliTeKDSP/libs/DaisySP/Source/Filters/ladder.h ****     */
  95:../libs/PoliTeKDSP/libs/DaisySP/Source/Filters/ladder.h ****     void SetRes(float res);
  96:../libs/PoliTeKDSP/libs/DaisySP/Source/Filters/ladder.h **** 
  97:../libs/PoliTeKDSP/libs/DaisySP/Source/Filters/ladder.h ****     /**
  98:../libs/PoliTeKDSP/libs/DaisySP/Source/Filters/ladder.h ****         Set "passband gain" compensation factor to mitigate
  99:../libs/PoliTeKDSP/libs/DaisySP/Source/Filters/ladder.h ****         loss of energy in passband at higher resonance values.
 100:../libs/PoliTeKDSP/libs/DaisySP/Source/Filters/ladder.h ****         Drive and passband gain have a dependent relationship.
 101:../libs/PoliTeKDSP/libs/DaisySP/Source/Filters/ladder.h ****         Valid in range 0 - 0.5
 102:../libs/PoliTeKDSP/libs/DaisySP/Source/Filters/ladder.h ****         Internally clamped to this range.
 103:../libs/PoliTeKDSP/libs/DaisySP/Source/Filters/ladder.h ****      */
 104:../libs/PoliTeKDSP/libs/DaisySP/Source/Filters/ladder.h ****     void SetPassbandGain(float pbg);
 105:../libs/PoliTeKDSP/libs/DaisySP/Source/Filters/ladder.h **** 
 106:../libs/PoliTeKDSP/libs/DaisySP/Source/Filters/ladder.h ****     /**
 107:../libs/PoliTeKDSP/libs/DaisySP/Source/Filters/ladder.h ****         Sets drive of the input stage into the tanh clipper
 108:../libs/PoliTeKDSP/libs/DaisySP/Source/Filters/ladder.h ****         Valid in range 0 - 4.0
 109:../libs/PoliTeKDSP/libs/DaisySP/Source/Filters/ladder.h ****      */
 110:../libs/PoliTeKDSP/libs/DaisySP/Source/Filters/ladder.h ****     void SetInputDrive(float drv);
 111:../libs/PoliTeKDSP/libs/DaisySP/Source/Filters/ladder.h **** 
 112:../libs/PoliTeKDSP/libs/DaisySP/Source/Filters/ladder.h ****     /**
 113:../libs/PoliTeKDSP/libs/DaisySP/Source/Filters/ladder.h ****         Sets the filter mode/response
 114:../libs/PoliTeKDSP/libs/DaisySP/Source/Filters/ladder.h ****         Defaults to classic lowpass 24dB/oct
 115:../libs/PoliTeKDSP/libs/DaisySP/Source/Filters/ladder.h ****      */
 116:../libs/PoliTeKDSP/libs/DaisySP/Source/Filters/ladder.h ****     inline void SetFilterMode(FilterMode mode) { mode_ = mode; }
 1220              		.loc 8 116 17 view .LVU356
 1221              	.LBB322:
 1222              		.loc 8 116 50 view .LVU357
 1223              	.LBE322:
 1224              	.LBE321:
  13:PSP/AudioEngine.cpp **** 
 1225              		.loc 2 13 17 is_stmt 0 view .LVU358
 1226 00c0 B0EE480A 		vmov.f32	s0, s16
 1227 00c4 04F5BC70 		add	r0, r4, #376
ARM GAS  C:\Users\skipi\AppData\Local\Temp\cccqm0Sx.s 			page 37


 1228              	.LBB324:
 1229              	.LBB323:
 1230              		.loc 8 116 56 view .LVU359
 1231 00c8 C4F87461 		str	r6, [r4, #372]
 1232              	.LVL78:
 1233              		.loc 8 116 56 view .LVU360
 1234              	.LBE323:
 1235              	.LBE324:
  13:PSP/AudioEngine.cpp **** 
 1236              		.loc 2 13 5 is_stmt 1 view .LVU361
  13:PSP/AudioEngine.cpp **** 
 1237              		.loc 2 13 17 is_stmt 0 view .LVU362
 1238 00cc FFF7FEFF 		bl	_ZN7daisysp8ReverbSc4InitEf
 1239              	.LVL79:
  15:PSP/AudioEngine.cpp ****     _currentFreq = 440.0f;
 1240              		.loc 2 15 5 is_stmt 1 view .LVU363
  16:PSP/AudioEngine.cpp **** 
 1241              		.loc 2 16 18 is_stmt 0 view .LVU364
 1242 00d0 05F69463 		addw	r3, r5, #3732
 1243 00d4 0B4A     		ldr	r2, .L21+4
  18:PSP/AudioEngine.cpp ****     _smoothedPreset = _currentPreset;
 1244              		.loc 2 18 20 view .LVU365
 1245 00d6 04F5C121 		add	r1, r4, #395264
 1246 00da 2046     		mov	r0, r4
  15:PSP/AudioEngine.cpp ****     _currentFreq = 440.0f;
 1247              		.loc 2 15 15 view .LVU366
 1248 00dc 85F8906E 		strb	r6, [r5, #3728]
  16:PSP/AudioEngine.cpp **** 
 1249              		.loc 2 16 5 is_stmt 1 view .LVU367
  18:PSP/AudioEngine.cpp ****     _smoothedPreset = _currentPreset;
 1250              		.loc 2 18 20 is_stmt 0 view .LVU368
 1251 00e0 01F2F451 		addw	r1, r1, #1524
  16:PSP/AudioEngine.cpp **** 
 1252              		.loc 2 16 18 view .LVU369
 1253 00e4 1A60     		str	r2, [r3]	@ float
  18:PSP/AudioEngine.cpp ****     _smoothedPreset = _currentPreset;
 1254              		.loc 2 18 5 is_stmt 1 view .LVU370
  18:PSP/AudioEngine.cpp ****     _smoothedPreset = _currentPreset;
 1255              		.loc 2 18 20 is_stmt 0 view .LVU371
 1256 00e6 FFF7FEFF 		bl	_ZN11AudioEngine15SetActivePresetERK8Preset_s
 1257              	.LVL80:
  19:PSP/AudioEngine.cpp **** }
 1258              		.loc 2 19 5 is_stmt 1 view .LVU372
  19:PSP/AudioEngine.cpp **** }
 1259              		.loc 2 19 21 is_stmt 0 view .LVU373
 1260 00ea 9C22     		movs	r2, #156
 1261 00ec 05F6BC41 		addw	r1, r5, #3260
 1262 00f0 05F65850 		addw	r0, r5, #3416
 1263 00f4 FFF7FEFF 		bl	memcpy
 1264              	.LVL81:
  20:PSP/AudioEngine.cpp **** 
 1265              		.loc 2 20 1 view .LVU374
 1266 00f8 BDEC048B 		vldm	sp!, {d8-d9}
 1267              		.cfi_restore 82
 1268              		.cfi_restore 83
 1269              		.cfi_restore 80
 1270              		.cfi_restore 81
ARM GAS  C:\Users\skipi\AppData\Local\Temp\cccqm0Sx.s 			page 38


 1271              		.cfi_def_cfa_offset 24
 1272              	.LVL82:
  20:PSP/AudioEngine.cpp **** 
 1273              		.loc 2 20 1 view .LVU375
 1274 00fc BDE8F081 		pop	{r4, r5, r6, r7, r8, pc}
 1275              	.LVL83:
 1276              	.L22:
  20:PSP/AudioEngine.cpp **** 
 1277              		.loc 2 20 1 view .LVU376
 1278              		.align	2
 1279              	.L21:
 1280 0100 0000C842 		.word	1120403456
 1281 0104 0000DC43 		.word	1138491392
 1282              		.cfi_endproc
 1283              	.LFE3766:
 1285              		.section	.text._ZN11AudioEngine14UpdateControlsERK9Control_s,"ax",%progbits
 1286              		.align	1
 1287              		.global	_ZN11AudioEngine14UpdateControlsERK9Control_s
 1288              		.syntax unified
 1289              		.thumb
 1290              		.thumb_func
 1291              		.fpu fpv5-d16
 1293              	_ZN11AudioEngine14UpdateControlsERK9Control_s:
 1294              	.LVL84:
 1295              	.LFB3768:
  63:PSP/AudioEngine.cpp **** 
  64:PSP/AudioEngine.cpp **** 
  65:PSP/AudioEngine.cpp **** void AudioEngine::UpdateControls(const Control_s& controls) {
 1296              		.loc 2 65 61 is_stmt 1 view -0
 1297              		.cfi_startproc
 1298              		@ args = 0, pretend = 0, frame = 8
 1299              		@ frame_needed = 0, uses_anonymous_args = 0
  66:PSP/AudioEngine.cpp ****     _currentFreq = controls.freq;
 1300              		.loc 2 66 5 view .LVU378
  65:PSP/AudioEngine.cpp ****     _currentFreq = controls.freq;
 1301              		.loc 2 65 61 is_stmt 0 view .LVU379
 1302 0000 F7B5     		push	{r0, r1, r2, r4, r5, r6, r7, lr}
 1303              		.cfi_def_cfa_offset 32
 1304              		.cfi_offset 4, -20
 1305              		.cfi_offset 5, -16
 1306              		.cfi_offset 6, -12
 1307              		.cfi_offset 7, -8
 1308              		.cfi_offset 14, -4
 1309              		.loc 2 66 18 view .LVU380
 1310 0002 00F5C026 		add	r6, r0, #393216
 1311              		.loc 2 66 29 view .LVU381
 1312 0006 0B68     		ldr	r3, [r1]	@ float
  65:PSP/AudioEngine.cpp ****     _currentFreq = controls.freq;
 1313              		.loc 2 65 61 view .LVU382
 1314 0008 0446     		mov	r4, r0
 1315 000a 0D46     		mov	r5, r1
 1316              		.loc 2 66 18 view .LVU383
 1317 000c 06F69467 		addw	r7, r6, #3732
 1318 0010 3B60     		str	r3, [r7]	@ float
  67:PSP/AudioEngine.cpp ****     
  68:PSP/AudioEngine.cpp ****     if(controls.gate && !_lastGate) {
 1319              		.loc 2 68 5 is_stmt 1 view .LVU384
ARM GAS  C:\Users\skipi\AppData\Local\Temp\cccqm0Sx.s 			page 39


 1320 0012 0B79     		ldrb	r3, [r1, #4]	@ zero_extendqisi2
 1321 0014 B3B1     		cbz	r3, .L24
 1322              		.loc 2 68 22 is_stmt 0 discriminator 1 view .LVU385
 1323 0016 96F8901E 		ldrb	r1, [r6, #3728]	@ zero_extendqisi2
 1324              	.LVL85:
 1325              		.loc 2 68 22 discriminator 1 view .LVU386
 1326 001a 99B9     		cbnz	r1, .L24
  69:PSP/AudioEngine.cpp ****         _amp_env.Retrigger(false);
 1327              		.loc 2 69 9 is_stmt 1 view .LVU387
 1328              		.loc 2 69 27 is_stmt 0 view .LVU388
 1329 001c BC30     		adds	r0, r0, #188
 1330              	.LVL86:
 1331              		.loc 2 69 27 view .LVU389
 1332 001e 0191     		str	r1, [sp, #4]
 1333 0020 FFF7FEFF 		bl	_ZN7daisysp4Adsr9RetriggerEb
 1334              	.LVL87:
  70:PSP/AudioEngine.cpp ****         _filt_env.Retrigger(false);
 1335              		.loc 2 70 9 is_stmt 1 view .LVU390
 1336              		.loc 2 70 28 is_stmt 0 view .LVU391
 1337 0024 0199     		ldr	r1, [sp, #4]
 1338 0026 04F1EC00 		add	r0, r4, #236
 1339 002a FFF7FEFF 		bl	_ZN7daisysp4Adsr9RetriggerEb
 1340              	.LVL88:
  71:PSP/AudioEngine.cpp ****         _osc1.SetFreq(_currentFreq);
 1341              		.loc 2 71 9 is_stmt 1 view .LVU392
 1342              		.loc 2 71 22 is_stmt 0 view .LVU393
 1343 002e 97ED000A 		vldr.32	s0, [r7]
 1344 0032 2046     		mov	r0, r4
 1345 0034 FFF7FEFF 		bl	_ZN10politekdsp10Oscillator7SetFreqEf
 1346              	.LVL89:
  72:PSP/AudioEngine.cpp ****         _osc2.SetFreq(_currentFreq);
 1347              		.loc 2 72 9 is_stmt 1 view .LVU394
 1348              		.loc 2 72 22 is_stmt 0 view .LVU395
 1349 0038 97ED000A 		vldr.32	s0, [r7]
 1350 003c 04F13000 		add	r0, r4, #48
 1351 0040 FFF7FEFF 		bl	_ZN10politekdsp10Oscillator7SetFreqEf
 1352              	.LVL90:
 1353              	.L24:
  73:PSP/AudioEngine.cpp ****     }
  74:PSP/AudioEngine.cpp ****     _lastGate = controls.gate;
 1354              		.loc 2 74 5 is_stmt 1 view .LVU396
 1355              		.loc 2 74 26 is_stmt 0 view .LVU397
 1356 0044 2B79     		ldrb	r3, [r5, #4]	@ zero_extendqisi2
 1357              		.loc 2 74 15 view .LVU398
 1358 0046 86F8903E 		strb	r3, [r6, #3728]
  75:PSP/AudioEngine.cpp **** }
 1359              		.loc 2 75 1 view .LVU399
 1360 004a 03B0     		add	sp, sp, #12
 1361              		.cfi_def_cfa_offset 20
 1362              		@ sp needed
 1363 004c F0BD     		pop	{r4, r5, r6, r7, pc}
 1364              		.loc 2 75 1 view .LVU400
 1365              		.cfi_endproc
 1366              	.LFE3768:
 1368              		.section	.text._ZN11AudioEngine13ProcessMidiCCEhhR8Preset_s,"ax",%progbits
 1369              		.align	1
 1370              		.global	_ZN11AudioEngine13ProcessMidiCCEhhR8Preset_s
ARM GAS  C:\Users\skipi\AppData\Local\Temp\cccqm0Sx.s 			page 40


 1371              		.syntax unified
 1372              		.thumb
 1373              		.thumb_func
 1374              		.fpu fpv5-d16
 1376              	_ZN11AudioEngine13ProcessMidiCCEhhR8Preset_s:
 1377              	.LVL91:
 1378              	.LFB3769:
  76:PSP/AudioEngine.cpp **** 
  77:PSP/AudioEngine.cpp **** void AudioEngine::ProcessMidiCC(uint8_t cc_number, uint8_t cc_value, Preset_s& preset) {
 1379              		.loc 2 77 88 is_stmt 1 view -0
 1380              		.cfi_startproc
 1381              		@ args = 0, pretend = 0, frame = 8
 1382              		@ frame_needed = 0, uses_anonymous_args = 0
 1383              		@ link register save eliminated.
  78:PSP/AudioEngine.cpp ****     // Normalizzazione (0.0 - 1.0)
  79:PSP/AudioEngine.cpp ****     float val_norm = static_cast<float>(cc_value) / 127.0f; 
 1384              		.loc 2 79 5 view .LVU402
 1385              		.loc 2 79 22 is_stmt 0 view .LVU403
 1386 0000 07EE902A 		vmov	s15, r2	@ int
 1387              		.loc 2 79 11 view .LVU404
 1388 0004 9FEDA57A 		vldr.32	s14, .L70
 1389              		.loc 2 79 22 view .LVU405
 1390 0008 F8EE676A 		vcvt.f32.u32	s13, s15
  77:PSP/AudioEngine.cpp ****     // Normalizzazione (0.0 - 1.0)
 1391              		.loc 2 77 88 view .LVU406
 1392 000c 33B4     		push	{r0, r1, r4, r5}
 1393              		.cfi_def_cfa_offset 16
 1394              		.cfi_offset 4, -8
 1395              		.cfi_offset 5, -4
 1396              		.loc 2 79 11 view .LVU407
 1397 000e C6EE877A 		vdiv.f32	s15, s13, s14
 1398              	.LVL92:
  80:PSP/AudioEngine.cpp **** 
  81:PSP/AudioEngine.cpp ****     // Helper per le forme d'onda (mappa 0-127 su 8 valori interi: 0-7)
  82:PSP/AudioEngine.cpp ****     uint8_t lfo_wave_sel = static_cast<uint8_t>(val_norm * 3.999f); 
 1399              		.loc 2 82 5 is_stmt 1 view .LVU408
 1400              		.loc 2 82 58 is_stmt 0 view .LVU409
 1401 0012 9FEDA37A 		vldr.32	s14, .L70+4
 1402 0016 0E39     		subs	r1, r1, #14
 1403              	.LVL93:
 1404              		.loc 2 82 58 view .LVU410
 1405 0018 27EE877A 		vmul.f32	s14, s15, s14
 1406              		.loc 2 82 13 view .LVU411
 1407 001c BCEEC77A 		vcvt.u32.f32	s14, s14
 1408 0020 8DED017A 		vstr.32	s14, [sp, #4]	@ int
  83:PSP/AudioEngine.cpp ****     uint8_t osc_wave_sel = static_cast<uint8_t>(val_norm * 2.999f) + 1; 
 1409              		.loc 2 83 58 view .LVU412
 1410 0024 9FED9F7A 		vldr.32	s14, .L70+8
  82:PSP/AudioEngine.cpp ****     uint8_t osc_wave_sel = static_cast<uint8_t>(val_norm * 2.999f) + 1; 
 1411              		.loc 2 82 13 view .LVU413
 1412 0028 9DF80450 		ldrb	r5, [sp, #4]	@ zero_extendqisi2
 1413              	.LVL94:
 1414              		.loc 2 83 5 is_stmt 1 view .LVU414
 1415              		.loc 2 83 58 is_stmt 0 view .LVU415
 1416 002c 27EE877A 		vmul.f32	s14, s15, s14
 1417              		.loc 2 83 28 view .LVU416
 1418 0030 BCEEC77A 		vcvt.u32.f32	s14, s14
ARM GAS  C:\Users\skipi\AppData\Local\Temp\cccqm0Sx.s 			page 41


 1419 0034 17EE104A 		vmov	r4, s14	@ int
 1420              		.loc 2 83 13 view .LVU417
 1421 0038 0134     		adds	r4, r4, #1
 1422 003a E4B2     		uxtb	r4, r4
 1423              	.LVL95:
  84:PSP/AudioEngine.cpp ****     switch (cc_number) {
 1424              		.loc 2 84 5 is_stmt 1 view .LVU418
 1425 003c 5929     		cmp	r1, #89
 1426 003e 00F22981 		bhi	.L28
 1427 0042 DFE811F0 		tbh	[pc, r1, lsl #1]
 1428              	.L31:
 1429 0046 5A00     		.2byte	(.L64-.L31)/2
 1430 0048 6100     		.2byte	(.L63-.L31)/2
 1431 004a 6400     		.2byte	(.L62-.L31)/2
 1432 004c 6D00     		.2byte	(.L61-.L31)/2
 1433 004e 7000     		.2byte	(.L60-.L31)/2
 1434 0050 7300     		.2byte	(.L59-.L31)/2
 1435 0052 7C00     		.2byte	(.L58-.L31)/2
 1436 0054 7E00     		.2byte	(.L57-.L31)/2
 1437 0056 8100     		.2byte	(.L56-.L31)/2
 1438 0058 8400     		.2byte	(.L55-.L31)/2
 1439 005a 8D00     		.2byte	(.L54-.L31)/2
 1440 005c 9000     		.2byte	(.L53-.L31)/2
 1441 005e 9300     		.2byte	(.L52-.L31)/2
 1442 0060 9600     		.2byte	(.L51-.L31)/2
 1443 0062 9F00     		.2byte	(.L50-.L31)/2
 1444 0064 A200     		.2byte	(.L49-.L31)/2
 1445 0066 2701     		.2byte	(.L28-.L31)/2
 1446 0068 2701     		.2byte	(.L28-.L31)/2
 1447 006a 2701     		.2byte	(.L28-.L31)/2
 1448 006c 2701     		.2byte	(.L28-.L31)/2
 1449 006e 2701     		.2byte	(.L28-.L31)/2
 1450 0070 2701     		.2byte	(.L28-.L31)/2
 1451 0072 2701     		.2byte	(.L28-.L31)/2
 1452 0074 2701     		.2byte	(.L28-.L31)/2
 1453 0076 2701     		.2byte	(.L28-.L31)/2
 1454 0078 2701     		.2byte	(.L28-.L31)/2
 1455 007a 2701     		.2byte	(.L28-.L31)/2
 1456 007c 2701     		.2byte	(.L28-.L31)/2
 1457 007e 2701     		.2byte	(.L28-.L31)/2
 1458 0080 2701     		.2byte	(.L28-.L31)/2
 1459 0082 2701     		.2byte	(.L28-.L31)/2
 1460 0084 2701     		.2byte	(.L28-.L31)/2
 1461 0086 2701     		.2byte	(.L28-.L31)/2
 1462 0088 2701     		.2byte	(.L28-.L31)/2
 1463 008a 2701     		.2byte	(.L28-.L31)/2
 1464 008c 2701     		.2byte	(.L28-.L31)/2
 1465 008e 2701     		.2byte	(.L28-.L31)/2
 1466 0090 2701     		.2byte	(.L28-.L31)/2
 1467 0092 2701     		.2byte	(.L28-.L31)/2
 1468 0094 2701     		.2byte	(.L28-.L31)/2
 1469 0096 2701     		.2byte	(.L28-.L31)/2
 1470 0098 2701     		.2byte	(.L28-.L31)/2
 1471 009a 2701     		.2byte	(.L28-.L31)/2
 1472 009c 2701     		.2byte	(.L28-.L31)/2
 1473 009e 2701     		.2byte	(.L28-.L31)/2
 1474 00a0 2701     		.2byte	(.L28-.L31)/2
ARM GAS  C:\Users\skipi\AppData\Local\Temp\cccqm0Sx.s 			page 42


 1475 00a2 2701     		.2byte	(.L28-.L31)/2
 1476 00a4 2701     		.2byte	(.L28-.L31)/2
 1477 00a6 2701     		.2byte	(.L28-.L31)/2
 1478 00a8 2701     		.2byte	(.L28-.L31)/2
 1479 00aa 2701     		.2byte	(.L28-.L31)/2
 1480 00ac 2701     		.2byte	(.L28-.L31)/2
 1481 00ae 2701     		.2byte	(.L28-.L31)/2
 1482 00b0 2701     		.2byte	(.L28-.L31)/2
 1483 00b2 2701     		.2byte	(.L28-.L31)/2
 1484 00b4 2701     		.2byte	(.L28-.L31)/2
 1485 00b6 2701     		.2byte	(.L28-.L31)/2
 1486 00b8 B000     		.2byte	(.L48-.L31)/2
 1487 00ba CC00     		.2byte	(.L47-.L31)/2
 1488 00bc B700     		.2byte	(.L46-.L31)/2
 1489 00be A500     		.2byte	(.L45-.L31)/2
 1490 00c0 C000     		.2byte	(.L44-.L31)/2
 1491 00c2 2701     		.2byte	(.L28-.L31)/2
 1492 00c4 2701     		.2byte	(.L28-.L31)/2
 1493 00c6 2701     		.2byte	(.L28-.L31)/2
 1494 00c8 C900     		.2byte	(.L43-.L31)/2
 1495 00ca 2701     		.2byte	(.L28-.L31)/2
 1496 00cc D500     		.2byte	(.L42-.L31)/2
 1497 00ce DE00     		.2byte	(.L41-.L31)/2
 1498 00d0 E700     		.2byte	(.L40-.L31)/2
 1499 00d2 EA00     		.2byte	(.L39-.L31)/2
 1500 00d4 F300     		.2byte	(.L38-.L31)/2
 1501 00d6 2701     		.2byte	(.L28-.L31)/2
 1502 00d8 2701     		.2byte	(.L28-.L31)/2
 1503 00da 2701     		.2byte	(.L28-.L31)/2
 1504 00dc 2701     		.2byte	(.L28-.L31)/2
 1505 00de 2701     		.2byte	(.L28-.L31)/2
 1506 00e0 F600     		.2byte	(.L37-.L31)/2
 1507 00e2 2701     		.2byte	(.L28-.L31)/2
 1508 00e4 F900     		.2byte	(.L36-.L31)/2
 1509 00e6 0001     		.2byte	(.L35-.L31)/2
 1510 00e8 2701     		.2byte	(.L28-.L31)/2
 1511 00ea 2701     		.2byte	(.L28-.L31)/2
 1512 00ec 2701     		.2byte	(.L28-.L31)/2
 1513 00ee 2701     		.2byte	(.L28-.L31)/2
 1514 00f0 2701     		.2byte	(.L28-.L31)/2
 1515 00f2 0901     		.2byte	(.L34-.L31)/2
 1516 00f4 1001     		.2byte	(.L33-.L31)/2
 1517 00f6 1701     		.2byte	(.L32-.L31)/2
 1518 00f8 1F01     		.2byte	(.L30-.L31)/2
 1519              		.p2align 1
 1520              	.L64:
  85:PSP/AudioEngine.cpp ****         
  86:PSP/AudioEngine.cpp ****         // ==========================================
  87:PSP/AudioEngine.cpp ****         // LFO 1 (CC 14 - 16)
  88:PSP/AudioEngine.cpp ****         // ==========================================
  89:PSP/AudioEngine.cpp ****         case 14: preset.lfo1.waveform = lfo_wave_sel; break;
 1521              		.loc 2 89 9 view .LVU419
 1522              		.loc 2 89 18 view .LVU420
 1523              		.loc 2 89 39 is_stmt 0 view .LVU421
 1524 00fa 83F83450 		strb	r5, [r3, #52]
 1525              		.loc 2 89 55 is_stmt 1 view .LVU422
 1526              	.LVL96:
ARM GAS  C:\Users\skipi\AppData\Local\Temp\cccqm0Sx.s 			page 43


 1527              	.L65:
  90:PSP/AudioEngine.cpp ****         case 15: preset.lfo1.amp = val_norm; break;
  91:PSP/AudioEngine.cpp ****         case 16: preset.lfo1.freq = 0.1f + (val_norm * 20.0f); break;
  92:PSP/AudioEngine.cpp **** 
  93:PSP/AudioEngine.cpp ****         // ==========================================
  94:PSP/AudioEngine.cpp ****         // LFO 2 (CC 17 - 19)
  95:PSP/AudioEngine.cpp ****         // ==========================================
  96:PSP/AudioEngine.cpp ****         case 17: preset.lfo2.waveform = lfo_wave_sel; break;
  97:PSP/AudioEngine.cpp ****         case 18: preset.lfo2.amp = val_norm; break;
  98:PSP/AudioEngine.cpp ****         case 19: preset.lfo2.freq = 0.1f + (val_norm * 20.0f); break;
  99:PSP/AudioEngine.cpp **** 
 100:PSP/AudioEngine.cpp ****         // ==========================================
 101:PSP/AudioEngine.cpp ****         // OSCILLATOR 1 (CC 20 - 23)
 102:PSP/AudioEngine.cpp ****         // ==========================================
 103:PSP/AudioEngine.cpp ****         case 20: preset.osc1.waveform = osc_wave_sel; break;
 104:PSP/AudioEngine.cpp ****         case 21: preset.osc1.amp = val_norm; break;
 105:PSP/AudioEngine.cpp ****         case 22: preset.osc1.shape = val_norm; break;
 106:PSP/AudioEngine.cpp ****         case 23: preset.osc1.detune = (val_norm * 100.0f) - 50.0f; break; // Da -50 a +50 cents
 107:PSP/AudioEngine.cpp **** 
 108:PSP/AudioEngine.cpp ****         // ==========================================
 109:PSP/AudioEngine.cpp ****         // OSCILLATOR 2 (CC 24 - 27)
 110:PSP/AudioEngine.cpp ****         // ==========================================
 111:PSP/AudioEngine.cpp ****         case 24: preset.osc2.waveform = osc_wave_sel; break;
 112:PSP/AudioEngine.cpp ****         case 25: preset.osc2.amp = val_norm; break;
 113:PSP/AudioEngine.cpp ****         case 26: preset.osc2.shape = val_norm; break;
 114:PSP/AudioEngine.cpp ****         case 27: preset.osc2.detune = (val_norm * 100.0f) - 50.0f; break; // Da -50 a +50 cents
 115:PSP/AudioEngine.cpp **** 
 116:PSP/AudioEngine.cpp ****         // ==========================================
 117:PSP/AudioEngine.cpp ****         // NOISE (CC 28 - 29)
 118:PSP/AudioEngine.cpp ****         // ==========================================
 119:PSP/AudioEngine.cpp ****         case 28: preset.noise.amp = val_norm; break;
 120:PSP/AudioEngine.cpp ****         case 29: preset.noise.color = val_norm; break;
 121:PSP/AudioEngine.cpp **** 
 122:PSP/AudioEngine.cpp ****         // ==========================================
 123:PSP/AudioEngine.cpp ****         // FILTER (CC 74, 71)
 124:PSP/AudioEngine.cpp ****         // ==========================================
 125:PSP/AudioEngine.cpp ****         case 74: preset.filter.cutoff = 20.0f + (val_norm * val_norm) * 20000.0f; break;
 126:PSP/AudioEngine.cpp ****         case 71: preset.filter.resonance = val_norm * 1.8f; break; // Limite di sicurezza 0.95
 127:PSP/AudioEngine.cpp **** 
 128:PSP/AudioEngine.cpp ****         // ==========================================
 129:PSP/AudioEngine.cpp ****         // AMP ENVELOPE (CC 73, 75, 79, 72, 80)
 130:PSP/AudioEngine.cpp ****         // ==========================================
 131:PSP/AudioEngine.cpp ****         case 73: preset.amp_env.attack  = 0.01f + (val_norm * 4.0f); break;
 132:PSP/AudioEngine.cpp ****         case 75: preset.amp_env.decay   = 0.01f + (val_norm * 4.0f); break;
 133:PSP/AudioEngine.cpp ****         case 79: preset.amp_env.sustain = val_norm; break;
 134:PSP/AudioEngine.cpp ****         case 72: preset.amp_env.release = 0.01f + (val_norm * 5.0f); break;
 135:PSP/AudioEngine.cpp ****         //case 80: preset.amp_env.amp     = val_norm; break;
 136:PSP/AudioEngine.cpp **** 
 137:PSP/AudioEngine.cpp ****         // ==========================================
 138:PSP/AudioEngine.cpp ****         // FILTER ENVELOPE (CC 81 - 85)
 139:PSP/AudioEngine.cpp ****         // ==========================================
 140:PSP/AudioEngine.cpp ****         case 81: preset.filt_env.attack  = 0.01f + (val_norm * 4.0f); break;
 141:PSP/AudioEngine.cpp ****         case 82: preset.filt_env.decay   = 0.01f + (val_norm * 4.0f); break;
 142:PSP/AudioEngine.cpp ****         case 83: preset.filt_env.sustain = val_norm; break;
 143:PSP/AudioEngine.cpp ****         case 84: preset.filt_env.release = 0.01f + (val_norm * 5.0f); break;
 144:PSP/AudioEngine.cpp ****         case 85: preset.filt_env.amp     = val_norm; break;
 145:PSP/AudioEngine.cpp **** 
ARM GAS  C:\Users\skipi\AppData\Local\Temp\cccqm0Sx.s 			page 44


 146:PSP/AudioEngine.cpp ****         // ==========================================
 147:PSP/AudioEngine.cpp ****         // REVERB (CC 91, 93, 94)
 148:PSP/AudioEngine.cpp ****         // ==========================================
 149:PSP/AudioEngine.cpp ****         case 91: preset.reverb.dryWet   = val_norm; break;
 150:PSP/AudioEngine.cpp ****         case 93: preset.reverb.feedback = val_norm * 0.99f; break; // Mai oltre 0.99
 151:PSP/AudioEngine.cpp ****         case 94: preset.reverb.lpFreq   = 500.0f + (val_norm * 17500.0f); break;
 152:PSP/AudioEngine.cpp **** 
 153:PSP/AudioEngine.cpp ****         // ==========================================
 154:PSP/AudioEngine.cpp ****         // SWITCH (CC 100, 101)
 155:PSP/AudioEngine.cpp ****         // ==========================================
 156:PSP/AudioEngine.cpp ****         case 100: cc_value < 64 ? preset.sync = false : preset.sync = true; break;
 157:PSP/AudioEngine.cpp ****         case 101: cc_value < 64 ? preset.ring = false : preset.ring = true; break;
 158:PSP/AudioEngine.cpp ****         
 159:PSP/AudioEngine.cpp ****         // ==========================================
 160:PSP/AudioEngine.cpp ****         // LFO DIRECTION (CC 102, 103)
 161:PSP/AudioEngine.cpp ****         // ==========================================
 162:PSP/AudioEngine.cpp ****         case 102: preset.lfo1.direction = static_cast<Direction_e>(cc_value % 25); break;
 163:PSP/AudioEngine.cpp ****         case 103: preset.lfo2.direction = static_cast<Direction_e>(cc_value % 25); break;
 164:PSP/AudioEngine.cpp **** 
 165:PSP/AudioEngine.cpp ****         // CC non mappato -> esci senza richiamare SetActivePreset
 166:PSP/AudioEngine.cpp ****         default: return; 
 167:PSP/AudioEngine.cpp ****     }
 168:PSP/AudioEngine.cpp **** 
 169:PSP/AudioEngine.cpp ****     // Applica immediatamente le modifiche al motore in esecuzione
 170:PSP/AudioEngine.cpp ****     SetActivePreset(preset);
 1528              		.loc 2 170 5 view .LVU423
 1529              		.loc 2 170 20 is_stmt 0 view .LVU424
 1530 00fe 1946     		mov	r1, r3
 171:PSP/AudioEngine.cpp **** }
 1531              		.loc 2 171 1 view .LVU425
 1532 0100 02B0     		add	sp, sp, #8
 1533              		.cfi_remember_state
 1534              		.cfi_def_cfa_offset 8
 1535              		@ sp needed
 1536 0102 30BC     		pop	{r4, r5}
 1537              		.cfi_restore 5
 1538              		.cfi_restore 4
 1539              		.cfi_def_cfa_offset 0
 1540              	.LVL97:
 170:PSP/AudioEngine.cpp **** }
 1541              		.loc 2 170 20 view .LVU426
 1542 0104 FFF7FEBF 		b	_ZN11AudioEngine15SetActivePresetERK8Preset_s
 1543              	.LVL98:
 1544              	.L63:
 1545              		.cfi_restore_state
  90:PSP/AudioEngine.cpp ****         case 15: preset.lfo1.amp = val_norm; break;
 1546              		.loc 2 90 9 is_stmt 1 view .LVU427
  90:PSP/AudioEngine.cpp ****         case 15: preset.lfo1.amp = val_norm; break;
 1547              		.loc 2 90 18 view .LVU428
  90:PSP/AudioEngine.cpp ****         case 15: preset.lfo1.amp = val_norm; break;
 1548              		.loc 2 90 34 is_stmt 0 view .LVU429
 1549 0108 C3ED0E7A 		vstr.32	s15, [r3, #56]
  90:PSP/AudioEngine.cpp ****         case 15: preset.lfo1.amp = val_norm; break;
 1550              		.loc 2 90 46 is_stmt 1 view .LVU430
 1551 010c F7E7     		b	.L65
 1552              	.L62:
  91:PSP/AudioEngine.cpp **** 
ARM GAS  C:\Users\skipi\AppData\Local\Temp\cccqm0Sx.s 			page 45


 1553              		.loc 2 91 9 view .LVU431
  91:PSP/AudioEngine.cpp **** 
 1554              		.loc 2 91 18 view .LVU432
  91:PSP/AudioEngine.cpp **** 
 1555              		.loc 2 91 42 is_stmt 0 view .LVU433
 1556 010e F3EE046A 		vmov.f32	s13, #2.0e+1
 1557 0112 9FED657A 		vldr.32	s14, .L70+12
 1558 0116 A7EEA67A 		vfma.f32	s14, s15, s13
  91:PSP/AudioEngine.cpp **** 
 1559              		.loc 2 91 35 view .LVU434
 1560 011a 83ED0F7A 		vstr.32	s14, [r3, #60]
  91:PSP/AudioEngine.cpp **** 
 1561              		.loc 2 91 64 is_stmt 1 view .LVU435
 1562 011e EEE7     		b	.L65
 1563              	.L61:
  96:PSP/AudioEngine.cpp ****         case 18: preset.lfo2.amp = val_norm; break;
 1564              		.loc 2 96 9 view .LVU436
  96:PSP/AudioEngine.cpp ****         case 18: preset.lfo2.amp = val_norm; break;
 1565              		.loc 2 96 18 view .LVU437
  96:PSP/AudioEngine.cpp ****         case 18: preset.lfo2.amp = val_norm; break;
 1566              		.loc 2 96 39 is_stmt 0 view .LVU438
 1567 0120 83F84450 		strb	r5, [r3, #68]
  96:PSP/AudioEngine.cpp ****         case 18: preset.lfo2.amp = val_norm; break;
 1568              		.loc 2 96 55 is_stmt 1 view .LVU439
 1569 0124 EBE7     		b	.L65
 1570              	.L60:
  97:PSP/AudioEngine.cpp ****         case 19: preset.lfo2.freq = 0.1f + (val_norm * 20.0f); break;
 1571              		.loc 2 97 9 view .LVU440
  97:PSP/AudioEngine.cpp ****         case 19: preset.lfo2.freq = 0.1f + (val_norm * 20.0f); break;
 1572              		.loc 2 97 18 view .LVU441
  97:PSP/AudioEngine.cpp ****         case 19: preset.lfo2.freq = 0.1f + (val_norm * 20.0f); break;
 1573              		.loc 2 97 34 is_stmt 0 view .LVU442
 1574 0126 C3ED127A 		vstr.32	s15, [r3, #72]
  97:PSP/AudioEngine.cpp ****         case 19: preset.lfo2.freq = 0.1f + (val_norm * 20.0f); break;
 1575              		.loc 2 97 46 is_stmt 1 view .LVU443
 1576 012a E8E7     		b	.L65
 1577              	.L59:
  98:PSP/AudioEngine.cpp **** 
 1578              		.loc 2 98 9 view .LVU444
  98:PSP/AudioEngine.cpp **** 
 1579              		.loc 2 98 18 view .LVU445
  98:PSP/AudioEngine.cpp **** 
 1580              		.loc 2 98 42 is_stmt 0 view .LVU446
 1581 012c F3EE046A 		vmov.f32	s13, #2.0e+1
 1582 0130 9FED5D7A 		vldr.32	s14, .L70+12
 1583 0134 A7EEA67A 		vfma.f32	s14, s15, s13
  98:PSP/AudioEngine.cpp **** 
 1584              		.loc 2 98 35 view .LVU447
 1585 0138 83ED137A 		vstr.32	s14, [r3, #76]
  98:PSP/AudioEngine.cpp **** 
 1586              		.loc 2 98 64 is_stmt 1 view .LVU448
 1587 013c DFE7     		b	.L65
 1588              	.L58:
 103:PSP/AudioEngine.cpp ****         case 21: preset.osc1.amp = val_norm; break;
 1589              		.loc 2 103 9 view .LVU449
 103:PSP/AudioEngine.cpp ****         case 21: preset.osc1.amp = val_norm; break;
 1590              		.loc 2 103 18 view .LVU450
ARM GAS  C:\Users\skipi\AppData\Local\Temp\cccqm0Sx.s 			page 46


 103:PSP/AudioEngine.cpp ****         case 21: preset.osc1.amp = val_norm; break;
 1591              		.loc 2 103 39 is_stmt 0 view .LVU451
 1592 013e 1C75     		strb	r4, [r3, #20]
 103:PSP/AudioEngine.cpp ****         case 21: preset.osc1.amp = val_norm; break;
 1593              		.loc 2 103 55 is_stmt 1 view .LVU452
 1594 0140 DDE7     		b	.L65
 1595              	.L57:
 104:PSP/AudioEngine.cpp ****         case 22: preset.osc1.shape = val_norm; break;
 1596              		.loc 2 104 9 view .LVU453
 104:PSP/AudioEngine.cpp ****         case 22: preset.osc1.shape = val_norm; break;
 1597              		.loc 2 104 18 view .LVU454
 104:PSP/AudioEngine.cpp ****         case 22: preset.osc1.shape = val_norm; break;
 1598              		.loc 2 104 34 is_stmt 0 view .LVU455
 1599 0142 C3ED067A 		vstr.32	s15, [r3, #24]
 104:PSP/AudioEngine.cpp ****         case 22: preset.osc1.shape = val_norm; break;
 1600              		.loc 2 104 46 is_stmt 1 view .LVU456
 1601 0146 DAE7     		b	.L65
 1602              	.L56:
 105:PSP/AudioEngine.cpp ****         case 23: preset.osc1.detune = (val_norm * 100.0f) - 50.0f; break; // Da -50 a +50 cents
 1603              		.loc 2 105 9 view .LVU457
 105:PSP/AudioEngine.cpp ****         case 23: preset.osc1.detune = (val_norm * 100.0f) - 50.0f; break; // Da -50 a +50 cents
 1604              		.loc 2 105 18 view .LVU458
 105:PSP/AudioEngine.cpp ****         case 23: preset.osc1.detune = (val_norm * 100.0f) - 50.0f; break; // Da -50 a +50 cents
 1605              		.loc 2 105 36 is_stmt 0 view .LVU459
 1606 0148 C3ED077A 		vstr.32	s15, [r3, #28]
 105:PSP/AudioEngine.cpp ****         case 23: preset.osc1.detune = (val_norm * 100.0f) - 50.0f; break; // Da -50 a +50 cents
 1607              		.loc 2 105 48 is_stmt 1 view .LVU460
 1608 014c D7E7     		b	.L65
 1609              	.L55:
 106:PSP/AudioEngine.cpp **** 
 1610              		.loc 2 106 9 view .LVU461
 106:PSP/AudioEngine.cpp **** 
 1611              		.loc 2 106 18 view .LVU462
 106:PSP/AudioEngine.cpp **** 
 1612              		.loc 2 106 59 is_stmt 0 view .LVU463
 1613 014e DFED576A 		vldr.32	s13, .L70+16
 1614 0152 9FED577A 		vldr.32	s14, .L70+20
 1615 0156 A7EEA67A 		vfma.f32	s14, s15, s13
 106:PSP/AudioEngine.cpp **** 
 1616              		.loc 2 106 37 view .LVU464
 1617 015a 83ED087A 		vstr.32	s14, [r3, #32]
 106:PSP/AudioEngine.cpp **** 
 1618              		.loc 2 106 68 is_stmt 1 view .LVU465
 1619 015e CEE7     		b	.L65
 1620              	.L54:
 111:PSP/AudioEngine.cpp ****         case 25: preset.osc2.amp = val_norm; break;
 1621              		.loc 2 111 9 view .LVU466
 111:PSP/AudioEngine.cpp ****         case 25: preset.osc2.amp = val_norm; break;
 1622              		.loc 2 111 18 view .LVU467
 111:PSP/AudioEngine.cpp ****         case 25: preset.osc2.amp = val_norm; break;
 1623              		.loc 2 111 39 is_stmt 0 view .LVU468
 1624 0160 83F82440 		strb	r4, [r3, #36]
 111:PSP/AudioEngine.cpp ****         case 25: preset.osc2.amp = val_norm; break;
 1625              		.loc 2 111 55 is_stmt 1 view .LVU469
 1626 0164 CBE7     		b	.L65
 1627              	.L53:
 112:PSP/AudioEngine.cpp ****         case 26: preset.osc2.shape = val_norm; break;
ARM GAS  C:\Users\skipi\AppData\Local\Temp\cccqm0Sx.s 			page 47


 1628              		.loc 2 112 9 view .LVU470
 112:PSP/AudioEngine.cpp ****         case 26: preset.osc2.shape = val_norm; break;
 1629              		.loc 2 112 18 view .LVU471
 112:PSP/AudioEngine.cpp ****         case 26: preset.osc2.shape = val_norm; break;
 1630              		.loc 2 112 34 is_stmt 0 view .LVU472
 1631 0166 C3ED0A7A 		vstr.32	s15, [r3, #40]
 112:PSP/AudioEngine.cpp ****         case 26: preset.osc2.shape = val_norm; break;
 1632              		.loc 2 112 46 is_stmt 1 view .LVU473
 1633 016a C8E7     		b	.L65
 1634              	.L52:
 113:PSP/AudioEngine.cpp ****         case 27: preset.osc2.detune = (val_norm * 100.0f) - 50.0f; break; // Da -50 a +50 cents
 1635              		.loc 2 113 9 view .LVU474
 113:PSP/AudioEngine.cpp ****         case 27: preset.osc2.detune = (val_norm * 100.0f) - 50.0f; break; // Da -50 a +50 cents
 1636              		.loc 2 113 18 view .LVU475
 113:PSP/AudioEngine.cpp ****         case 27: preset.osc2.detune = (val_norm * 100.0f) - 50.0f; break; // Da -50 a +50 cents
 1637              		.loc 2 113 36 is_stmt 0 view .LVU476
 1638 016c C3ED0B7A 		vstr.32	s15, [r3, #44]
 113:PSP/AudioEngine.cpp ****         case 27: preset.osc2.detune = (val_norm * 100.0f) - 50.0f; break; // Da -50 a +50 cents
 1639              		.loc 2 113 48 is_stmt 1 view .LVU477
 1640 0170 C5E7     		b	.L65
 1641              	.L51:
 114:PSP/AudioEngine.cpp **** 
 1642              		.loc 2 114 9 view .LVU478
 114:PSP/AudioEngine.cpp **** 
 1643              		.loc 2 114 18 view .LVU479
 114:PSP/AudioEngine.cpp **** 
 1644              		.loc 2 114 59 is_stmt 0 view .LVU480
 1645 0172 DFED4E6A 		vldr.32	s13, .L70+16
 1646 0176 9FED4E7A 		vldr.32	s14, .L70+20
 1647 017a A7EEA67A 		vfma.f32	s14, s15, s13
 114:PSP/AudioEngine.cpp **** 
 1648              		.loc 2 114 37 view .LVU481
 1649 017e 83ED0C7A 		vstr.32	s14, [r3, #48]
 114:PSP/AudioEngine.cpp **** 
 1650              		.loc 2 114 68 is_stmt 1 view .LVU482
 1651 0182 BCE7     		b	.L65
 1652              	.L50:
 119:PSP/AudioEngine.cpp ****         case 29: preset.noise.color = val_norm; break;
 1653              		.loc 2 119 9 view .LVU483
 119:PSP/AudioEngine.cpp ****         case 29: preset.noise.color = val_norm; break;
 1654              		.loc 2 119 18 view .LVU484
 119:PSP/AudioEngine.cpp ****         case 29: preset.noise.color = val_norm; break;
 1655              		.loc 2 119 35 is_stmt 0 view .LVU485
 1656 0184 C3ED157A 		vstr.32	s15, [r3, #84]
 119:PSP/AudioEngine.cpp ****         case 29: preset.noise.color = val_norm; break;
 1657              		.loc 2 119 47 is_stmt 1 view .LVU486
 1658 0188 B9E7     		b	.L65
 1659              	.L49:
 120:PSP/AudioEngine.cpp **** 
 1660              		.loc 2 120 9 view .LVU487
 120:PSP/AudioEngine.cpp **** 
 1661              		.loc 2 120 18 view .LVU488
 120:PSP/AudioEngine.cpp **** 
 1662              		.loc 2 120 37 is_stmt 0 view .LVU489
 1663 018a C3ED167A 		vstr.32	s15, [r3, #88]
 120:PSP/AudioEngine.cpp **** 
 1664              		.loc 2 120 49 is_stmt 1 view .LVU490
ARM GAS  C:\Users\skipi\AppData\Local\Temp\cccqm0Sx.s 			page 48


 1665 018e B6E7     		b	.L65
 1666              	.L45:
 125:PSP/AudioEngine.cpp ****         case 71: preset.filter.resonance = val_norm * 1.8f; break; // Limite di sicurezza 0.95
 1667              		.loc 2 125 9 view .LVU491
 125:PSP/AudioEngine.cpp ****         case 71: preset.filter.resonance = val_norm * 1.8f; break; // Limite di sicurezza 0.95
 1668              		.loc 2 125 18 view .LVU492
 125:PSP/AudioEngine.cpp ****         case 71: preset.filter.resonance = val_norm * 1.8f; break; // Limite di sicurezza 0.95
 1669              		.loc 2 125 59 is_stmt 0 view .LVU493
 1670 0190 67EEA77A 		vmul.f32	s15, s15, s15
 1671              	.LVL99:
 125:PSP/AudioEngine.cpp ****         case 71: preset.filter.resonance = val_norm * 1.8f; break; // Limite di sicurezza 0.95
 1672              		.loc 2 125 47 view .LVU494
 1673 0194 DFED476A 		vldr.32	s13, .L70+24
 1674              	.LVL100:
 125:PSP/AudioEngine.cpp ****         case 71: preset.filter.resonance = val_norm * 1.8f; break; // Limite di sicurezza 0.95
 1675              		.loc 2 125 47 view .LVU495
 1676 0198 B3EE047A 		vmov.f32	s14, #2.0e+1
 1677 019c A7EEA67A 		vfma.f32	s14, s15, s13
 125:PSP/AudioEngine.cpp ****         case 71: preset.filter.resonance = val_norm * 1.8f; break; // Limite di sicurezza 0.95
 1678              		.loc 2 125 39 view .LVU496
 1679 01a0 83ED217A 		vstr.32	s14, [r3, #132]
 125:PSP/AudioEngine.cpp ****         case 71: preset.filter.resonance = val_norm * 1.8f; break; // Limite di sicurezza 0.95
 1680              		.loc 2 125 83 is_stmt 1 view .LVU497
 1681 01a4 ABE7     		b	.L65
 1682              	.LVL101:
 1683              	.L48:
 126:PSP/AudioEngine.cpp **** 
 1684              		.loc 2 126 9 view .LVU498
 126:PSP/AudioEngine.cpp **** 
 1685              		.loc 2 126 18 view .LVU499
 126:PSP/AudioEngine.cpp **** 
 1686              		.loc 2 126 53 is_stmt 0 view .LVU500
 1687 01a6 9FED447A 		vldr.32	s14, .L70+28
 1688 01aa 67EE877A 		vmul.f32	s15, s15, s14
 1689              	.LVL102:
 126:PSP/AudioEngine.cpp **** 
 1690              		.loc 2 126 42 view .LVU501
 1691 01ae C3ED227A 		vstr.32	s15, [r3, #136]
 126:PSP/AudioEngine.cpp **** 
 1692              		.loc 2 126 61 is_stmt 1 view .LVU502
 1693 01b2 A4E7     		b	.L65
 1694              	.LVL103:
 1695              	.L46:
 131:PSP/AudioEngine.cpp ****         case 75: preset.amp_env.decay   = 0.01f + (val_norm * 4.0f); break;
 1696              		.loc 2 131 9 view .LVU503
 131:PSP/AudioEngine.cpp ****         case 75: preset.amp_env.decay   = 0.01f + (val_norm * 4.0f); break;
 1697              		.loc 2 131 18 view .LVU504
 131:PSP/AudioEngine.cpp ****         case 75: preset.amp_env.decay   = 0.01f + (val_norm * 4.0f); break;
 1698              		.loc 2 131 49 is_stmt 0 view .LVU505
 1699 01b4 F1EE006A 		vmov.f32	s13, #4.0e+0
 1700 01b8 9FED407A 		vldr.32	s14, .L70+32
 1701 01bc A7EEA67A 		vfma.f32	s14, s15, s13
 131:PSP/AudioEngine.cpp ****         case 75: preset.amp_env.decay   = 0.01f + (val_norm * 4.0f); break;
 1702              		.loc 2 131 41 view .LVU506
 1703 01c0 83ED177A 		vstr.32	s14, [r3, #92]
 131:PSP/AudioEngine.cpp ****         case 75: preset.amp_env.decay   = 0.01f + (val_norm * 4.0f); break;
 1704              		.loc 2 131 70 is_stmt 1 view .LVU507
ARM GAS  C:\Users\skipi\AppData\Local\Temp\cccqm0Sx.s 			page 49


 1705 01c4 9BE7     		b	.L65
 1706              	.L44:
 132:PSP/AudioEngine.cpp ****         case 79: preset.amp_env.sustain = val_norm; break;
 1707              		.loc 2 132 9 view .LVU508
 132:PSP/AudioEngine.cpp ****         case 79: preset.amp_env.sustain = val_norm; break;
 1708              		.loc 2 132 18 view .LVU509
 132:PSP/AudioEngine.cpp ****         case 79: preset.amp_env.sustain = val_norm; break;
 1709              		.loc 2 132 49 is_stmt 0 view .LVU510
 1710 01c6 F1EE006A 		vmov.f32	s13, #4.0e+0
 1711 01ca 9FED3C7A 		vldr.32	s14, .L70+32
 1712 01ce A7EEA67A 		vfma.f32	s14, s15, s13
 132:PSP/AudioEngine.cpp ****         case 79: preset.amp_env.sustain = val_norm; break;
 1713              		.loc 2 132 41 view .LVU511
 1714 01d2 83ED187A 		vstr.32	s14, [r3, #96]
 132:PSP/AudioEngine.cpp ****         case 79: preset.amp_env.sustain = val_norm; break;
 1715              		.loc 2 132 70 is_stmt 1 view .LVU512
 1716 01d6 92E7     		b	.L65
 1717              	.L43:
 133:PSP/AudioEngine.cpp ****         case 72: preset.amp_env.release = 0.01f + (val_norm * 5.0f); break;
 1718              		.loc 2 133 9 view .LVU513
 133:PSP/AudioEngine.cpp ****         case 72: preset.amp_env.release = 0.01f + (val_norm * 5.0f); break;
 1719              		.loc 2 133 18 view .LVU514
 133:PSP/AudioEngine.cpp ****         case 72: preset.amp_env.release = 0.01f + (val_norm * 5.0f); break;
 1720              		.loc 2 133 41 is_stmt 0 view .LVU515
 1721 01d8 C3ED197A 		vstr.32	s15, [r3, #100]
 133:PSP/AudioEngine.cpp ****         case 72: preset.amp_env.release = 0.01f + (val_norm * 5.0f); break;
 1722              		.loc 2 133 53 is_stmt 1 view .LVU516
 1723 01dc 8FE7     		b	.L65
 1724              	.L47:
 134:PSP/AudioEngine.cpp ****         //case 80: preset.amp_env.amp     = val_norm; break;
 1725              		.loc 2 134 9 view .LVU517
 134:PSP/AudioEngine.cpp ****         //case 80: preset.amp_env.amp     = val_norm; break;
 1726              		.loc 2 134 18 view .LVU518
 134:PSP/AudioEngine.cpp ****         //case 80: preset.amp_env.amp     = val_norm; break;
 1727              		.loc 2 134 49 is_stmt 0 view .LVU519
 1728 01de F1EE046A 		vmov.f32	s13, #5.0e+0
 1729 01e2 9FED367A 		vldr.32	s14, .L70+32
 1730 01e6 A7EEA67A 		vfma.f32	s14, s15, s13
 134:PSP/AudioEngine.cpp ****         //case 80: preset.amp_env.amp     = val_norm; break;
 1731              		.loc 2 134 41 view .LVU520
 1732 01ea 83ED1A7A 		vstr.32	s14, [r3, #104]
 134:PSP/AudioEngine.cpp ****         //case 80: preset.amp_env.amp     = val_norm; break;
 1733              		.loc 2 134 70 is_stmt 1 view .LVU521
 1734 01ee 86E7     		b	.L65
 1735              	.L42:
 140:PSP/AudioEngine.cpp ****         case 82: preset.filt_env.decay   = 0.01f + (val_norm * 4.0f); break;
 1736              		.loc 2 140 9 view .LVU522
 140:PSP/AudioEngine.cpp ****         case 82: preset.filt_env.decay   = 0.01f + (val_norm * 4.0f); break;
 1737              		.loc 2 140 18 view .LVU523
 140:PSP/AudioEngine.cpp ****         case 82: preset.filt_env.decay   = 0.01f + (val_norm * 4.0f); break;
 1738              		.loc 2 140 50 is_stmt 0 view .LVU524
 1739 01f0 F1EE006A 		vmov.f32	s13, #4.0e+0
 1740 01f4 9FED317A 		vldr.32	s14, .L70+32
 1741 01f8 A7EEA67A 		vfma.f32	s14, s15, s13
 140:PSP/AudioEngine.cpp ****         case 82: preset.filt_env.decay   = 0.01f + (val_norm * 4.0f); break;
 1742              		.loc 2 140 42 view .LVU525
 1743 01fc 83ED1C7A 		vstr.32	s14, [r3, #112]
ARM GAS  C:\Users\skipi\AppData\Local\Temp\cccqm0Sx.s 			page 50


 140:PSP/AudioEngine.cpp ****         case 82: preset.filt_env.decay   = 0.01f + (val_norm * 4.0f); break;
 1744              		.loc 2 140 71 is_stmt 1 view .LVU526
 1745 0200 7DE7     		b	.L65
 1746              	.L41:
 141:PSP/AudioEngine.cpp ****         case 83: preset.filt_env.sustain = val_norm; break;
 1747              		.loc 2 141 9 view .LVU527
 141:PSP/AudioEngine.cpp ****         case 83: preset.filt_env.sustain = val_norm; break;
 1748              		.loc 2 141 18 view .LVU528
 141:PSP/AudioEngine.cpp ****         case 83: preset.filt_env.sustain = val_norm; break;
 1749              		.loc 2 141 50 is_stmt 0 view .LVU529
 1750 0202 F1EE006A 		vmov.f32	s13, #4.0e+0
 1751 0206 9FED2D7A 		vldr.32	s14, .L70+32
 1752 020a A7EEA67A 		vfma.f32	s14, s15, s13
 141:PSP/AudioEngine.cpp ****         case 83: preset.filt_env.sustain = val_norm; break;
 1753              		.loc 2 141 42 view .LVU530
 1754 020e 83ED1D7A 		vstr.32	s14, [r3, #116]
 141:PSP/AudioEngine.cpp ****         case 83: preset.filt_env.sustain = val_norm; break;
 1755              		.loc 2 141 71 is_stmt 1 view .LVU531
 1756 0212 74E7     		b	.L65
 1757              	.L40:
 142:PSP/AudioEngine.cpp ****         case 84: preset.filt_env.release = 0.01f + (val_norm * 5.0f); break;
 1758              		.loc 2 142 9 view .LVU532
 142:PSP/AudioEngine.cpp ****         case 84: preset.filt_env.release = 0.01f + (val_norm * 5.0f); break;
 1759              		.loc 2 142 18 view .LVU533
 142:PSP/AudioEngine.cpp ****         case 84: preset.filt_env.release = 0.01f + (val_norm * 5.0f); break;
 1760              		.loc 2 142 42 is_stmt 0 view .LVU534
 1761 0214 C3ED1E7A 		vstr.32	s15, [r3, #120]
 142:PSP/AudioEngine.cpp ****         case 84: preset.filt_env.release = 0.01f + (val_norm * 5.0f); break;
 1762              		.loc 2 142 54 is_stmt 1 view .LVU535
 1763 0218 71E7     		b	.L65
 1764              	.L39:
 143:PSP/AudioEngine.cpp ****         case 85: preset.filt_env.amp     = val_norm; break;
 1765              		.loc 2 143 9 view .LVU536
 143:PSP/AudioEngine.cpp ****         case 85: preset.filt_env.amp     = val_norm; break;
 1766              		.loc 2 143 18 view .LVU537
 143:PSP/AudioEngine.cpp ****         case 85: preset.filt_env.amp     = val_norm; break;
 1767              		.loc 2 143 50 is_stmt 0 view .LVU538
 1768 021a F1EE046A 		vmov.f32	s13, #5.0e+0
 1769 021e 9FED277A 		vldr.32	s14, .L70+32
 1770 0222 A7EEA67A 		vfma.f32	s14, s15, s13
 143:PSP/AudioEngine.cpp ****         case 85: preset.filt_env.amp     = val_norm; break;
 1771              		.loc 2 143 42 view .LVU539
 1772 0226 83ED1F7A 		vstr.32	s14, [r3, #124]
 143:PSP/AudioEngine.cpp ****         case 85: preset.filt_env.amp     = val_norm; break;
 1773              		.loc 2 143 71 is_stmt 1 view .LVU540
 1774 022a 68E7     		b	.L65
 1775              	.L38:
 144:PSP/AudioEngine.cpp **** 
 1776              		.loc 2 144 9 view .LVU541
 144:PSP/AudioEngine.cpp **** 
 1777              		.loc 2 144 18 view .LVU542
 144:PSP/AudioEngine.cpp **** 
 1778              		.loc 2 144 42 is_stmt 0 view .LVU543
 1779 022c C3ED207A 		vstr.32	s15, [r3, #128]
 144:PSP/AudioEngine.cpp **** 
 1780              		.loc 2 144 54 is_stmt 1 view .LVU544
 1781 0230 65E7     		b	.L65
ARM GAS  C:\Users\skipi\AppData\Local\Temp\cccqm0Sx.s 			page 51


 1782              	.L37:
 149:PSP/AudioEngine.cpp ****         case 93: preset.reverb.feedback = val_norm * 0.99f; break; // Mai oltre 0.99
 1783              		.loc 2 149 9 view .LVU545
 149:PSP/AudioEngine.cpp ****         case 93: preset.reverb.feedback = val_norm * 0.99f; break; // Mai oltre 0.99
 1784              		.loc 2 149 18 view .LVU546
 149:PSP/AudioEngine.cpp ****         case 93: preset.reverb.feedback = val_norm * 0.99f; break; // Mai oltre 0.99
 1785              		.loc 2 149 41 is_stmt 0 view .LVU547
 1786 0232 C3ED237A 		vstr.32	s15, [r3, #140]
 149:PSP/AudioEngine.cpp ****         case 93: preset.reverb.feedback = val_norm * 0.99f; break; // Mai oltre 0.99
 1787              		.loc 2 149 53 is_stmt 1 view .LVU548
 1788 0236 62E7     		b	.L65
 1789              	.L36:
 150:PSP/AudioEngine.cpp ****         case 94: preset.reverb.lpFreq   = 500.0f + (val_norm * 17500.0f); break;
 1790              		.loc 2 150 9 view .LVU549
 150:PSP/AudioEngine.cpp ****         case 94: preset.reverb.lpFreq   = 500.0f + (val_norm * 17500.0f); break;
 1791              		.loc 2 150 18 view .LVU550
 150:PSP/AudioEngine.cpp ****         case 94: preset.reverb.lpFreq   = 500.0f + (val_norm * 17500.0f); break;
 1792              		.loc 2 150 52 is_stmt 0 view .LVU551
 1793 0238 9FED217A 		vldr.32	s14, .L70+36
 1794 023c 67EE877A 		vmul.f32	s15, s15, s14
 1795              	.LVL104:
 150:PSP/AudioEngine.cpp ****         case 94: preset.reverb.lpFreq   = 500.0f + (val_norm * 17500.0f); break;
 1796              		.loc 2 150 41 view .LVU552
 1797 0240 C3ED257A 		vstr.32	s15, [r3, #148]
 150:PSP/AudioEngine.cpp ****         case 94: preset.reverb.lpFreq   = 500.0f + (val_norm * 17500.0f); break;
 1798              		.loc 2 150 61 is_stmt 1 view .LVU553
 1799 0244 5BE7     		b	.L65
 1800              	.LVL105:
 1801              	.L35:
 151:PSP/AudioEngine.cpp **** 
 1802              		.loc 2 151 9 view .LVU554
 151:PSP/AudioEngine.cpp **** 
 1803              		.loc 2 151 18 view .LVU555
 151:PSP/AudioEngine.cpp **** 
 1804              		.loc 2 151 50 is_stmt 0 view .LVU556
 1805 0246 DFED1F6A 		vldr.32	s13, .L70+40
 1806 024a 9FED1F7A 		vldr.32	s14, .L70+44
 1807 024e A7EEA67A 		vfma.f32	s14, s15, s13
 151:PSP/AudioEngine.cpp **** 
 1808              		.loc 2 151 41 view .LVU557
 1809 0252 83ED247A 		vstr.32	s14, [r3, #144]
 151:PSP/AudioEngine.cpp **** 
 1810              		.loc 2 151 75 is_stmt 1 view .LVU558
 1811 0256 52E7     		b	.L65
 1812              	.L34:
 156:PSP/AudioEngine.cpp ****         case 101: cc_value < 64 ? preset.ring = false : preset.ring = true; break;
 1813              		.loc 2 156 9 view .LVU559
 156:PSP/AudioEngine.cpp ****         case 101: cc_value < 64 ? preset.ring = false : preset.ring = true; break;
 1814              		.loc 2 156 19 view .LVU560
 156:PSP/AudioEngine.cpp ****         case 101: cc_value < 64 ? preset.ring = false : preset.ring = true; break;
 1815              		.loc 2 156 33 is_stmt 0 view .LVU561
 1816 0258 3F2A     		cmp	r2, #63
 156:PSP/AudioEngine.cpp ****         case 101: cc_value < 64 ? preset.ring = false : preset.ring = true; break;
 1817              		.loc 2 156 47 view .LVU562
 1818 025a 94BF     		ite	ls
 1819 025c 0022     		movls	r2, #0
 1820              	.LVL106:
ARM GAS  C:\Users\skipi\AppData\Local\Temp\cccqm0Sx.s 			page 52


 156:PSP/AudioEngine.cpp ****         case 101: cc_value < 64 ? preset.ring = false : preset.ring = true; break;
 1821              		.loc 2 156 69 view .LVU563
 1822 025e 0122     		movhi	r2, #1
 1823 0260 83F89820 		strb	r2, [r3, #152]
 1824 0264 4BE7     		b	.L65
 1825              	.LVL107:
 1826              	.L33:
 157:PSP/AudioEngine.cpp ****         
 1827              		.loc 2 157 9 is_stmt 1 view .LVU564
 157:PSP/AudioEngine.cpp ****         
 1828              		.loc 2 157 19 view .LVU565
 157:PSP/AudioEngine.cpp ****         
 1829              		.loc 2 157 33 is_stmt 0 view .LVU566
 1830 0266 3F2A     		cmp	r2, #63
 157:PSP/AudioEngine.cpp ****         
 1831              		.loc 2 157 47 view .LVU567
 1832 0268 94BF     		ite	ls
 1833 026a 0022     		movls	r2, #0
 1834              	.LVL108:
 157:PSP/AudioEngine.cpp ****         
 1835              		.loc 2 157 69 view .LVU568
 1836 026c 0122     		movhi	r2, #1
 1837 026e 83F89920 		strb	r2, [r3, #153]
 1838 0272 44E7     		b	.L65
 1839              	.LVL109:
 1840              	.L32:
 162:PSP/AudioEngine.cpp ****         case 103: preset.lfo2.direction = static_cast<Direction_e>(cc_value % 25); break;
 1841              		.loc 2 162 9 is_stmt 1 view .LVU569
 162:PSP/AudioEngine.cpp ****         case 103: preset.lfo2.direction = static_cast<Direction_e>(cc_value % 25); break;
 1842              		.loc 2 162 19 view .LVU570
 162:PSP/AudioEngine.cpp ****         case 103: preset.lfo2.direction = static_cast<Direction_e>(cc_value % 25); break;
 1843              		.loc 2 162 77 is_stmt 0 view .LVU571
 1844 0274 1924     		movs	r4, #25
 1845              	.LVL110:
 162:PSP/AudioEngine.cpp ****         case 103: preset.lfo2.direction = static_cast<Direction_e>(cc_value % 25); break;
 1846              		.loc 2 162 77 view .LVU572
 1847 0276 B2FBF4F1 		udiv	r1, r2, r4
 1848 027a 04FB1122 		mls	r2, r4, r1, r2
 1849              	.LVL111:
 162:PSP/AudioEngine.cpp ****         case 103: preset.lfo2.direction = static_cast<Direction_e>(cc_value % 25); break;
 1850              		.loc 2 162 41 view .LVU573
 1851 027e 83F84020 		strb	r2, [r3, #64]
 162:PSP/AudioEngine.cpp ****         case 103: preset.lfo2.direction = static_cast<Direction_e>(cc_value % 25); break;
 1852              		.loc 2 162 84 is_stmt 1 view .LVU574
 1853 0282 3CE7     		b	.L65
 1854              	.LVL112:
 1855              	.L30:
 163:PSP/AudioEngine.cpp **** 
 1856              		.loc 2 163 9 view .LVU575
 163:PSP/AudioEngine.cpp **** 
 1857              		.loc 2 163 19 view .LVU576
 163:PSP/AudioEngine.cpp **** 
 1858              		.loc 2 163 77 is_stmt 0 view .LVU577
 1859 0284 1921     		movs	r1, #25
 1860 0286 B2FBF1F4 		udiv	r4, r2, r1
 1861              	.LVL113:
 163:PSP/AudioEngine.cpp **** 
ARM GAS  C:\Users\skipi\AppData\Local\Temp\cccqm0Sx.s 			page 53


 1862              		.loc 2 163 77 view .LVU578
 1863 028a 01FB1422 		mls	r2, r1, r4, r2
 1864              	.LVL114:
 163:PSP/AudioEngine.cpp **** 
 1865              		.loc 2 163 41 view .LVU579
 1866 028e 83F85020 		strb	r2, [r3, #80]
 163:PSP/AudioEngine.cpp **** 
 1867              		.loc 2 163 84 is_stmt 1 view .LVU580
 1868 0292 34E7     		b	.L65
 1869              	.LVL115:
 1870              	.L28:
 1871              		.loc 2 171 1 is_stmt 0 view .LVU581
 1872 0294 02B0     		add	sp, sp, #8
 1873              		.cfi_def_cfa_offset 8
 1874              		@ sp needed
 1875 0296 30BC     		pop	{r4, r5}
 1876              		.cfi_restore 5
 1877              		.cfi_restore 4
 1878              		.cfi_def_cfa_offset 0
 1879              	.LVL116:
 1880              		.loc 2 171 1 view .LVU582
 1881 0298 7047     		bx	lr
 1882              	.L71:
 1883 029a 00BF     		.align	2
 1884              	.L70:
 1885 029c 0000FE42 		.word	1123942400
 1886 02a0 9EEF7F40 		.word	1082126238
 1887 02a4 9EEF3F40 		.word	1077931934
 1888 02a8 CDCCCC3D 		.word	1036831949
 1889 02ac 0000C842 		.word	1120403456
 1890 02b0 000048C2 		.word	-1035468800
 1891 02b4 00409C46 		.word	1184645120
 1892 02b8 6666E63F 		.word	1072064102
 1893 02bc 0AD7233C 		.word	1008981770
 1894 02c0 A4707D3F 		.word	1065185444
 1895 02c4 00B88846 		.word	1183365120
 1896 02c8 0000FA43 		.word	1140457472
 1897              		.cfi_endproc
 1898              	.LFE3769:
 1900              		.section	.text._ZN11AudioEngine7ProcessERfS0_,"ax",%progbits
 1901              		.align	1
 1902              		.global	_ZN11AudioEngine7ProcessERfS0_
 1903              		.syntax unified
 1904              		.thumb
 1905              		.thumb_func
 1906              		.fpu fpv5-d16
 1908              	_ZN11AudioEngine7ProcessERfS0_:
 1909              	.LVL117:
 1910              	.LFB3770:
 172:PSP/AudioEngine.cpp **** 
 173:PSP/AudioEngine.cpp **** void AudioEngine::Process(float& out_l, float& out_r) {
 1911              		.loc 2 173 55 is_stmt 1 view -0
 1912              		.cfi_startproc
 1913              		@ args = 0, pretend = 0, frame = 24
 1914              		@ frame_needed = 0, uses_anonymous_args = 0
 174:PSP/AudioEngine.cpp ****     const float s = 0.0001f;
 1915              		.loc 2 174 5 view .LVU584
ARM GAS  C:\Users\skipi\AppData\Local\Temp\cccqm0Sx.s 			page 54


 175:PSP/AudioEngine.cpp **** 
 176:PSP/AudioEngine.cpp ****     Smooth(_smoothedPreset.filter.cutoff, _currentPreset.filter.cutoff, s);
 1916              		.loc 2 176 5 view .LVU585
 1917              	.LBB380:
 1918              	.LBI380:
 1919              		.file 9 "PSP/AudioEngine.h"
   1:PSP/AudioEngine.h **** #pragma once
   2:PSP/AudioEngine.h **** #include "../../libs/PoliTeKDSP/Oscillators/oscillator.h"
   3:PSP/AudioEngine.h **** #include "daisysp.h"
   4:PSP/AudioEngine.h **** 
   5:PSP/AudioEngine.h **** 
   6:PSP/AudioEngine.h **** #define PRESET_NUM 16
   7:PSP/AudioEngine.h **** 
   8:PSP/AudioEngine.h **** // Strutture dei parametri
   9:PSP/AudioEngine.h **** 
  10:PSP/AudioEngine.h **** enum Direction_e {
  11:PSP/AudioEngine.h ****     NONE = 0,
  12:PSP/AudioEngine.h ****     VCA,
  13:PSP/AudioEngine.h ****     VCF,
  14:PSP/AudioEngine.h ****     SHAPE,
  15:PSP/AudioEngine.h ****     DETUNE,
  16:PSP/AudioEngine.h ****     NOISE,
  17:PSP/AudioEngine.h ****     FX
  18:PSP/AudioEngine.h **** };
  19:PSP/AudioEngine.h **** 
  20:PSP/AudioEngine.h **** struct Control_s {
  21:PSP/AudioEngine.h ****     float freq;      // Frequenza in Hz (es. dalla "pianta" o tastiera)
  22:PSP/AudioEngine.h ****     bool gate;       // Stato del gate (on/off)
  23:PSP/AudioEngine.h **** };
  24:PSP/AudioEngine.h **** 
  25:PSP/AudioEngine.h **** struct Oscillator_s {
  26:PSP/AudioEngine.h ****     uint8_t waveform;
  27:PSP/AudioEngine.h ****     float amp;
  28:PSP/AudioEngine.h ****     float shape;
  29:PSP/AudioEngine.h ****     float detune;
  30:PSP/AudioEngine.h **** 
  31:PSP/AudioEngine.h **** };
  32:PSP/AudioEngine.h **** 
  33:PSP/AudioEngine.h **** struct Lfo_s {
  34:PSP/AudioEngine.h ****     uint8_t waveform;
  35:PSP/AudioEngine.h ****     float amp;
  36:PSP/AudioEngine.h ****     float freq;
  37:PSP/AudioEngine.h ****     Direction_e direction;
  38:PSP/AudioEngine.h **** };
  39:PSP/AudioEngine.h **** 
  40:PSP/AudioEngine.h **** struct Noise_s {
  41:PSP/AudioEngine.h ****     float amp;
  42:PSP/AudioEngine.h ****     float color;
  43:PSP/AudioEngine.h **** };
  44:PSP/AudioEngine.h **** 
  45:PSP/AudioEngine.h **** struct Adsr_s {
  46:PSP/AudioEngine.h ****     float attack;
  47:PSP/AudioEngine.h ****     float decay; 
  48:PSP/AudioEngine.h ****     float sustain;
  49:PSP/AudioEngine.h ****     float release;
  50:PSP/AudioEngine.h ****     float amp; // Quantità di inviluppo applicata
  51:PSP/AudioEngine.h **** };
ARM GAS  C:\Users\skipi\AppData\Local\Temp\cccqm0Sx.s 			page 55


  52:PSP/AudioEngine.h **** 
  53:PSP/AudioEngine.h **** struct Filter_s {
  54:PSP/AudioEngine.h ****     float cutoff;
  55:PSP/AudioEngine.h ****     float resonance;
  56:PSP/AudioEngine.h **** };
  57:PSP/AudioEngine.h **** struct Reverb_s {
  58:PSP/AudioEngine.h ****     float dryWet;
  59:PSP/AudioEngine.h ****     float lpFreq;
  60:PSP/AudioEngine.h ****     float feedback;
  61:PSP/AudioEngine.h ****     //others
  62:PSP/AudioEngine.h **** };
  63:PSP/AudioEngine.h **** // Il Preset racchiude lo stato di tutti i moduli
  64:PSP/AudioEngine.h ****     struct Preset_s {
  65:PSP/AudioEngine.h ****         uint8_t index;
  66:PSP/AudioEngine.h ****         char name[16];
  67:PSP/AudioEngine.h ****         Oscillator_s osc1;
  68:PSP/AudioEngine.h ****         Oscillator_s osc2;
  69:PSP/AudioEngine.h ****         Lfo_s lfo1;
  70:PSP/AudioEngine.h ****         Lfo_s lfo2;
  71:PSP/AudioEngine.h ****         Noise_s noise;
  72:PSP/AudioEngine.h ****         Adsr_s amp_env;
  73:PSP/AudioEngine.h ****         Adsr_s filt_env;
  74:PSP/AudioEngine.h ****         Filter_s filter;
  75:PSP/AudioEngine.h ****         Reverb_s reverb;
  76:PSP/AudioEngine.h ****         bool sync;
  77:PSP/AudioEngine.h ****         bool ring;
  78:PSP/AudioEngine.h **** 
  79:PSP/AudioEngine.h ****         bool operator!=(const Preset_s& other) const {
  80:PSP/AudioEngine.h ****             // Confronta l'intera struttura in memoria per rilevare qualsiasi modifica ai parametri
  81:PSP/AudioEngine.h ****             return memcmp(this, &other, sizeof(Preset_s)) != 0;
  82:PSP/AudioEngine.h ****         }
  83:PSP/AudioEngine.h ****     };
  84:PSP/AudioEngine.h **** 
  85:PSP/AudioEngine.h **** class AudioEngine {
  86:PSP/AudioEngine.h **** public:
  87:PSP/AudioEngine.h ****     AudioEngine() {}
  88:PSP/AudioEngine.h ****     ~AudioEngine() {}
  89:PSP/AudioEngine.h **** 
  90:PSP/AudioEngine.h ****     void Init(float sample_rate);
  91:PSP/AudioEngine.h **** 
  92:PSP/AudioEngine.h ****     // Aggiorna i parametri interni ricevendo il preset attivo
  93:PSP/AudioEngine.h ****     void SetActivePreset(const Preset_s& preset);
  94:PSP/AudioEngine.h **** 
  95:PSP/AudioEngine.h ****     // Aggiorna controlli real-time (frequenza e gate)
  96:PSP/AudioEngine.h ****     void UpdateControls(const Control_s& controls);
  97:PSP/AudioEngine.h **** 
  98:PSP/AudioEngine.h ****     // Modifica un parametro del preset tramite MIDI CC e lo applica
  99:PSP/AudioEngine.h ****     void ProcessMidiCC(uint8_t cc_number, uint8_t cc_value, Preset_s& preset);
 100:PSP/AudioEngine.h **** 
 101:PSP/AudioEngine.h ****     // Genera un singolo sample
 102:PSP/AudioEngine.h ****     void Process(float& out_l, float& out_r);
 103:PSP/AudioEngine.h **** 
 104:PSP/AudioEngine.h ****     // Formula iper-leggera per lo smoothing
 105:PSP/AudioEngine.h ****     inline void Smooth(float& current, float target, float coeff = 0.001f) {
 1920              		.loc 9 105 17 view .LVU586
 1921              	.LBB381:
 106:PSP/AudioEngine.h ****         current += coeff * (target - current);
ARM GAS  C:\Users\skipi\AppData\Local\Temp\cccqm0Sx.s 			page 56


 1922              		.loc 9 106 9 view .LVU587
 1923              	.LBE381:
 1924              	.LBE380:
 173:PSP/AudioEngine.cpp ****     const float s = 0.0001f;
 1925              		.loc 2 173 55 is_stmt 0 view .LVU588
 1926 0000 2DE9F041 		push	{r4, r5, r6, r7, r8, lr}
 1927              		.cfi_def_cfa_offset 24
 1928              		.cfi_offset 4, -24
 1929              		.cfi_offset 5, -20
 1930              		.cfi_offset 6, -16
 1931              		.cfi_offset 7, -12
 1932              		.cfi_offset 8, -8
 1933              		.cfi_offset 14, -4
 1934              	.LBB389:
 1935              	.LBB382:
 1936              		.loc 9 106 17 view .LVU589
 1937 0004 00F5C024 		add	r4, r0, #393216
 1938              	.LBE382:
 1939              	.LBE389:
 173:PSP/AudioEngine.cpp ****     const float s = 0.0001f;
 1940              		.loc 2 173 55 view .LVU590
 1941 0008 1646     		mov	r6, r2
 1942              	.LBB390:
 1943              	.LBB383:
 1944              		.loc 9 106 17 view .LVU591
 1945 000a DFEDCA7A 		vldr.32	s15, .L105
 1946              	.LBE383:
 1947              	.LBE390:
 173:PSP/AudioEngine.cpp ****     const float s = 0.0001f;
 1948              		.loc 2 173 55 view .LVU592
 1949 000e 0546     		mov	r5, r0
 1950              	.LBB391:
 1951              	.LBB384:
 1952              		.loc 9 106 17 view .LVU593
 1953 0010 04F6DC53 		addw	r3, r4, #3548
 1954              	.LBE384:
 1955              	.LBE391:
 1956              		.loc 2 176 11 view .LVU594
 1957 0014 04F55462 		add	r2, r4, #3392
 1958              	.LVL118:
 177:PSP/AudioEngine.cpp ****     Smooth(_smoothedPreset.filter.resonance, _currentPreset.filter.resonance, s);
 178:PSP/AudioEngine.cpp ****     Smooth(_smoothedPreset.osc1.amp, _currentPreset.osc1.amp, s);
 179:PSP/AudioEngine.cpp ****     Smooth(_smoothedPreset.osc2.amp, _currentPreset.osc2.amp, s);
 180:PSP/AudioEngine.cpp ****     Smooth(_smoothedPreset.noise.amp, _currentPreset.noise.amp, s);
 181:PSP/AudioEngine.cpp ****     Smooth(_smoothedPreset.reverb.dryWet, _currentPreset.reverb.dryWet, s);
 182:PSP/AudioEngine.cpp ****     // 1. Elaborazione LFO e Inviluppi
 183:PSP/AudioEngine.cpp ****     float amp_env_out = _amp_env.Process(_lastGate);
 1959              		.loc 2 183 41 view .LVU595
 1960 0018 BC30     		adds	r0, r0, #188
 1961              	.LVL119:
 173:PSP/AudioEngine.cpp ****     const float s = 0.0001f;
 1962              		.loc 2 173 55 view .LVU596
 1963 001a 0F46     		mov	r7, r1
 1964              	.LBB392:
 1965              	.LBB385:
 1966              		.loc 9 106 17 view .LVU597
 1967 001c 93ED007A 		vldr.32	s14, [r3]
ARM GAS  C:\Users\skipi\AppData\Local\Temp\cccqm0Sx.s 			page 57


 1968              		.loc 9 106 36 view .LVU598
 1969 0020 D2ED006A 		vldr.32	s13, [r2]
 1970              	.LBE385:
 1971              	.LBE392:
 177:PSP/AudioEngine.cpp ****     Smooth(_smoothedPreset.filter.resonance, _currentPreset.filter.resonance, s);
 1972              		.loc 2 177 11 view .LVU599
 1973 0024 04F64452 		addw	r2, r4, #3396
 1974              		.loc 2 183 41 view .LVU600
 1975 0028 94F8901E 		ldrb	r1, [r4, #3728]	@ zero_extendqisi2
 1976              	.LVL120:
 1977              	.LBB393:
 1978              	.LBB386:
 1979              		.loc 9 106 36 view .LVU601
 1980 002c 76EEC76A 		vsub.f32	s13, s13, s14
 1981              	.LBE386:
 1982              	.LBE393:
 173:PSP/AudioEngine.cpp ****     const float s = 0.0001f;
 1983              		.loc 2 173 55 view .LVU602
 1984 0030 2DED0A8B 		vpush.64	{d8, d9, d10, d11, d12}
 1985              		.cfi_def_cfa_offset 64
 1986              		.cfi_offset 80, -64
 1987              		.cfi_offset 81, -60
 1988              		.cfi_offset 82, -56
 1989              		.cfi_offset 83, -52
 1990              		.cfi_offset 84, -48
 1991              		.cfi_offset 85, -44
 1992              		.cfi_offset 86, -40
 1993              		.cfi_offset 87, -36
 1994              		.cfi_offset 88, -32
 1995              		.cfi_offset 89, -28
 1996              	.LBB394:
 1997              	.LBB387:
 1998              		.loc 9 106 17 view .LVU603
 1999 0034 A6EEA77A 		vfma.f32	s14, s13, s15
 2000              	.LBE387:
 2001              	.LBE394:
 173:PSP/AudioEngine.cpp ****     const float s = 0.0001f;
 2002              		.loc 2 173 55 view .LVU604
 2003 0038 88B0     		sub	sp, sp, #32
 2004              		.cfi_def_cfa_offset 96
 2005 003a DFEDBF9A 		vldr.32	s19, .L105+4
 2006              	.LBB395:
 2007              	.LBB388:
 2008              		.loc 9 106 17 view .LVU605
 2009 003e 83ED007A 		vstr.32	s14, [r3]
 2010              	.LVL121:
 2011              		.loc 9 106 17 view .LVU606
 2012              	.LBE388:
 2013              	.LBE395:
 177:PSP/AudioEngine.cpp ****     Smooth(_smoothedPreset.filter.resonance, _currentPreset.filter.resonance, s);
 2014              		.loc 2 177 5 is_stmt 1 view .LVU607
 2015              	.LBB396:
 2016              	.LBI396:
 105:PSP/AudioEngine.h ****         current += coeff * (target - current);
 2017              		.loc 9 105 17 view .LVU608
 2018              	.LBB397:
 2019              		.loc 9 106 9 view .LVU609
ARM GAS  C:\Users\skipi\AppData\Local\Temp\cccqm0Sx.s 			page 58


 2020              		.loc 9 106 17 is_stmt 0 view .LVU610
 2021 0042 04F55E63 		add	r3, r4, #3552
 2022              		.loc 9 106 36 view .LVU611
 2023 0046 D2ED006A 		vldr.32	s13, [r2]
 2024              	.LBE397:
 2025              	.LBE396:
 178:PSP/AudioEngine.cpp ****     Smooth(_smoothedPreset.osc2.amp, _currentPreset.osc2.amp, s);
 2026              		.loc 2 178 11 view .LVU612
 2027 004a 04F6D442 		addw	r2, r4, #3284
 2028              	.LBB399:
 2029              	.LBB398:
 2030              		.loc 9 106 17 view .LVU613
 2031 004e 93ED007A 		vldr.32	s14, [r3]
 2032              		.loc 9 106 36 view .LVU614
 2033 0052 76EEC76A 		vsub.f32	s13, s13, s14
 2034              		.loc 9 106 17 view .LVU615
 2035 0056 A6EEA77A 		vfma.f32	s14, s13, s15
 2036 005a 83ED007A 		vstr.32	s14, [r3]
 2037              	.LVL122:
 2038              		.loc 9 106 17 view .LVU616
 2039              	.LBE398:
 2040              	.LBE399:
 178:PSP/AudioEngine.cpp ****     Smooth(_smoothedPreset.osc2.amp, _currentPreset.osc2.amp, s);
 2041              		.loc 2 178 5 is_stmt 1 view .LVU617
 2042              	.LBB400:
 2043              	.LBI400:
 105:PSP/AudioEngine.h ****         current += coeff * (target - current);
 2044              		.loc 9 105 17 view .LVU618
 2045              	.LBB401:
 2046              		.loc 9 106 9 view .LVU619
 2047              		.loc 9 106 17 is_stmt 0 view .LVU620
 2048 005e 04F55763 		add	r3, r4, #3440
 2049              		.loc 9 106 36 view .LVU621
 2050 0062 D2ED006A 		vldr.32	s13, [r2]
 2051              	.LBE401:
 2052              	.LBE400:
 179:PSP/AudioEngine.cpp ****     Smooth(_smoothedPreset.noise.amp, _currentPreset.noise.amp, s);
 2053              		.loc 2 179 11 view .LVU622
 2054 0066 04F6E442 		addw	r2, r4, #3300
 2055              	.LBB403:
 2056              	.LBB402:
 2057              		.loc 9 106 17 view .LVU623
 2058 006a 93ED007A 		vldr.32	s14, [r3]
 2059              		.loc 9 106 36 view .LVU624
 2060 006e 76EEC76A 		vsub.f32	s13, s13, s14
 2061              		.loc 9 106 17 view .LVU625
 2062 0072 A6EEA77A 		vfma.f32	s14, s13, s15
 2063 0076 83ED007A 		vstr.32	s14, [r3]
 2064              	.LVL123:
 2065              		.loc 9 106 17 view .LVU626
 2066              	.LBE402:
 2067              	.LBE403:
 179:PSP/AudioEngine.cpp ****     Smooth(_smoothedPreset.noise.amp, _currentPreset.noise.amp, s);
 2068              		.loc 2 179 5 is_stmt 1 view .LVU627
 2069              	.LBB404:
 2070              	.LBI404:
 105:PSP/AudioEngine.h ****         current += coeff * (target - current);
ARM GAS  C:\Users\skipi\AppData\Local\Temp\cccqm0Sx.s 			page 59


 2071              		.loc 9 105 17 view .LVU628
 2072              	.LBB405:
 2073              		.loc 9 106 9 view .LVU629
 2074              		.loc 9 106 17 is_stmt 0 view .LVU630
 2075 007a 04F55863 		add	r3, r4, #3456
 2076              		.loc 9 106 36 view .LVU631
 2077 007e D2ED006A 		vldr.32	s13, [r2]
 2078              	.LBE405:
 2079              	.LBE404:
 180:PSP/AudioEngine.cpp ****     Smooth(_smoothedPreset.reverb.dryWet, _currentPreset.reverb.dryWet, s);
 2080              		.loc 2 180 11 view .LVU632
 2081 0082 04F55162 		add	r2, r4, #3344
 2082              	.LBB407:
 2083              	.LBB406:
 2084              		.loc 9 106 17 view .LVU633
 2085 0086 93ED007A 		vldr.32	s14, [r3]
 2086              		.loc 9 106 36 view .LVU634
 2087 008a 76EEC76A 		vsub.f32	s13, s13, s14
 2088              		.loc 9 106 17 view .LVU635
 2089 008e A6EEA77A 		vfma.f32	s14, s13, s15
 2090 0092 83ED007A 		vstr.32	s14, [r3]
 2091              	.LVL124:
 2092              		.loc 9 106 17 view .LVU636
 2093              	.LBE406:
 2094              	.LBE407:
 180:PSP/AudioEngine.cpp ****     Smooth(_smoothedPreset.reverb.dryWet, _currentPreset.reverb.dryWet, s);
 2095              		.loc 2 180 5 is_stmt 1 view .LVU637
 2096              	.LBB408:
 2097              	.LBI408:
 105:PSP/AudioEngine.h ****         current += coeff * (target - current);
 2098              		.loc 9 105 17 view .LVU638
 2099              	.LBB409:
 2100              		.loc 9 106 9 view .LVU639
 2101              		.loc 9 106 17 is_stmt 0 view .LVU640
 2102 0096 04F6AC53 		addw	r3, r4, #3500
 2103              		.loc 9 106 36 view .LVU641
 2104 009a D2ED006A 		vldr.32	s13, [r2]
 2105              	.LBE409:
 2106              	.LBE408:
 181:PSP/AudioEngine.cpp ****     // 1. Elaborazione LFO e Inviluppi
 2107              		.loc 2 181 11 view .LVU642
 2108 009e 04F64852 		addw	r2, r4, #3400
 2109              	.LBB411:
 2110              	.LBB410:
 2111              		.loc 9 106 17 view .LVU643
 2112 00a2 93ED007A 		vldr.32	s14, [r3]
 2113              		.loc 9 106 36 view .LVU644
 2114 00a6 76EEC76A 		vsub.f32	s13, s13, s14
 2115              		.loc 9 106 17 view .LVU645
 2116 00aa A6EEA77A 		vfma.f32	s14, s13, s15
 2117 00ae 83ED007A 		vstr.32	s14, [r3]
 2118              	.LVL125:
 2119              		.loc 9 106 17 view .LVU646
 2120              	.LBE410:
 2121              	.LBE411:
 181:PSP/AudioEngine.cpp ****     // 1. Elaborazione LFO e Inviluppi
 2122              		.loc 2 181 5 is_stmt 1 view .LVU647
ARM GAS  C:\Users\skipi\AppData\Local\Temp\cccqm0Sx.s 			page 60


 2123              	.LBB412:
 2124              	.LBI412:
 105:PSP/AudioEngine.h ****         current += coeff * (target - current);
 2125              		.loc 9 105 17 view .LVU648
 2126              	.LBB413:
 2127              		.loc 9 106 9 view .LVU649
 2128              		.loc 9 106 17 is_stmt 0 view .LVU650
 2129 00b2 04F6E453 		addw	r3, r4, #3556
 2130              		.loc 9 106 36 view .LVU651
 2131 00b6 D2ED006A 		vldr.32	s13, [r2]
 2132              		.loc 9 106 17 view .LVU652
 2133 00ba 93ED007A 		vldr.32	s14, [r3]
 2134              		.loc 9 106 36 view .LVU653
 2135 00be 76EEC76A 		vsub.f32	s13, s13, s14
 2136              		.loc 9 106 17 view .LVU654
 2137 00c2 A6EEA77A 		vfma.f32	s14, s13, s15
 2138 00c6 83ED007A 		vstr.32	s14, [r3]
 2139              	.LVL126:
 2140              		.loc 9 106 17 view .LVU655
 2141              	.LBE413:
 2142              	.LBE412:
 2143              		.loc 2 183 5 is_stmt 1 view .LVU656
 2144              		.loc 2 183 41 is_stmt 0 view .LVU657
 2145 00ca FFF7FEFF 		bl	_ZN7daisysp4Adsr7ProcessEb
 2146              	.LVL127:
 184:PSP/AudioEngine.cpp ****     float filt_env_out = _filt_env.Process(_lastGate);
 2147              		.loc 2 184 43 view .LVU658
 2148 00ce 94F8901E 		ldrb	r1, [r4, #3728]	@ zero_extendqisi2
 2149 00d2 05F1EC00 		add	r0, r5, #236
 183:PSP/AudioEngine.cpp ****     float filt_env_out = _filt_env.Process(_lastGate);
 2150              		.loc 2 183 41 view .LVU659
 2151 00d6 F0EE408A 		vmov.f32	s17, s0
 2152              	.LVL128:
 2153              		.loc 2 184 5 is_stmt 1 view .LVU660
 2154              		.loc 2 184 43 is_stmt 0 view .LVU661
 2155 00da FFF7FEFF 		bl	_ZN7daisysp4Adsr7ProcessEb
 2156              	.LVL129:
 185:PSP/AudioEngine.cpp **** 
 186:PSP/AudioEngine.cpp ****     float lfo1_out = _lfo1.Process() * _currentPreset.lfo1.amp;
 2157              		.loc 2 186 35 view .LVU662
 2158 00de 05F16000 		add	r0, r5, #96
 184:PSP/AudioEngine.cpp **** 
 2159              		.loc 2 184 43 view .LVU663
 2160 00e2 B0EE40BA 		vmov.f32	s22, s0
 2161              	.LVL130:
 2162              		.loc 2 186 5 is_stmt 1 view .LVU664
 2163              		.loc 2 186 35 is_stmt 0 view .LVU665
 2164 00e6 FFF7FEFF 		bl	_ZN7daisysp10Oscillator7ProcessEv
 2165              	.LVL131:
 2166              		.loc 2 186 60 view .LVU666
 2167 00ea 04F6F443 		addw	r3, r4, #3316
 187:PSP/AudioEngine.cpp ****     float lfo2_out = _lfo2.Process() * _currentPreset.lfo2.amp;
 2168              		.loc 2 187 35 view .LVU667
 2169 00ee 05F18C00 		add	r0, r5, #140
 186:PSP/AudioEngine.cpp ****     float lfo2_out = _lfo2.Process() * _currentPreset.lfo2.amp;
 2170              		.loc 2 186 60 view .LVU668
 2171 00f2 D3ED007A 		vldr.32	s15, [r3]
ARM GAS  C:\Users\skipi\AppData\Local\Temp\cccqm0Sx.s 			page 61


 2172 00f6 60EE27AA 		vmul.f32	s21, s0, s15
 2173              	.LVL132:
 2174              		.loc 2 187 5 is_stmt 1 view .LVU669
 2175              		.loc 2 187 35 is_stmt 0 view .LVU670
 2176 00fa FFF7FEFF 		bl	_ZN7daisysp10Oscillator7ProcessEv
 2177              	.LVL133:
 2178              		.loc 2 187 60 view .LVU671
 2179 00fe 04F60453 		addw	r3, r4, #3332
 2180 0102 D3ED007A 		vldr.32	s15, [r3]
 188:PSP/AudioEngine.cpp **** 
 189:PSP/AudioEngine.cpp ****     if (_currentPreset.sync) {
 2181              		.loc 2 189 5 view .LVU672
 2182 0106 94F8543D 		ldrb	r3, [r4, #3412]	@ zero_extendqisi2
 187:PSP/AudioEngine.cpp **** 
 2183              		.loc 2 187 60 view .LVU673
 2184 010a 20EE27AA 		vmul.f32	s20, s0, s15
 2185              	.LVL134:
 2186              		.loc 2 189 5 is_stmt 1 view .LVU674
 2187 010e 23B1     		cbz	r3, .L73
 190:PSP/AudioEngine.cpp ****         if (_osc1.IsEOC()) _osc2.Reset();
 2188              		.loc 2 190 9 view .LVU675
 2189              	.LVL135:
 2190              	.LBB414:
 2191              	.LBI414:
  92:PSP/../../libs/PoliTeKDSP/Oscillators/oscillator.h **** 
  93:PSP/../../libs/PoliTeKDSP/Oscillators/oscillator.h ****     /** Returns true if cycle is at end of rise. Set during call to Process.
  94:PSP/../../libs/PoliTeKDSP/Oscillators/oscillator.h ****     */
  95:PSP/../../libs/PoliTeKDSP/Oscillators/oscillator.h ****     inline bool IsEOR() { return eor_; }
  96:PSP/../../libs/PoliTeKDSP/Oscillators/oscillator.h **** 
  97:PSP/../../libs/PoliTeKDSP/Oscillators/oscillator.h ****     /** Returns true if cycle is at end of cycle. Set during call to Process.
  98:PSP/../../libs/PoliTeKDSP/Oscillators/oscillator.h ****     */
  99:PSP/../../libs/PoliTeKDSP/Oscillators/oscillator.h ****     inline bool IsEOC() { return eoc_; }
 2192              		.loc 1 99 17 view .LVU676
 2193              	.LBB415:
 2194              		.loc 1 99 27 view .LVU677
 2195              		.loc 1 99 27 is_stmt 0 view .LVU678
 2196              	.LBE415:
 2197              	.LBE414:
 2198              		.loc 2 190 9 view .LVU679
 2199 0110 95F82D30 		ldrb	r3, [r5, #45]	@ zero_extendqisi2
 2200 0114 0BB1     		cbz	r3, .L73
 2201              		.loc 2 190 28 is_stmt 1 discriminator 1 view .LVU680
 2202              	.LVL136:
 2203              	.LBB416:
 2204              	.LBI416:
 100:PSP/../../libs/PoliTeKDSP/Oscillators/oscillator.h **** 
 101:PSP/../../libs/PoliTeKDSP/Oscillators/oscillator.h ****     /** Returns true if cycle rising.
 102:PSP/../../libs/PoliTeKDSP/Oscillators/oscillator.h ****     */
 103:PSP/../../libs/PoliTeKDSP/Oscillators/oscillator.h ****     inline bool IsRising() { return phase_ < 0.5f; }
 104:PSP/../../libs/PoliTeKDSP/Oscillators/oscillator.h **** 
 105:PSP/../../libs/PoliTeKDSP/Oscillators/oscillator.h ****     /** Returns true if cycle falling.
 106:PSP/../../libs/PoliTeKDSP/Oscillators/oscillator.h ****     */
 107:PSP/../../libs/PoliTeKDSP/Oscillators/oscillator.h ****     inline bool IsFalling() { return phase_ >= 0.5f; }
 108:PSP/../../libs/PoliTeKDSP/Oscillators/oscillator.h **** 
 109:PSP/../../libs/PoliTeKDSP/Oscillators/oscillator.h ****     /** Processes the waveform to be generated, returning one sample. This should be called once pe
 110:PSP/../../libs/PoliTeKDSP/Oscillators/oscillator.h ****     */
 111:PSP/../../libs/PoliTeKDSP/Oscillators/oscillator.h ****     float Process();
ARM GAS  C:\Users\skipi\AppData\Local\Temp\cccqm0Sx.s 			page 62


 112:PSP/../../libs/PoliTeKDSP/Oscillators/oscillator.h **** 
 113:PSP/../../libs/PoliTeKDSP/Oscillators/oscillator.h **** 
 114:PSP/../../libs/PoliTeKDSP/Oscillators/oscillator.h ****     /** Adds a value 0.0-1.0 (equivalent to 0.0-TWO_PI) to the current phase. Useful for PM and "FM
 115:PSP/../../libs/PoliTeKDSP/Oscillators/oscillator.h ****     */
 116:PSP/../../libs/PoliTeKDSP/Oscillators/oscillator.h ****     void PhaseAdd(float _phase) { phase_ += _phase; }
 117:PSP/../../libs/PoliTeKDSP/Oscillators/oscillator.h ****     /** Resets the phase to the input argument. If no argumeNt is present, it will reset phase to 0
 118:PSP/../../libs/PoliTeKDSP/Oscillators/oscillator.h ****     */
 119:PSP/../../libs/PoliTeKDSP/Oscillators/oscillator.h ****     void Reset(float _phase = 0.0f) { phase_ = _phase; }
 2205              		.loc 1 119 10 discriminator 1 view .LVU681
 2206              	.LBB417:
 2207              		.loc 1 119 39 discriminator 1 view .LVU682
 2208              		.loc 1 119 46 is_stmt 0 discriminator 1 view .LVU683
 2209 0116 C5ED139A 		vstr.32	s19, [r5, #76]
 2210              	.LVL137:
 2211              	.L73:
 2212              		.loc 1 119 46 discriminator 1 view .LVU684
 2213              	.LBE417:
 2214              	.LBE416:
 191:PSP/AudioEngine.cpp ****     }
 192:PSP/AudioEngine.cpp ****     if (_currentPreset.lfo1.direction == Direction_e::SHAPE) {
 2215              		.loc 2 192 5 is_stmt 1 view .LVU685
 2216              		.loc 2 192 29 is_stmt 0 view .LVU686
 2217 011a 94F8FC3C 		ldrb	r3, [r4, #3324]	@ zero_extendqisi2
 2218 011e B7EE008A 		vmov.f32	s16, #1.0e+0
 2219              		.loc 2 192 5 view .LVU687
 2220 0122 032B     		cmp	r3, #3
 2221 0124 05D1     		bne	.L74
 193:PSP/AudioEngine.cpp ****         _osc1.SetShape(lfo1_out);
 2222              		.loc 2 193 9 is_stmt 1 view .LVU688
 2223              	.LVL138:
 2224              	.LBB418:
 2225              	.LBI418:
  91:PSP/../../libs/PoliTeKDSP/Oscillators/oscillator.h **** 
 2226              		.loc 1 91 17 view .LVU689
 2227              	.LBB419:
  91:PSP/../../libs/PoliTeKDSP/Oscillators/oscillator.h **** 
 2228              		.loc 1 91 47 view .LVU690
 2229              	.LBB420:
 2230              	.LBI420:
  64:../libs/PoliTeKDSP/libs/DaisySP/Source/Utility/dsp.h **** {
 2231              		.loc 3 64 14 view .LVU691
 2232              	.LBE420:
 2233              	.LBE419:
 2234              	.LBE418:
 2235              		.loc 3 66 5 view .LVU692
 2236              	.LBB427:
 2237              	.LBB426:
 2238              	.LBB425:
 2239              	.LBB421:
 2240              	.LBI421:
  40:../libs/PoliTeKDSP/libs/DaisySP/Source/Utility/dsp.h **** {
 2241              		.loc 3 40 14 view .LVU693
 2242              	.LBB422:
  42:../libs/PoliTeKDSP/libs/DaisySP/Source/Utility/dsp.h **** #ifdef __arm__
 2243              		.loc 3 42 5 view .LVU694
  44:../libs/PoliTeKDSP/libs/DaisySP/Source/Utility/dsp.h **** #else
 2244              		.loc 3 44 5 view .LVU695
ARM GAS  C:\Users\skipi\AppData\Local\Temp\cccqm0Sx.s 			page 63


 2245              		.syntax unified
 2246              	@ 44 "../libs/PoliTeKDSP/libs/DaisySP/Source/Utility/dsp.h" 1
 2247 0126 CAFEA97A 		vmaxnm.f32 s15, s21, s19
 2248              	@ 0 "" 2
 2249              	.LVL139:
  48:../libs/PoliTeKDSP/libs/DaisySP/Source/Utility/dsp.h **** }
 2250              		.loc 3 48 5 view .LVU696
  48:../libs/PoliTeKDSP/libs/DaisySP/Source/Utility/dsp.h **** }
 2251              		.loc 3 48 5 is_stmt 0 view .LVU697
 2252              		.thumb
 2253              		.syntax unified
 2254              	.LBE422:
 2255              	.LBE421:
 2256              	.LBB423:
 2257              	.LBI423:
  51:../libs/PoliTeKDSP/libs/DaisySP/Source/Utility/dsp.h **** {
 2258              		.loc 3 51 14 is_stmt 1 view .LVU698
 2259              	.LBB424:
  53:../libs/PoliTeKDSP/libs/DaisySP/Source/Utility/dsp.h **** #ifdef __arm__
 2260              		.loc 3 53 5 view .LVU699
  55:../libs/PoliTeKDSP/libs/DaisySP/Source/Utility/dsp.h **** #else
 2261              		.loc 3 55 5 view .LVU700
 2262              		.syntax unified
 2263              	@ 55 "../libs/PoliTeKDSP/libs/DaisySP/Source/Utility/dsp.h" 1
 2264 012a C7FEC87A 		vminnm.f32 s15, s15, s16
 2265              	@ 0 "" 2
 2266              	.LVL140:
  59:../libs/PoliTeKDSP/libs/DaisySP/Source/Utility/dsp.h **** }
 2267              		.loc 3 59 5 view .LVU701
  59:../libs/PoliTeKDSP/libs/DaisySP/Source/Utility/dsp.h **** }
 2268              		.loc 3 59 5 is_stmt 0 view .LVU702
 2269              		.thumb
 2270              		.syntax unified
 2271              	.LBE424:
 2272              	.LBE423:
 2273              	.LBE425:
  91:PSP/../../libs/PoliTeKDSP/Oscillators/oscillator.h **** 
 2274              		.loc 1 91 54 view .LVU703
 2275 012e C5ED037A 		vstr.32	s15, [r5, #12]
 2276              	.LVL141:
 2277              	.L74:
  91:PSP/../../libs/PoliTeKDSP/Oscillators/oscillator.h **** 
 2278              		.loc 1 91 54 view .LVU704
 2279              	.LBE426:
 2280              	.LBE427:
 194:PSP/AudioEngine.cpp ****     }
 195:PSP/AudioEngine.cpp ****     if (_currentPreset.lfo2.direction == Direction_e::SHAPE) {
 2281              		.loc 2 195 5 is_stmt 1 view .LVU705
 2282 0132 94F80C2D 		ldrb	r2, [r4, #3340]	@ zero_extendqisi2
 2283 0136 05F13008 		add	r8, r5, #48
 2284 013a 032A     		cmp	r2, #3
 2285 013c 40F0F380 		bne	.L75
 196:PSP/AudioEngine.cpp ****         _osc2.SetShape(lfo2_out);
 2286              		.loc 2 196 9 view .LVU706
 2287              	.LVL142:
 2288              	.LBB428:
 2289              	.LBI428:
ARM GAS  C:\Users\skipi\AppData\Local\Temp\cccqm0Sx.s 			page 64


  91:PSP/../../libs/PoliTeKDSP/Oscillators/oscillator.h **** 
 2290              		.loc 1 91 17 view .LVU707
 2291              	.LBB429:
  91:PSP/../../libs/PoliTeKDSP/Oscillators/oscillator.h **** 
 2292              		.loc 1 91 47 view .LVU708
 2293              	.LBB430:
 2294              	.LBI430:
  64:../libs/PoliTeKDSP/libs/DaisySP/Source/Utility/dsp.h **** {
 2295              		.loc 3 64 14 view .LVU709
 2296              	.LBE430:
 2297              	.LBE429:
 2298              	.LBE428:
 2299              		.loc 3 66 5 view .LVU710
 2300              	.LBB441:
 2301              	.LBB439:
 2302              	.LBB437:
 2303              	.LBB431:
 2304              	.LBI431:
  40:../libs/PoliTeKDSP/libs/DaisySP/Source/Utility/dsp.h **** {
 2305              		.loc 3 40 14 view .LVU711
 2306              	.LBB432:
  42:../libs/PoliTeKDSP/libs/DaisySP/Source/Utility/dsp.h **** #ifdef __arm__
 2307              		.loc 3 42 5 view .LVU712
  44:../libs/PoliTeKDSP/libs/DaisySP/Source/Utility/dsp.h **** #else
 2308              		.loc 3 44 5 view .LVU713
 2309              	.LBE432:
 2310              	.LBE431:
 2311              	.LBE437:
 2312              	.LBE439:
 2313              	.LBE441:
 197:PSP/AudioEngine.cpp ****     }
 198:PSP/AudioEngine.cpp ****     if (_currentPreset.lfo1.direction == Direction_e::DETUNE) {
 2314              		.loc 2 198 5 is_stmt 0 view .LVU714
 2315 0140 042B     		cmp	r3, #4
 2316              	.LBB442:
 2317              	.LBB440:
 2318              	.LBB438:
 2319              	.LBB434:
 2320              	.LBB433:
  44:../libs/PoliTeKDSP/libs/DaisySP/Source/Utility/dsp.h **** #else
 2321              		.loc 3 44 5 view .LVU715
 2322              		.syntax unified
 2323              	@ 44 "../libs/PoliTeKDSP/libs/DaisySP/Source/Utility/dsp.h" 1
 2324 0142 CAFE297A 		vmaxnm.f32 s15, s20, s19
 2325              	@ 0 "" 2
 2326              	.LVL143:
  48:../libs/PoliTeKDSP/libs/DaisySP/Source/Utility/dsp.h **** }
 2327              		.loc 3 48 5 is_stmt 1 view .LVU716
  48:../libs/PoliTeKDSP/libs/DaisySP/Source/Utility/dsp.h **** }
 2328              		.loc 3 48 5 is_stmt 0 view .LVU717
 2329              		.thumb
 2330              		.syntax unified
 2331              	.LBE433:
 2332              	.LBE434:
 2333              	.LBB435:
 2334              	.LBI435:
  51:../libs/PoliTeKDSP/libs/DaisySP/Source/Utility/dsp.h **** {
ARM GAS  C:\Users\skipi\AppData\Local\Temp\cccqm0Sx.s 			page 65


 2335              		.loc 3 51 14 is_stmt 1 view .LVU718
 2336              	.LBB436:
  53:../libs/PoliTeKDSP/libs/DaisySP/Source/Utility/dsp.h **** #ifdef __arm__
 2337              		.loc 3 53 5 view .LVU719
  55:../libs/PoliTeKDSP/libs/DaisySP/Source/Utility/dsp.h **** #else
 2338              		.loc 3 55 5 view .LVU720
 2339              		.syntax unified
 2340              	@ 55 "../libs/PoliTeKDSP/libs/DaisySP/Source/Utility/dsp.h" 1
 2341 0146 C7FEC87A 		vminnm.f32 s15, s15, s16
 2342              	@ 0 "" 2
 2343              	.LVL144:
  59:../libs/PoliTeKDSP/libs/DaisySP/Source/Utility/dsp.h **** }
 2344              		.loc 3 59 5 view .LVU721
  59:../libs/PoliTeKDSP/libs/DaisySP/Source/Utility/dsp.h **** }
 2345              		.loc 3 59 5 is_stmt 0 view .LVU722
 2346              		.thumb
 2347              		.syntax unified
 2348              	.LBE436:
 2349              	.LBE435:
 2350              	.LBE438:
  91:PSP/../../libs/PoliTeKDSP/Oscillators/oscillator.h **** 
 2351              		.loc 1 91 54 view .LVU723
 2352 014a C5ED0F7A 		vstr.32	s15, [r5, #60]
 2353              	.LVL145:
  91:PSP/../../libs/PoliTeKDSP/Oscillators/oscillator.h **** 
 2354              		.loc 1 91 54 view .LVU724
 2355              	.LBE440:
 2356              	.LBE442:
 2357              		.loc 2 198 5 is_stmt 1 view .LVU725
 2358 014e 19D1     		bne	.L77
 2359              	.L76:
 199:PSP/AudioEngine.cpp ****         _osc1.SetDetune(lfo1_out* 50.0f); 
 2360              		.loc 2 199 9 view .LVU726
 2361              	.LVL146:
 2362              	.LBB443:
 2363              	.LBI443:
  63:PSP/../../libs/PoliTeKDSP/Oscillators/oscillator.h ****    {
 2364              		.loc 1 63 9 view .LVU727
 2365              	.LBB444:
  65:PSP/../../libs/PoliTeKDSP/Oscillators/oscillator.h ****        SetFreq(freq_); 
 2366              		.loc 1 65 8 view .LVU728
 2367              	.LBE444:
 2368              	.LBE443:
 2369              		.loc 2 199 24 is_stmt 0 view .LVU729
 2370 0150 DFED7A7A 		vldr.32	s15, .L105+8
 2371              	.LBB447:
 2372              	.LBB445:
  66:PSP/../../libs/PoliTeKDSP/Oscillators/oscillator.h ****    }
 2373              		.loc 1 66 15 view .LVU730
 2374 0154 2846     		mov	r0, r5
 2375 0156 95ED020A 		vldr.32	s0, [r5, #8]
 2376              	.LBE445:
 2377              	.LBE447:
 2378              		.loc 2 199 24 view .LVU731
 2379 015a 6AEEA77A 		vmul.f32	s15, s21, s15
 2380              	.LVL147:
 2381              	.LBB448:
ARM GAS  C:\Users\skipi\AppData\Local\Temp\cccqm0Sx.s 			page 66


 2382              	.LBB446:
  65:PSP/../../libs/PoliTeKDSP/Oscillators/oscillator.h ****        SetFreq(freq_); 
 2383              		.loc 1 65 22 view .LVU732
 2384 015e C5ED047A 		vstr.32	s15, [r5, #16]
  66:PSP/../../libs/PoliTeKDSP/Oscillators/oscillator.h ****    }
 2385              		.loc 1 66 8 is_stmt 1 view .LVU733
  66:PSP/../../libs/PoliTeKDSP/Oscillators/oscillator.h ****    }
 2386              		.loc 1 66 15 is_stmt 0 view .LVU734
 2387 0162 FFF7FEFF 		bl	_ZN10politekdsp10Oscillator7SetFreqEf
 2388              	.LVL148:
 2389              	.L78:
  66:PSP/../../libs/PoliTeKDSP/Oscillators/oscillator.h ****    }
 2390              		.loc 1 66 15 view .LVU735
 2391              	.LBE446:
 2392              	.LBE448:
 200:PSP/AudioEngine.cpp ****     }
 201:PSP/AudioEngine.cpp ****     if (_currentPreset.lfo2.direction == Direction_e::DETUNE) {
 2393              		.loc 2 201 5 is_stmt 1 view .LVU736
 2394 0166 94F80C3D 		ldrb	r3, [r4, #3340]	@ zero_extendqisi2
 2395 016a 042B     		cmp	r3, #4
 2396 016c 0AD1     		bne	.L77
 202:PSP/AudioEngine.cpp ****         _osc2.SetDetune(lfo2_out* 50.0f); 
 2397              		.loc 2 202 9 view .LVU737
 2398              	.LVL149:
 2399              	.LBB449:
 2400              	.LBI449:
  63:PSP/../../libs/PoliTeKDSP/Oscillators/oscillator.h ****    {
 2401              		.loc 1 63 9 view .LVU738
 2402              	.LBB450:
  65:PSP/../../libs/PoliTeKDSP/Oscillators/oscillator.h ****        SetFreq(freq_); 
 2403              		.loc 1 65 8 view .LVU739
 2404              	.LBE450:
 2405              	.LBE449:
 2406              		.loc 2 202 24 is_stmt 0 view .LVU740
 2407 016e DFED737A 		vldr.32	s15, .L105+8
 2408              	.LBB453:
 2409              	.LBB451:
  66:PSP/../../libs/PoliTeKDSP/Oscillators/oscillator.h ****    }
 2410              		.loc 1 66 15 view .LVU741
 2411 0172 4046     		mov	r0, r8
 2412 0174 95ED0E0A 		vldr.32	s0, [r5, #56]
 2413              	.LBE451:
 2414              	.LBE453:
 2415              		.loc 2 202 24 view .LVU742
 2416 0178 6AEE277A 		vmul.f32	s15, s20, s15
 2417              	.LVL150:
 2418              	.LBB454:
 2419              	.LBB452:
  65:PSP/../../libs/PoliTeKDSP/Oscillators/oscillator.h ****        SetFreq(freq_); 
 2420              		.loc 1 65 22 view .LVU743
 2421 017c C5ED107A 		vstr.32	s15, [r5, #64]
  66:PSP/../../libs/PoliTeKDSP/Oscillators/oscillator.h ****    }
 2422              		.loc 1 66 8 is_stmt 1 view .LVU744
  66:PSP/../../libs/PoliTeKDSP/Oscillators/oscillator.h ****    }
 2423              		.loc 1 66 15 is_stmt 0 view .LVU745
 2424 0180 FFF7FEFF 		bl	_ZN10politekdsp10Oscillator7SetFreqEf
 2425              	.LVL151:
ARM GAS  C:\Users\skipi\AppData\Local\Temp\cccqm0Sx.s 			page 67


 2426              	.L77:
  66:PSP/../../libs/PoliTeKDSP/Oscillators/oscillator.h ****    }
 2427              		.loc 1 66 15 view .LVU746
 2428              	.LBE452:
 2429              	.LBE454:
 203:PSP/AudioEngine.cpp ****     }
 204:PSP/AudioEngine.cpp ****     
 205:PSP/AudioEngine.cpp ****     float s_osc1 = _osc1.Process() * _smoothedPreset.osc1.amp;
 2430              		.loc 2 205 5 is_stmt 1 view .LVU747
 2431              		.loc 2 205 33 is_stmt 0 view .LVU748
 2432 0184 2846     		mov	r0, r5
 2433 0186 FFF7FEFF 		bl	_ZN10politekdsp10Oscillator7ProcessEv
 2434              	.LVL152:
 2435              		.loc 2 205 59 view .LVU749
 2436 018a 04F55763 		add	r3, r4, #3440
 206:PSP/AudioEngine.cpp ****     float s_osc2 = _osc2.Process() * _smoothedPreset.osc2.amp;
 2437              		.loc 2 206 33 view .LVU750
 2438 018e 4046     		mov	r0, r8
 205:PSP/AudioEngine.cpp ****     float s_osc2 = _osc2.Process() * _smoothedPreset.osc2.amp;
 2439              		.loc 2 205 59 view .LVU751
 2440 0190 D3ED007A 		vldr.32	s15, [r3]
 2441 0194 60EE27BA 		vmul.f32	s23, s0, s15
 2442              	.LVL153:
 2443              		.loc 2 206 5 is_stmt 1 view .LVU752
 2444              		.loc 2 206 33 is_stmt 0 view .LVU753
 2445 0198 FFF7FEFF 		bl	_ZN10politekdsp10Oscillator7ProcessEv
 2446              	.LVL154:
 2447              		.loc 2 206 59 view .LVU754
 2448 019c 04F55863 		add	r3, r4, #3456
 2449 01a0 93ED00CA 		vldr.32	s24, [r3]
 207:PSP/AudioEngine.cpp **** 
 208:PSP/AudioEngine.cpp ****     if (_currentPreset.lfo1.direction == Direction_e::NOISE){
 2450              		.loc 2 208 5 view .LVU755
 2451 01a4 94F8FC3C 		ldrb	r3, [r4, #3324]	@ zero_extendqisi2
 206:PSP/AudioEngine.cpp **** 
 2452              		.loc 2 206 59 view .LVU756
 2453 01a8 20EE0CCA 		vmul.f32	s24, s0, s24
 2454              	.LVL155:
 2455              		.loc 2 208 5 is_stmt 1 view .LVU757
 2456 01ac 052B     		cmp	r3, #5
 2457 01ae 0FD1     		bne	.L80
 209:PSP/AudioEngine.cpp ****         _dust.SetDensity((lfo1_out+1)/2); 
 2458              		.loc 2 209 9 view .LVU758
 2459              	.LVL156:
 2460              	.LBB455:
 2461              	.LBI455:
  50:../libs/PoliTeKDSP/libs/DaisySP/Source/Noise/dust.h ****     {
 2462              		.loc 5 50 10 view .LVU759
 2463              	.LBB456:
  52:../libs/PoliTeKDSP/libs/DaisySP/Source/Noise/dust.h ****         density_ = density_ * .3f;
 2464              		.loc 5 52 9 view .LVU760
 2465              	.LBB457:
 2466              	.LBI457:
  64:../libs/PoliTeKDSP/libs/DaisySP/Source/Utility/dsp.h **** {
 2467              		.loc 3 64 14 view .LVU761
 2468              	.LBE457:
 2469              	.LBE456:
ARM GAS  C:\Users\skipi\AppData\Local\Temp\cccqm0Sx.s 			page 68


 2470              	.LBE455:
 2471              		.loc 3 66 5 view .LVU762
 2472              	.LBB468:
 2473              	.LBB466:
 2474              	.LBB464:
 2475              	.LBB458:
 2476              	.LBI458:
  40:../libs/PoliTeKDSP/libs/DaisySP/Source/Utility/dsp.h **** {
 2477              		.loc 3 40 14 view .LVU763
 2478              	.LBB459:
  42:../libs/PoliTeKDSP/libs/DaisySP/Source/Utility/dsp.h **** #ifdef __arm__
 2479              		.loc 3 42 5 view .LVU764
  44:../libs/PoliTeKDSP/libs/DaisySP/Source/Utility/dsp.h **** #else
 2480              		.loc 3 44 5 view .LVU765
 2481              	.LBE459:
 2482              	.LBE458:
 2483              	.LBE464:
 2484              	.LBE466:
 2485              	.LBE468:
 2486              		.loc 2 209 25 is_stmt 0 view .LVU766
 2487 01b0 B6EE007A 		vmov.f32	s14, #5.0e-1
 2488              		.loc 2 209 35 view .LVU767
 2489 01b4 7AEE887A 		vadd.f32	s15, s21, s16
 2490              		.loc 2 209 25 view .LVU768
 2491 01b8 67EE877A 		vmul.f32	s15, s15, s14
 2492              	.LBB469:
 2493              	.LBB467:
 2494              		.loc 5 53 29 view .LVU769
 2495 01bc 9FED607A 		vldr.32	s14, .L105+12
 2496              	.LBB465:
 2497              	.LBB461:
 2498              	.LBB460:
  44:../libs/PoliTeKDSP/libs/DaisySP/Source/Utility/dsp.h **** #else
 2499              		.loc 3 44 5 view .LVU770
 2500              		.syntax unified
 2501              	@ 44 "../libs/PoliTeKDSP/libs/DaisySP/Source/Utility/dsp.h" 1
 2502 01c0 C7FEA97A 		vmaxnm.f32 s15, s15, s19
 2503              	@ 0 "" 2
 2504              	.LVL157:
  48:../libs/PoliTeKDSP/libs/DaisySP/Source/Utility/dsp.h **** }
 2505              		.loc 3 48 5 is_stmt 1 view .LVU771
  48:../libs/PoliTeKDSP/libs/DaisySP/Source/Utility/dsp.h **** }
 2506              		.loc 3 48 5 is_stmt 0 view .LVU772
 2507              		.thumb
 2508              		.syntax unified
 2509              	.LBE460:
 2510              	.LBE461:
 2511              	.LBB462:
 2512              	.LBI462:
  51:../libs/PoliTeKDSP/libs/DaisySP/Source/Utility/dsp.h **** {
 2513              		.loc 3 51 14 is_stmt 1 view .LVU773
 2514              	.LBB463:
  53:../libs/PoliTeKDSP/libs/DaisySP/Source/Utility/dsp.h **** #ifdef __arm__
 2515              		.loc 3 53 5 view .LVU774
  55:../libs/PoliTeKDSP/libs/DaisySP/Source/Utility/dsp.h **** #else
 2516              		.loc 3 55 5 view .LVU775
 2517              		.syntax unified
ARM GAS  C:\Users\skipi\AppData\Local\Temp\cccqm0Sx.s 			page 69


 2518              	@ 55 "../libs/PoliTeKDSP/libs/DaisySP/Source/Utility/dsp.h" 1
 2519 01c4 C7FEC87A 		vminnm.f32 s15, s15, s16
 2520              	@ 0 "" 2
 2521              	.LVL158:
  59:../libs/PoliTeKDSP/libs/DaisySP/Source/Utility/dsp.h **** }
 2522              		.loc 3 59 5 view .LVU776
  59:../libs/PoliTeKDSP/libs/DaisySP/Source/Utility/dsp.h **** }
 2523              		.loc 3 59 5 is_stmt 0 view .LVU777
 2524              		.thumb
 2525              		.syntax unified
 2526              	.LBE463:
 2527              	.LBE462:
 2528              	.LBE465:
 2529              		.loc 5 53 9 is_stmt 1 view .LVU778
 2530              		.loc 5 53 29 is_stmt 0 view .LVU779
 2531 01c8 67EE877A 		vmul.f32	s15, s15, s14
 2532              		.loc 5 53 18 view .LVU780
 2533 01cc C5ED2E7A 		vstr.32	s15, [r5, #184]
 2534              	.LVL159:
 2535              	.L80:
 2536              		.loc 5 53 18 view .LVU781
 2537              	.LBE467:
 2538              	.LBE469:
 210:PSP/AudioEngine.cpp ****     }
 211:PSP/AudioEngine.cpp ****     if (_currentPreset.lfo2.direction == Direction_e::NOISE){
 2539              		.loc 2 211 5 is_stmt 1 view .LVU782
 2540 01d0 94F80C3D 		ldrb	r3, [r4, #3340]	@ zero_extendqisi2
 2541 01d4 052B     		cmp	r3, #5
 2542 01d6 0FD1     		bne	.L81
 212:PSP/AudioEngine.cpp ****         _dust.SetDensity((lfo2_out+1)/2); 
 2543              		.loc 2 212 9 view .LVU783
 2544              	.LVL160:
 2545              	.LBB470:
 2546              	.LBI470:
  50:../libs/PoliTeKDSP/libs/DaisySP/Source/Noise/dust.h ****     {
 2547              		.loc 5 50 10 view .LVU784
 2548              	.LBB471:
  52:../libs/PoliTeKDSP/libs/DaisySP/Source/Noise/dust.h ****         density_ = density_ * .3f;
 2549              		.loc 5 52 9 view .LVU785
 2550              	.LBB472:
 2551              	.LBI472:
  64:../libs/PoliTeKDSP/libs/DaisySP/Source/Utility/dsp.h **** {
 2552              		.loc 3 64 14 view .LVU786
 2553              	.LBE472:
 2554              	.LBE471:
 2555              	.LBE470:
 2556              		.loc 3 66 5 view .LVU787
 2557              	.LBB483:
 2558              	.LBB481:
 2559              	.LBB479:
 2560              	.LBB473:
 2561              	.LBI473:
  40:../libs/PoliTeKDSP/libs/DaisySP/Source/Utility/dsp.h **** {
 2562              		.loc 3 40 14 view .LVU788
 2563              	.LBB474:
  42:../libs/PoliTeKDSP/libs/DaisySP/Source/Utility/dsp.h **** #ifdef __arm__
 2564              		.loc 3 42 5 view .LVU789
ARM GAS  C:\Users\skipi\AppData\Local\Temp\cccqm0Sx.s 			page 70


  44:../libs/PoliTeKDSP/libs/DaisySP/Source/Utility/dsp.h **** #else
 2565              		.loc 3 44 5 view .LVU790
 2566              	.LBE474:
 2567              	.LBE473:
 2568              	.LBE479:
 2569              	.LBE481:
 2570              	.LBE483:
 2571              		.loc 2 212 25 is_stmt 0 view .LVU791
 2572 01d8 B6EE007A 		vmov.f32	s14, #5.0e-1
 2573              		.loc 2 212 35 view .LVU792
 2574 01dc 7AEE087A 		vadd.f32	s15, s20, s16
 2575              		.loc 2 212 25 view .LVU793
 2576 01e0 67EE877A 		vmul.f32	s15, s15, s14
 2577              	.LBB484:
 2578              	.LBB482:
 2579              		.loc 5 53 29 view .LVU794
 2580 01e4 9FED567A 		vldr.32	s14, .L105+12
 2581              	.LBB480:
 2582              	.LBB476:
 2583              	.LBB475:
  44:../libs/PoliTeKDSP/libs/DaisySP/Source/Utility/dsp.h **** #else
 2584              		.loc 3 44 5 view .LVU795
 2585              		.syntax unified
 2586              	@ 44 "../libs/PoliTeKDSP/libs/DaisySP/Source/Utility/dsp.h" 1
 2587 01e8 C7FEA97A 		vmaxnm.f32 s15, s15, s19
 2588              	@ 0 "" 2
 2589              	.LVL161:
  48:../libs/PoliTeKDSP/libs/DaisySP/Source/Utility/dsp.h **** }
 2590              		.loc 3 48 5 is_stmt 1 view .LVU796
  48:../libs/PoliTeKDSP/libs/DaisySP/Source/Utility/dsp.h **** }
 2591              		.loc 3 48 5 is_stmt 0 view .LVU797
 2592              		.thumb
 2593              		.syntax unified
 2594              	.LBE475:
 2595              	.LBE476:
 2596              	.LBB477:
 2597              	.LBI477:
  51:../libs/PoliTeKDSP/libs/DaisySP/Source/Utility/dsp.h **** {
 2598              		.loc 3 51 14 is_stmt 1 view .LVU798
 2599              	.LBB478:
  53:../libs/PoliTeKDSP/libs/DaisySP/Source/Utility/dsp.h **** #ifdef __arm__
 2600              		.loc 3 53 5 view .LVU799
  55:../libs/PoliTeKDSP/libs/DaisySP/Source/Utility/dsp.h **** #else
 2601              		.loc 3 55 5 view .LVU800
 2602              		.syntax unified
 2603              	@ 55 "../libs/PoliTeKDSP/libs/DaisySP/Source/Utility/dsp.h" 1
 2604 01ec C7FEC87A 		vminnm.f32 s15, s15, s16
 2605              	@ 0 "" 2
 2606              	.LVL162:
  59:../libs/PoliTeKDSP/libs/DaisySP/Source/Utility/dsp.h **** }
 2607              		.loc 3 59 5 view .LVU801
  59:../libs/PoliTeKDSP/libs/DaisySP/Source/Utility/dsp.h **** }
 2608              		.loc 3 59 5 is_stmt 0 view .LVU802
 2609              		.thumb
 2610              		.syntax unified
 2611              	.LBE478:
 2612              	.LBE477:
ARM GAS  C:\Users\skipi\AppData\Local\Temp\cccqm0Sx.s 			page 71


 2613              	.LBE480:
 2614              		.loc 5 53 9 is_stmt 1 view .LVU803
 2615              		.loc 5 53 29 is_stmt 0 view .LVU804
 2616 01f0 67EE877A 		vmul.f32	s15, s15, s14
 2617              		.loc 5 53 18 view .LVU805
 2618 01f4 C5ED2E7A 		vstr.32	s15, [r5, #184]
 2619              	.LVL163:
 2620              	.L81:
 2621              		.loc 5 53 18 view .LVU806
 2622              	.LBE482:
 2623              	.LBE484:
 213:PSP/AudioEngine.cpp ****     }
 214:PSP/AudioEngine.cpp **** 
 215:PSP/AudioEngine.cpp ****     float sNoise = _dust.Process() * _smoothedPreset.noise.amp;
 2624              		.loc 2 215 5 is_stmt 1 view .LVU807
 2625              	.LBB485:
 2626              	.LBI485:
  39:../libs/PoliTeKDSP/libs/DaisySP/Source/Noise/dust.h ****     {
 2627              		.loc 5 39 11 view .LVU808
 2628              	.LBB486:
  41:../libs/PoliTeKDSP/libs/DaisySP/Source/Noise/dust.h ****         float u           = rand() * kRandFrac;
 2629              		.loc 5 41 9 view .LVU809
  41:../libs/PoliTeKDSP/libs/DaisySP/Source/Noise/dust.h ****         float u           = rand() * kRandFrac;
 2630              		.loc 5 41 36 is_stmt 0 view .LVU810
 2631 01f8 D5ED2ECA 		vldr.32	s25, [r5, #184]
 2632              	.LVL164:
  42:../libs/PoliTeKDSP/libs/DaisySP/Source/Noise/dust.h ****         if(u < density_)
 2633              		.loc 5 42 9 is_stmt 1 view .LVU811
  42:../libs/PoliTeKDSP/libs/DaisySP/Source/Noise/dust.h ****         if(u < density_)
 2634              		.loc 5 42 33 is_stmt 0 view .LVU812
 2635 01fc FFF7FEFF 		bl	rand
 2636              	.LVL165:
  42:../libs/PoliTeKDSP/libs/DaisySP/Source/Noise/dust.h ****         if(u < density_)
 2637              		.loc 5 42 38 view .LVU813
 2638 0200 09EE100A 		vmov	s18, r0	@ int
  43:../libs/PoliTeKDSP/libs/DaisySP/Source/Noise/dust.h ****         {
 2639              		.loc 5 43 9 view .LVU814
 2640 0204 D5ED2E7A 		vldr.32	s15, [r5, #184]
 2641              	.LBE486:
 2642              	.LBE485:
 2643              		.loc 2 215 60 view .LVU815
 2644 0208 04F6AC53 		addw	r3, r4, #3500
 2645              	.LBB488:
 2646              	.LBB487:
  42:../libs/PoliTeKDSP/libs/DaisySP/Source/Noise/dust.h ****         if(u < density_)
 2647              		.loc 5 42 38 view .LVU816
 2648 020c BAEEE09A 		vcvt.f32.s32	s18, s18, #31
 2649              	.LVL166:
  43:../libs/PoliTeKDSP/libs/DaisySP/Source/Noise/dust.h ****         {
 2650              		.loc 5 43 9 is_stmt 1 view .LVU817
 2651 0210 B4EEE79A 		vcmpe.f32	s18, s15
 2652 0214 F1EE10FA 		vmrs	APSR_nzcv, FPSCR
  45:../libs/PoliTeKDSP/libs/DaisySP/Source/Noise/dust.h ****         }
 2653              		.loc 5 45 13 view .LVU818
  41:../libs/PoliTeKDSP/libs/DaisySP/Source/Noise/dust.h ****         float u           = rand() * kRandFrac;
 2654              		.loc 5 41 15 is_stmt 0 view .LVU819
 2655 0218 4ABF     		itet	mi
ARM GAS  C:\Users\skipi\AppData\Local\Temp\cccqm0Sx.s 			page 72


 2656 021a C8EE2C7A 		vdivmi.f32	s15, s16, s25
  47:../libs/PoliTeKDSP/libs/DaisySP/Source/Noise/dust.h ****     }
 2657              		.loc 5 47 16 view .LVU820
 2658 021e 9FED469A 		vldrpl.32	s18, .L105+4
 2659              	.LVL167:
  45:../libs/PoliTeKDSP/libs/DaisySP/Source/Noise/dust.h ****         }
 2660              		.loc 5 45 24 view .LVU821
 2661 0222 27EE899A 		vmulmi.f32	s18, s15, s18
 2662              	.LBE487:
 2663              	.LBE488:
 2664              		.loc 2 215 60 view .LVU822
 2665 0226 D3ED007A 		vldr.32	s15, [r3]
 216:PSP/AudioEngine.cpp ****     // Gestione della modulazione ad anello
 217:PSP/AudioEngine.cpp ****     float sMix = s_osc1 + s_osc2 + sNoise;
 218:PSP/AudioEngine.cpp ****     if (_currentPreset.ring) {
 2666              		.loc 2 218 5 view .LVU823
 2667 022a 94F8553D 		ldrb	r3, [r4, #3413]	@ zero_extendqisi2
 215:PSP/AudioEngine.cpp ****     // Gestione della modulazione ad anello
 2668              		.loc 2 215 60 view .LVU824
 2669 022e 29EE279A 		vmul.f32	s18, s18, s15
 2670              	.LVL168:
 217:PSP/AudioEngine.cpp ****     if (_currentPreset.ring) {
 2671              		.loc 2 217 5 is_stmt 1 view .LVU825
 2672              		.loc 2 218 5 view .LVU826
 2673 0232 002B     		cmp	r3, #0
 2674 0234 7BD1     		bne	.L84
 217:PSP/AudioEngine.cpp ****     if (_currentPreset.ring) {
 2675              		.loc 2 217 25 is_stmt 0 view .LVU827
 2676 0236 7BEE8CBA 		vadd.f32	s23, s23, s24
 2677              	.LVL169:
 217:PSP/AudioEngine.cpp ****     if (_currentPreset.ring) {
 2678              		.loc 2 217 11 view .LVU828
 2679 023a 3BEE899A 		vadd.f32	s18, s23, s18
 2680              	.LVL170:
 2681              	.L85:
 219:PSP/AudioEngine.cpp ****         sMix = s_osc1 * s_osc2 + sNoise; 
 220:PSP/AudioEngine.cpp ****     }         
 221:PSP/AudioEngine.cpp ****     
 222:PSP/AudioEngine.cpp ****     // 3. Calcolo del Cutoff modulato e applicazione al filtro
 223:PSP/AudioEngine.cpp ****     float target_cutoff = _currentPreset.filter.cutoff + (filt_env_out * _currentPreset.filt_env.am
 2682              		.loc 2 223 5 is_stmt 1 view .LVU829
 2683              		.loc 2 223 98 is_stmt 0 view .LVU830
 2684 023e 04F63C53 		addw	r3, r4, #3388
 2685              		.loc 2 223 11 view .LVU831
 2686 0242 9FED407A 		vldr.32	s14, .L105+16
 224:PSP/AudioEngine.cpp ****     if (_currentPreset.lfo1.direction == Direction_e::VCF) {
 225:PSP/AudioEngine.cpp ****         target_cutoff += lfo1_out * 10000.0f;
 226:PSP/AudioEngine.cpp ****     }
 227:PSP/AudioEngine.cpp ****     if (_currentPreset.lfo2.direction == Direction_e::VCF) {
 228:PSP/AudioEngine.cpp ****         target_cutoff += lfo2_out * 10000.0f;
 229:PSP/AudioEngine.cpp ****     }
 230:PSP/AudioEngine.cpp ****     target_cutoff = daisysp::fclamp(target_cutoff, 20.0f, 20000.0f);
 231:PSP/AudioEngine.cpp ****     
 232:PSP/AudioEngine.cpp ****     _filt.SetFreq(target_cutoff);
 2687              		.loc 2 232 18 view .LVU832
 2688 0246 05F58E70 		add	r0, r5, #284
 2689              	.LVL171:
ARM GAS  C:\Users\skipi\AppData\Local\Temp\cccqm0Sx.s 			page 73


 223:PSP/AudioEngine.cpp ****     if (_currentPreset.lfo1.direction == Direction_e::VCF) {
 2690              		.loc 2 223 72 view .LVU833
 2691 024a 93ED000A 		vldr.32	s0, [r3]
 223:PSP/AudioEngine.cpp ****     if (_currentPreset.lfo1.direction == Direction_e::VCF) {
 2692              		.loc 2 223 49 view .LVU834
 2693 024e 04F55463 		add	r3, r4, #3392
 2694              		.loc 2 232 18 view .LVU835
 2695 0252 0390     		str	r0, [sp, #12]
 223:PSP/AudioEngine.cpp ****     if (_currentPreset.lfo1.direction == Direction_e::VCF) {
 2696              		.loc 2 223 72 view .LVU836
 2697 0254 2BEE00BA 		vmul.f32	s22, s22, s0
 2698              	.LVL172:
 223:PSP/AudioEngine.cpp ****     if (_currentPreset.lfo1.direction == Direction_e::VCF) {
 2699              		.loc 2 223 11 view .LVU837
 2700 0258 D3ED007A 		vldr.32	s15, [r3]
 224:PSP/AudioEngine.cpp ****     if (_currentPreset.lfo1.direction == Direction_e::VCF) {
 2701              		.loc 2 224 5 view .LVU838
 2702 025c 94F8FC3C 		ldrb	r3, [r4, #3324]	@ zero_extendqisi2
 2703              	.LBB489:
 2704              	.LBB490:
 2705              	.LBB491:
  44:../libs/PoliTeKDSP/libs/DaisySP/Source/Utility/dsp.h **** #else
 2706              		.loc 3 44 5 view .LVU839
 2707 0260 B3EE040A 		vmov.f32	s0, #2.0e+1
 2708              	.LBE491:
 2709              	.LBE490:
 2710              	.LBE489:
 223:PSP/AudioEngine.cpp ****     if (_currentPreset.lfo1.direction == Direction_e::VCF) {
 2711              		.loc 2 223 11 view .LVU840
 2712 0264 EBEE077A 		vfma.f32	s15, s22, s14
 2713              	.LVL173:
 224:PSP/AudioEngine.cpp ****     if (_currentPreset.lfo1.direction == Direction_e::VCF) {
 2714              		.loc 2 224 5 is_stmt 1 view .LVU841
 2715 0268 022B     		cmp	r3, #2
 225:PSP/AudioEngine.cpp ****     }
 2716              		.loc 2 225 9 view .LVU842
 227:PSP/AudioEngine.cpp ****         target_cutoff += lfo2_out * 10000.0f;
 2717              		.loc 2 227 5 is_stmt 0 view .LVU843
 2718 026a 94F80C3D 		ldrb	r3, [r4, #3340]	@ zero_extendqisi2
 225:PSP/AudioEngine.cpp ****     }
 2719              		.loc 2 225 23 view .LVU844
 2720 026e 08BF     		it	eq
 2721 0270 EAEE877A 		vfmaeq.f32	s15, s21, s14
 2722              	.LVL174:
 227:PSP/AudioEngine.cpp ****         target_cutoff += lfo2_out * 10000.0f;
 2723              		.loc 2 227 5 is_stmt 1 view .LVU845
 2724 0274 022B     		cmp	r3, #2
 228:PSP/AudioEngine.cpp ****     }
 2725              		.loc 2 228 9 view .LVU846
 228:PSP/AudioEngine.cpp ****     }
 2726              		.loc 2 228 23 is_stmt 0 view .LVU847
 2727 0276 08BF     		it	eq
 2728 0278 EAEE077A 		vfmaeq.f32	s15, s20, s14
 2729              	.LVL175:
 230:PSP/AudioEngine.cpp ****     
 2730              		.loc 2 230 5 is_stmt 1 view .LVU848
 2731              	.LBB496:
ARM GAS  C:\Users\skipi\AppData\Local\Temp\cccqm0Sx.s 			page 74


 2732              	.LBI489:
  64:../libs/PoliTeKDSP/libs/DaisySP/Source/Utility/dsp.h **** {
 2733              		.loc 3 64 14 view .LVU849
 2734              	.LBE496:
 2735              		.loc 3 66 5 view .LVU850
 2736              	.LBB497:
 2737              	.LBB493:
 2738              	.LBI490:
  40:../libs/PoliTeKDSP/libs/DaisySP/Source/Utility/dsp.h **** {
 2739              		.loc 3 40 14 view .LVU851
 2740              	.LBB492:
  42:../libs/PoliTeKDSP/libs/DaisySP/Source/Utility/dsp.h **** #ifdef __arm__
 2741              		.loc 3 42 5 view .LVU852
  44:../libs/PoliTeKDSP/libs/DaisySP/Source/Utility/dsp.h **** #else
 2742              		.loc 3 44 5 view .LVU853
 2743              		.syntax unified
 2744              	@ 44 "../libs/PoliTeKDSP/libs/DaisySP/Source/Utility/dsp.h" 1
 2745 027c C7FE807A 		vmaxnm.f32 s15, s15, s0
 2746              	@ 0 "" 2
 2747              	.LVL176:
  48:../libs/PoliTeKDSP/libs/DaisySP/Source/Utility/dsp.h **** }
 2748              		.loc 3 48 5 view .LVU854
  48:../libs/PoliTeKDSP/libs/DaisySP/Source/Utility/dsp.h **** }
 2749              		.loc 3 48 5 is_stmt 0 view .LVU855
 2750              		.thumb
 2751              		.syntax unified
 2752              	.LBE492:
 2753              	.LBE493:
 2754              	.LBB494:
 2755              	.LBI494:
  51:../libs/PoliTeKDSP/libs/DaisySP/Source/Utility/dsp.h **** {
 2756              		.loc 3 51 14 is_stmt 1 view .LVU856
 2757              	.LBB495:
  53:../libs/PoliTeKDSP/libs/DaisySP/Source/Utility/dsp.h **** #ifdef __arm__
 2758              		.loc 3 53 5 view .LVU857
  55:../libs/PoliTeKDSP/libs/DaisySP/Source/Utility/dsp.h **** #else
 2759              		.loc 3 55 5 view .LVU858
 2760 0280 9FED310A 		vldr.32	s0, .L105+20
 2761              		.syntax unified
 2762              	@ 55 "../libs/PoliTeKDSP/libs/DaisySP/Source/Utility/dsp.h" 1
 2763 0284 87FEC00A 		vminnm.f32 s0, s15, s0
 2764              	@ 0 "" 2
 2765              	.LVL177:
  59:../libs/PoliTeKDSP/libs/DaisySP/Source/Utility/dsp.h **** }
 2766              		.loc 3 59 5 view .LVU859
  59:../libs/PoliTeKDSP/libs/DaisySP/Source/Utility/dsp.h **** }
 2767              		.loc 3 59 5 is_stmt 0 view .LVU860
 2768              		.thumb
 2769              		.syntax unified
 2770              	.LBE495:
 2771              	.LBE494:
 2772              	.LBE497:
 2773              		.loc 2 232 5 is_stmt 1 view .LVU861
 2774              		.loc 2 232 18 is_stmt 0 view .LVU862
 2775 0288 FFF7FEFF 		bl	_ZN7daisysp12LadderFilter7SetFreqEf
 2776              	.LVL178:
 233:PSP/AudioEngine.cpp **** 
ARM GAS  C:\Users\skipi\AppData\Local\Temp\cccqm0Sx.s 			page 75


 234:PSP/AudioEngine.cpp ****     float sFilt = _filt.Process(sMix);
 2777              		.loc 2 234 5 is_stmt 1 view .LVU863
 2778              		.loc 2 234 32 is_stmt 0 view .LVU864
 2779 028c 0398     		ldr	r0, [sp, #12]
 2780 028e B0EE490A 		vmov.f32	s0, s18
 2781 0292 FFF7FEFF 		bl	_ZN7daisysp12LadderFilter7ProcessEf
 2782              	.LVL179:
 235:PSP/AudioEngine.cpp **** 
 236:PSP/AudioEngine.cpp ****     // 5. Applicazione VCA (Inviluppo di ampiezza, segnale mono)
 237:PSP/AudioEngine.cpp ****     float sDry = sFilt * amp_env_out * _currentPreset.amp_env.amp;
 2783              		.loc 2 237 5 is_stmt 1 view .LVU865
 2784              		.loc 2 237 63 is_stmt 0 view .LVU866
 2785 0296 04F62853 		addw	r3, r4, #3368
 2786              		.loc 2 237 24 view .LVU867
 2787 029a 28EE800A 		vmul.f32	s0, s17, s0
 2788              	.LVL180:
 238:PSP/AudioEngine.cpp ****     if (_currentPreset.lfo1.direction == Direction_e::VCA) {
 239:PSP/AudioEngine.cpp ****         sDry *= lfo1_out;
 240:PSP/AudioEngine.cpp ****     }
 241:PSP/AudioEngine.cpp ****     if (_currentPreset.lfo2.direction == Direction_e::VCA) {
 242:PSP/AudioEngine.cpp ****         sDry *= lfo2_out;
 243:PSP/AudioEngine.cpp ****     }
 244:PSP/AudioEngine.cpp **** 
 245:PSP/AudioEngine.cpp ****     // 6. Riverbero Stereo
 246:PSP/AudioEngine.cpp ****     float revL = 0.0f;
 247:PSP/AudioEngine.cpp ****     float revR = 0.0f;
 248:PSP/AudioEngine.cpp ****     
 249:PSP/AudioEngine.cpp ****     // Invia il segnale mono a entrambi gli ingressi del riverbero
 250:PSP/AudioEngine.cpp ****     _reverb.Process(sDry, sDry, &revL, &revR);
 2789              		.loc 2 250 20 view .LVU868
 2790 029e 05AA     		add	r2, sp, #20
 237:PSP/AudioEngine.cpp ****     if (_currentPreset.lfo1.direction == Direction_e::VCA) {
 2791              		.loc 2 237 38 view .LVU869
 2792 02a0 D3ED008A 		vldr.32	s17, [r3]
 2793              	.LVL181:
 251:PSP/AudioEngine.cpp ****     
 252:PSP/AudioEngine.cpp ****     float revDryWet = _currentPreset.reverb.dryWet;
 2794              		.loc 2 252 11 view .LVU870
 2795 02a4 04F64854 		addw	r4, r4, #3400
 238:PSP/AudioEngine.cpp ****         sDry *= lfo1_out;
 2796              		.loc 2 238 5 view .LVU871
 2797 02a8 14F84C3C 		ldrb	r3, [r4, #-76]	@ zero_extendqisi2
 250:PSP/AudioEngine.cpp ****     
 2798              		.loc 2 250 20 view .LVU872
 2799 02ac 1146     		mov	r1, r2
 237:PSP/AudioEngine.cpp ****     if (_currentPreset.lfo1.direction == Direction_e::VCA) {
 2800              		.loc 2 237 38 view .LVU873
 2801 02ae 20EE280A 		vmul.f32	s0, s0, s17
 250:PSP/AudioEngine.cpp ****     
 2802              		.loc 2 250 20 view .LVU874
 2803 02b2 05F5BC70 		add	r0, r5, #376
 238:PSP/AudioEngine.cpp ****         sDry *= lfo1_out;
 2804              		.loc 2 238 5 view .LVU875
 2805 02b6 012B     		cmp	r3, #1
 241:PSP/AudioEngine.cpp ****         sDry *= lfo2_out;
 2806              		.loc 2 241 5 view .LVU876
 2807 02b8 14F83C3C 		ldrb	r3, [r4, #-60]	@ zero_extendqisi2
ARM GAS  C:\Users\skipi\AppData\Local\Temp\cccqm0Sx.s 			page 76


 246:PSP/AudioEngine.cpp ****     float revR = 0.0f;
 2808              		.loc 2 246 11 view .LVU877
 2809 02bc CDED069A 		vstr.32	s19, [sp, #24]
 237:PSP/AudioEngine.cpp ****     if (_currentPreset.lfo1.direction == Direction_e::VCA) {
 2810              		.loc 2 237 11 view .LVU878
 2811 02c0 8DED050A 		vstr.32	s0, [sp, #20]
 238:PSP/AudioEngine.cpp ****         sDry *= lfo1_out;
 2812              		.loc 2 238 5 is_stmt 1 view .LVU879
 239:PSP/AudioEngine.cpp ****     }
 2813              		.loc 2 239 9 view .LVU880
 239:PSP/AudioEngine.cpp ****     }
 2814              		.loc 2 239 14 is_stmt 0 view .LVU881
 2815 02c4 08BF     		it	eq
 2816 02c6 20EE2A0A 		vmuleq.f32	s0, s0, s21
 247:PSP/AudioEngine.cpp ****     
 2817              		.loc 2 247 11 view .LVU882
 2818 02ca CDED079A 		vstr.32	s19, [sp, #28]
 239:PSP/AudioEngine.cpp ****     }
 2819              		.loc 2 239 14 view .LVU883
 2820 02ce 08BF     		it	eq
 2821 02d0 8DED050A 		vstreq.32	s0, [sp, #20]
 241:PSP/AudioEngine.cpp ****         sDry *= lfo2_out;
 2822              		.loc 2 241 5 is_stmt 1 view .LVU884
 2823 02d4 012B     		cmp	r3, #1
 242:PSP/AudioEngine.cpp ****     }
 2824              		.loc 2 242 9 view .LVU885
 250:PSP/AudioEngine.cpp ****     
 2825              		.loc 2 250 20 is_stmt 0 view .LVU886
 2826 02d6 07AB     		add	r3, sp, #28
 242:PSP/AudioEngine.cpp ****     }
 2827              		.loc 2 242 14 view .LVU887
 2828 02d8 08BF     		it	eq
 2829 02da 9DED050A 		vldreq.32	s0, [sp, #20]
 250:PSP/AudioEngine.cpp ****     
 2830              		.loc 2 250 20 view .LVU888
 2831 02de 0093     		str	r3, [sp]
 2832 02e0 06AB     		add	r3, sp, #24
 242:PSP/AudioEngine.cpp ****     }
 2833              		.loc 2 242 14 view .LVU889
 2834 02e2 04BF     		itt	eq
 2835 02e4 20EE0AAA 		vmuleq.f32	s20, s0, s20
 2836              	.LVL182:
 242:PSP/AudioEngine.cpp ****     }
 2837              		.loc 2 242 14 view .LVU890
 2838 02e8 8DED05AA 		vstreq.32	s20, [sp, #20]
 246:PSP/AudioEngine.cpp ****     float revR = 0.0f;
 2839              		.loc 2 246 5 is_stmt 1 view .LVU891
 247:PSP/AudioEngine.cpp ****     
 2840              		.loc 2 247 5 view .LVU892
 250:PSP/AudioEngine.cpp ****     
 2841              		.loc 2 250 5 view .LVU893
 250:PSP/AudioEngine.cpp ****     
 2842              		.loc 2 250 20 is_stmt 0 view .LVU894
 2843 02ec FFF7FEFF 		bl	_ZN7daisysp8ReverbSc7ProcessERKfS2_PfS3_
 2844              	.LVL183:
 2845              		.loc 2 252 5 is_stmt 1 view .LVU895
 2846              		.loc 2 252 11 is_stmt 0 view .LVU896
ARM GAS  C:\Users\skipi\AppData\Local\Temp\cccqm0Sx.s 			page 77


 2847 02f0 D4ED007A 		vldr.32	s15, [r4]
 2848              	.LVL184:
 253:PSP/AudioEngine.cpp ****     
 254:PSP/AudioEngine.cpp ****     // 7. Calcolo del mix stereo
 255:PSP/AudioEngine.cpp ****     // Scrive direttamente le variabili passate per riferimento
 256:PSP/AudioEngine.cpp ****     out_l = (sDry * (1.0f - revDryWet)) + (revL * revDryWet);
 2849              		.loc 2 256 5 is_stmt 1 view .LVU897
 2850              		.loc 2 256 49 is_stmt 0 view .LVU898
 2851 02f4 9DED067A 		vldr.32	s14, [sp, #24]
 2852              		.loc 2 256 27 view .LVU899
 2853 02f8 38EE678A 		vsub.f32	s16, s16, s15
 2854              		.loc 2 256 19 view .LVU900
 2855 02fc DDED056A 		vldr.32	s13, [sp, #20]
 2856              		.loc 2 256 49 view .LVU901
 2857 0300 27EE877A 		vmul.f32	s14, s15, s14
 2858              		.loc 2 256 41 view .LVU902
 2859 0304 A8EE267A 		vfma.f32	s14, s16, s13
 2860              		.loc 2 256 11 view .LVU903
 2861 0308 87ED007A 		vstr.32	s14, [r7]
 257:PSP/AudioEngine.cpp ****     out_r = (sDry * (1.0f - revDryWet)) + (revR * revDryWet);
 2862              		.loc 2 257 5 is_stmt 1 view .LVU904
 2863              		.loc 2 257 49 is_stmt 0 view .LVU905
 2864 030c 9DED077A 		vldr.32	s14, [sp, #28]
 2865 0310 67EE877A 		vmul.f32	s15, s15, s14
 2866              	.LVL185:
 2867              		.loc 2 257 41 view .LVU906
 2868 0314 E8EE267A 		vfma.f32	s15, s16, s13
 2869              		.loc 2 257 11 view .LVU907
 2870 0318 C6ED007A 		vstr.32	s15, [r6]
 258:PSP/AudioEngine.cpp **** }...
 2871              		.loc 2 258 1 view .LVU908
 2872 031c 08B0     		add	sp, sp, #32
 2873              		.cfi_remember_state
 2874              		.cfi_def_cfa_offset 64
 2875              		@ sp needed
 2876 031e BDEC0A8B 		vldm	sp!, {d8-d12}
 2877              		.cfi_restore 88
 2878              		.cfi_restore 89
 2879              		.cfi_restore 86
 2880              		.cfi_restore 87
 2881              		.cfi_restore 84
 2882              		.cfi_restore 85
 2883              		.cfi_restore 82
 2884              		.cfi_restore 83
 2885              		.cfi_restore 80
 2886              		.cfi_restore 81
 2887              		.cfi_def_cfa_offset 24
 2888              	.LVL186:
 2889              		.loc 2 258 1 view .LVU909
 2890 0322 BDE8F081 		pop	{r4, r5, r6, r7, r8, pc}
 2891              	.LVL187:
 2892              	.L75:
 2893              		.cfi_restore_state
 198:PSP/AudioEngine.cpp ****     if (_currentPreset.lfo1.direction == Direction_e::DETUNE) {
 2894              		.loc 2 198 5 is_stmt 1 view .LVU910
 2895 0326 042B     		cmp	r3, #4
 2896 0328 7FF41DAF 		bne	.L78
ARM GAS  C:\Users\skipi\AppData\Local\Temp\cccqm0Sx.s 			page 78


 2897 032c 10E7     		b	.L76
 2898              	.LVL188:
 2899              	.L84:
 219:PSP/AudioEngine.cpp ****         sMix = s_osc1 * s_osc2 + sNoise; 
 2900              		.loc 2 219 9 view .LVU911
 219:PSP/AudioEngine.cpp ****         sMix = s_osc1 * s_osc2 + sNoise; 
 2901              		.loc 2 219 14 is_stmt 0 view .LVU912
 2902 032e ABEE8C9A 		vfma.f32	s18, s23, s24
 2903              	.LVL189:
 219:PSP/AudioEngine.cpp ****         sMix = s_osc1 * s_osc2 + sNoise; 
 2904              		.loc 2 219 14 view .LVU913
 2905 0332 84E7     		b	.L85
 2906              	.L106:
 2907              		.align	2
 2908              	.L105:
 2909 0334 17B7D138 		.word	953267991
 2910 0338 00000000 		.word	0
 2911 033c 00004842 		.word	1112014848
 2912 0340 9A99993E 		.word	1050253722
 2913 0344 00401C46 		.word	1176256512
 2914 0348 00409C46 		.word	1184645120
 2915              		.cfi_endproc
 2916              	.LFE3770:
 2918              		.text
 2919              	.Letext0:
 2920              		.file 10 "c:\\program files\\daisytoolchain\\arm-none-eabi\\include\\machine\\_default_types.h"
 2921              		.file 11 "c:\\program files\\daisytoolchain\\arm-none-eabi\\include\\sys\\_stdint.h"
 2922              		.file 12 "c:\\program files\\daisytoolchain\\arm-none-eabi\\include\\stdint.h"
 2923              		.file 13 "c:\\program files\\daisytoolchain\\lib\\gcc\\arm-none-eabi\\10.2.1\\include\\stddef.h"
 2924              		.file 14 "c:\\program files\\daisytoolchain\\arm-none-eabi\\include\\c++\\10.2.1\\cmath"
 2925              		.file 15 "c:\\program files\\daisytoolchain\\arm-none-eabi\\include\\c++\\10.2.1\\bits\\std_abs.h"
 2926              		.file 16 "c:\\program files\\daisytoolchain\\arm-none-eabi\\include\\c++\\10.2.1\\cstdint"
 2927              		.file 17 "c:\\program files\\daisytoolchain\\arm-none-eabi\\include\\c++\\10.2.1\\cstdlib"
 2928              		.file 18 "c:\\program files\\daisytoolchain\\arm-none-eabi\\include\\c++\\10.2.1\\type_traits"
 2929              		.file 19 "c:\\program files\\daisytoolchain\\arm-none-eabi\\include\\c++\\10.2.1\\debug\\debug.h"
 2930              		.file 20 "c:\\program files\\daisytoolchain\\arm-none-eabi\\include\\c++\\10.2.1\\cwchar"
 2931              		.file 21 "c:\\program files\\daisytoolchain\\arm-none-eabi\\include\\c++\\10.2.1\\bits\\stl_pair.h
 2932              		.file 22 "c:\\program files\\daisytoolchain\\arm-none-eabi\\include\\c++\\10.2.1\\bits\\exception_
 2933              		.file 23 "c:\\program files\\daisytoolchain\\arm-none-eabi\\include\\c++\\10.2.1\\arm-none-eabi\\t
 2934              		.file 24 "c:\\program files\\daisytoolchain\\arm-none-eabi\\include\\c++\\10.2.1\\clocale"
 2935              		.file 25 "c:\\program files\\daisytoolchain\\arm-none-eabi\\include\\c++\\10.2.1\\cstdio"
 2936              		.file 26 "c:\\program files\\daisytoolchain\\arm-none-eabi\\include\\c++\\10.2.1\\bits\\basic_stri
 2937              		.file 27 "c:\\program files\\daisytoolchain\\arm-none-eabi\\include\\c++\\10.2.1\\bits\\charconv.h
 2938              		.file 28 "c:\\program files\\daisytoolchain\\arm-none-eabi\\include\\c++\\10.2.1\\bits\\algorithmf
 2939              		.file 29 "c:\\program files\\daisytoolchain\\arm-none-eabi\\include\\c++\\10.2.1\\cstring"
 2940              		.file 30 "c:\\program files\\daisytoolchain\\arm-none-eabi\\include\\c++\\10.2.1\\bits\\predefined
 2941              		.file 31 "c:\\program files\\daisytoolchain\\arm-none-eabi\\include\\sys\\_types.h"
 2942              		.file 32 "c:\\program files\\daisytoolchain\\arm-none-eabi\\include\\sys\\reent.h"
 2943              		.file 33 "c:\\program files\\daisytoolchain\\arm-none-eabi\\include\\sys\\lock.h"
 2944              		.file 34 "c:\\program files\\daisytoolchain\\arm-none-eabi\\include\\math.h"
 2945              		.file 35 "c:\\program files\\daisytoolchain\\arm-none-eabi\\include\\stdlib.h"
 2946              		.file 36 "c:\\program files\\daisytoolchain\\arm-none-eabi\\include\\c++\\10.2.1\\math.h"
 2947              		.file 37 "c:\\program files\\daisytoolchain\\lib\\gcc\\arm-none-eabi\\10.2.1\\include\\stdarg.h"
 2948              		.file 38 "c:\\program files\\daisytoolchain\\arm-none-eabi\\include\\wchar.h"
 2949              		.file 39 "c:\\program files\\daisytoolchain\\arm-none-eabi\\include\\locale.h"
 2950              		.file 40 "c:\\program files\\daisytoolchain\\arm-none-eabi\\include\\stdio.h"
 2951              		.file 41 "c:\\program files\\daisytoolchain\\arm-none-eabi\\include\\c++\\10.2.1\\stdlib.h"
ARM GAS  C:\Users\skipi\AppData\Local\Temp\cccqm0Sx.s 			page 79


 2952              		.file 42 "c:\\program files\\daisytoolchain\\arm-none-eabi\\include\\string.h"
 2953              		.file 43 "<built-in>"
ARM GAS  C:\Users\skipi\AppData\Local\Temp\cccqm0Sx.s 			page 80


DEFINED SYMBOLS
                            *ABS*:00000000 AudioEngine.cpp
C:\Users\skipi\AppData\Local\Temp\cccqm0Sx.s:17     .text._ZN10politekdsp10Oscillator4InitEf:00000000 $t
C:\Users\skipi\AppData\Local\Temp\cccqm0Sx.s:25     .text._ZN10politekdsp10Oscillator4InitEf:00000000 _ZN10politekdsp10Oscillator4InitEf
C:\Users\skipi\AppData\Local\Temp\cccqm0Sx.s:95     .text._ZN10politekdsp10Oscillator4InitEf:00000040 $d
C:\Users\skipi\AppData\Local\Temp\cccqm0Sx.s:100    .text._ZN10politekdsp10Oscillator7SetFreqEf:00000000 $t
C:\Users\skipi\AppData\Local\Temp\cccqm0Sx.s:107    .text._ZN10politekdsp10Oscillator7SetFreqEf:00000000 _ZN10politekdsp10Oscillator7SetFreqEf
C:\Users\skipi\AppData\Local\Temp\cccqm0Sx.s:156    .text._ZN10politekdsp10Oscillator7SetFreqEf:00000030 $d
C:\Users\skipi\AppData\Local\Temp\cccqm0Sx.s:161    .text._ZN11AudioEngine15SetActivePresetERK8Preset_s:00000000 $t
C:\Users\skipi\AppData\Local\Temp\cccqm0Sx.s:168    .text._ZN11AudioEngine15SetActivePresetERK8Preset_s:00000000 _ZN11AudioEngine15SetActivePresetERK8Preset_s
C:\Users\skipi\AppData\Local\Temp\cccqm0Sx.s:1000   .text._ZN11AudioEngine15SetActivePresetERK8Preset_s:00000204 $d
C:\Users\skipi\AppData\Local\Temp\cccqm0Sx.s:1009   .text._ZN11AudioEngine4InitEf:00000000 $t
C:\Users\skipi\AppData\Local\Temp\cccqm0Sx.s:1016   .text._ZN11AudioEngine4InitEf:00000000 _ZN11AudioEngine4InitEf
C:\Users\skipi\AppData\Local\Temp\cccqm0Sx.s:1280   .text._ZN11AudioEngine4InitEf:00000100 $d
C:\Users\skipi\AppData\Local\Temp\cccqm0Sx.s:1286   .text._ZN11AudioEngine14UpdateControlsERK9Control_s:00000000 $t
C:\Users\skipi\AppData\Local\Temp\cccqm0Sx.s:1293   .text._ZN11AudioEngine14UpdateControlsERK9Control_s:00000000 _ZN11AudioEngine14UpdateControlsERK9Control_s
C:\Users\skipi\AppData\Local\Temp\cccqm0Sx.s:1369   .text._ZN11AudioEngine13ProcessMidiCCEhhR8Preset_s:00000000 $t
C:\Users\skipi\AppData\Local\Temp\cccqm0Sx.s:1376   .text._ZN11AudioEngine13ProcessMidiCCEhhR8Preset_s:00000000 _ZN11AudioEngine13ProcessMidiCCEhhR8Preset_s
C:\Users\skipi\AppData\Local\Temp\cccqm0Sx.s:1429   .text._ZN11AudioEngine13ProcessMidiCCEhhR8Preset_s:00000046 $d
C:\Users\skipi\AppData\Local\Temp\cccqm0Sx.s:1519   .text._ZN11AudioEngine13ProcessMidiCCEhhR8Preset_s:000000fa $t
C:\Users\skipi\AppData\Local\Temp\cccqm0Sx.s:1885   .text._ZN11AudioEngine13ProcessMidiCCEhhR8Preset_s:0000029c $d
C:\Users\skipi\AppData\Local\Temp\cccqm0Sx.s:1901   .text._ZN11AudioEngine7ProcessERfS0_:00000000 $t
C:\Users\skipi\AppData\Local\Temp\cccqm0Sx.s:1908   .text._ZN11AudioEngine7ProcessERfS0_:00000000 _ZN11AudioEngine7ProcessERfS0_
C:\Users\skipi\AppData\Local\Temp\cccqm0Sx.s:2909   .text._ZN11AudioEngine7ProcessERfS0_:00000334 $d

UNDEFINED SYMBOLS
_ZN10politekdsp10Oscillator12CalcPhaseIncEf
powf
memcpy
_ZN7daisysp10Oscillator12CalcPhaseIncEf
_ZN7daisysp4Adsr7SetTimeEif
_ZN7daisysp12LadderFilter6SetResEf
_ZN7daisysp12LadderFilter7SetFreqEf
_ZN7daisysp4Adsr4InitEfi
_ZN7daisysp12LadderFilter4InitEf
_ZN7daisysp8ReverbSc4InitEf
_ZN7daisysp4Adsr9RetriggerEb
_ZN7daisysp4Adsr7ProcessEb
_ZN7daisysp10Oscillator7ProcessEv
_ZN10politekdsp10Oscillator7ProcessEv
rand
_ZN7daisysp12LadderFilter7ProcessEf
_ZN7daisysp8ReverbSc7ProcessERKfS2_PfS3_
