ARM GAS  C:\Users\skipi\AppData\Local\Temp\ccgC1a2T.s 			page 1


   1              		.cpu cortex-m7
   2              		.eabi_attribute 28, 1
   3              		.eabi_attribute 20, 1
   4              		.eabi_attribute 21, 1
   5              		.eabi_attribute 23, 3
   6              		.eabi_attribute 24, 1
   7              		.eabi_attribute 25, 1
   8              		.eabi_attribute 26, 1
   9              		.eabi_attribute 30, 4
  10              		.eabi_attribute 34, 1
  11              		.eabi_attribute 18, 4
  12              		.file	"displayHandler.cpp"
  13              		.text
  14              	.Ltext0:
  15              		.cfi_sections	.debug_frame
  16              		.section	.text._ZN5daisy21OneBitGraphicsDisplay9SetCursorEtt,"axG",%progbits,_ZN5daisy21OneBitGrap
  17              		.align	1
  18              		.weak	_ZN5daisy21OneBitGraphicsDisplay9SetCursorEtt
  19              		.arch armv7e-m
  20              		.syntax unified
  21              		.thumb
  22              		.thumb_func
  23              		.fpu fpv5-d16
  25              	_ZN5daisy21OneBitGraphicsDisplay9SetCursorEtt:
  26              	.LVL0:
  27              	.LFB1867:
  28              		.file 1 "../libs/PoliTeKDSP/libs/libDaisy/src/hid/disp/display.h"
   1:../libs/PoliTeKDSP/libs/libDaisy/src/hid/disp/display.h **** #pragma once
   2:../libs/PoliTeKDSP/libs/libDaisy/src/hid/disp/display.h **** #ifndef DSY_DISPLAY_H
   3:../libs/PoliTeKDSP/libs/libDaisy/src/hid/disp/display.h **** #define DSY_DISPLAY_H /**< Macro */
   4:../libs/PoliTeKDSP/libs/libDaisy/src/hid/disp/display.h **** #include <cmath>
   5:../libs/PoliTeKDSP/libs/libDaisy/src/hid/disp/display.h **** #include "util/oled_fonts.h"
   6:../libs/PoliTeKDSP/libs/libDaisy/src/hid/disp/display.h **** #include "daisy_core.h"
   7:../libs/PoliTeKDSP/libs/libDaisy/src/hid/disp/display.h **** #include "graphics_common.h"
   8:../libs/PoliTeKDSP/libs/libDaisy/src/hid/disp/display.h **** 
   9:../libs/PoliTeKDSP/libs/libDaisy/src/hid/disp/display.h **** #ifndef deg2rad
  10:../libs/PoliTeKDSP/libs/libDaisy/src/hid/disp/display.h **** #define deg2rad(deg) ((deg)*3.141592 / 180.0)
  11:../libs/PoliTeKDSP/libs/libDaisy/src/hid/disp/display.h **** #endif
  12:../libs/PoliTeKDSP/libs/libDaisy/src/hid/disp/display.h **** 
  13:../libs/PoliTeKDSP/libs/libDaisy/src/hid/disp/display.h **** namespace daisy
  14:../libs/PoliTeKDSP/libs/libDaisy/src/hid/disp/display.h **** {
  15:../libs/PoliTeKDSP/libs/libDaisy/src/hid/disp/display.h **** /** 
  16:../libs/PoliTeKDSP/libs/libDaisy/src/hid/disp/display.h ****  * This interface is used as a base class for all types of 1bit-per-pixel
  17:../libs/PoliTeKDSP/libs/libDaisy/src/hid/disp/display.h ****  * graphics displays.
  18:../libs/PoliTeKDSP/libs/libDaisy/src/hid/disp/display.h **** */
  19:../libs/PoliTeKDSP/libs/libDaisy/src/hid/disp/display.h **** class OneBitGraphicsDisplay
  20:../libs/PoliTeKDSP/libs/libDaisy/src/hid/disp/display.h **** {
  21:../libs/PoliTeKDSP/libs/libDaisy/src/hid/disp/display.h ****   public:
  22:../libs/PoliTeKDSP/libs/libDaisy/src/hid/disp/display.h ****     OneBitGraphicsDisplay() {}
  23:../libs/PoliTeKDSP/libs/libDaisy/src/hid/disp/display.h ****     virtual ~OneBitGraphicsDisplay() {}
  24:../libs/PoliTeKDSP/libs/libDaisy/src/hid/disp/display.h **** 
  25:../libs/PoliTeKDSP/libs/libDaisy/src/hid/disp/display.h ****     virtual uint16_t Height() const = 0;
  26:../libs/PoliTeKDSP/libs/libDaisy/src/hid/disp/display.h ****     virtual uint16_t Width() const  = 0;
  27:../libs/PoliTeKDSP/libs/libDaisy/src/hid/disp/display.h **** 
  28:../libs/PoliTeKDSP/libs/libDaisy/src/hid/disp/display.h ****     Rectangle GetBounds() const
  29:../libs/PoliTeKDSP/libs/libDaisy/src/hid/disp/display.h ****     {
  30:../libs/PoliTeKDSP/libs/libDaisy/src/hid/disp/display.h ****         return Rectangle(int16_t(Width()), int16_t(Height()));
ARM GAS  C:\Users\skipi\AppData\Local\Temp\ccgC1a2T.s 			page 2


  31:../libs/PoliTeKDSP/libs/libDaisy/src/hid/disp/display.h ****     }
  32:../libs/PoliTeKDSP/libs/libDaisy/src/hid/disp/display.h **** 
  33:../libs/PoliTeKDSP/libs/libDaisy/src/hid/disp/display.h **** 
  34:../libs/PoliTeKDSP/libs/libDaisy/src/hid/disp/display.h ****     size_t CurrentX() { return currentX_; };
  35:../libs/PoliTeKDSP/libs/libDaisy/src/hid/disp/display.h ****     size_t CurrentY() { return currentY_; };
  36:../libs/PoliTeKDSP/libs/libDaisy/src/hid/disp/display.h **** 
  37:../libs/PoliTeKDSP/libs/libDaisy/src/hid/disp/display.h ****     /** 
  38:../libs/PoliTeKDSP/libs/libDaisy/src/hid/disp/display.h ****     Fills the entire display with either on/off.
  39:../libs/PoliTeKDSP/libs/libDaisy/src/hid/disp/display.h ****     \param on Sets on or off.
  40:../libs/PoliTeKDSP/libs/libDaisy/src/hid/disp/display.h ****     */
  41:../libs/PoliTeKDSP/libs/libDaisy/src/hid/disp/display.h ****     virtual void Fill(bool on) = 0;
  42:../libs/PoliTeKDSP/libs/libDaisy/src/hid/disp/display.h **** 
  43:../libs/PoliTeKDSP/libs/libDaisy/src/hid/disp/display.h ****     /**
  44:../libs/PoliTeKDSP/libs/libDaisy/src/hid/disp/display.h ****     Sets the pixel at the specified coordinate to be on/off.
  45:../libs/PoliTeKDSP/libs/libDaisy/src/hid/disp/display.h ****     \param x   x Coordinate
  46:../libs/PoliTeKDSP/libs/libDaisy/src/hid/disp/display.h ****     \param y   y coordinate
  47:../libs/PoliTeKDSP/libs/libDaisy/src/hid/disp/display.h ****     \param on  on or off
  48:../libs/PoliTeKDSP/libs/libDaisy/src/hid/disp/display.h ****     */
  49:../libs/PoliTeKDSP/libs/libDaisy/src/hid/disp/display.h ****     virtual void DrawPixel(uint_fast8_t x, uint_fast8_t y, bool on) = 0;
  50:../libs/PoliTeKDSP/libs/libDaisy/src/hid/disp/display.h **** 
  51:../libs/PoliTeKDSP/libs/libDaisy/src/hid/disp/display.h ****     /**
  52:../libs/PoliTeKDSP/libs/libDaisy/src/hid/disp/display.h ****     Draws a line from (x1, y1) to (y1, y2)
  53:../libs/PoliTeKDSP/libs/libDaisy/src/hid/disp/display.h ****     \param x1  x Coordinate of the starting point
  54:../libs/PoliTeKDSP/libs/libDaisy/src/hid/disp/display.h ****     \param y1  y Coordinate of the starting point
  55:../libs/PoliTeKDSP/libs/libDaisy/src/hid/disp/display.h ****     \param x2  x Coordinate of the ending point
  56:../libs/PoliTeKDSP/libs/libDaisy/src/hid/disp/display.h ****     \param y2  y Coordinate of the ending point
  57:../libs/PoliTeKDSP/libs/libDaisy/src/hid/disp/display.h ****     \param on  on or off
  58:../libs/PoliTeKDSP/libs/libDaisy/src/hid/disp/display.h ****     */
  59:../libs/PoliTeKDSP/libs/libDaisy/src/hid/disp/display.h ****     virtual void DrawLine(uint_fast8_t x1,
  60:../libs/PoliTeKDSP/libs/libDaisy/src/hid/disp/display.h ****                           uint_fast8_t y1,
  61:../libs/PoliTeKDSP/libs/libDaisy/src/hid/disp/display.h ****                           uint_fast8_t x2,
  62:../libs/PoliTeKDSP/libs/libDaisy/src/hid/disp/display.h ****                           uint_fast8_t y2,
  63:../libs/PoliTeKDSP/libs/libDaisy/src/hid/disp/display.h ****                           bool         on)
  64:../libs/PoliTeKDSP/libs/libDaisy/src/hid/disp/display.h ****         = 0;
  65:../libs/PoliTeKDSP/libs/libDaisy/src/hid/disp/display.h **** 
  66:../libs/PoliTeKDSP/libs/libDaisy/src/hid/disp/display.h ****     /**
  67:../libs/PoliTeKDSP/libs/libDaisy/src/hid/disp/display.h ****     Draws a rectangle based on two coordinates.
  68:../libs/PoliTeKDSP/libs/libDaisy/src/hid/disp/display.h ****     \param x1 x Coordinate of the first point
  69:../libs/PoliTeKDSP/libs/libDaisy/src/hid/disp/display.h ****     \param y1 y Coordinate of the first point
  70:../libs/PoliTeKDSP/libs/libDaisy/src/hid/disp/display.h ****     \param x2 x Coordinate of the second point
  71:../libs/PoliTeKDSP/libs/libDaisy/src/hid/disp/display.h ****     \param y2 y Coordinate of the second point
  72:../libs/PoliTeKDSP/libs/libDaisy/src/hid/disp/display.h ****     \param on on or off
  73:../libs/PoliTeKDSP/libs/libDaisy/src/hid/disp/display.h ****     \param fill fill the rectangle or draw only the outline
  74:../libs/PoliTeKDSP/libs/libDaisy/src/hid/disp/display.h ****     */
  75:../libs/PoliTeKDSP/libs/libDaisy/src/hid/disp/display.h ****     virtual void DrawRect(uint_fast8_t x1,
  76:../libs/PoliTeKDSP/libs/libDaisy/src/hid/disp/display.h ****                           uint_fast8_t y1,
  77:../libs/PoliTeKDSP/libs/libDaisy/src/hid/disp/display.h ****                           uint_fast8_t x2,
  78:../libs/PoliTeKDSP/libs/libDaisy/src/hid/disp/display.h ****                           uint_fast8_t y2,
  79:../libs/PoliTeKDSP/libs/libDaisy/src/hid/disp/display.h ****                           bool         on,
  80:../libs/PoliTeKDSP/libs/libDaisy/src/hid/disp/display.h ****                           bool         fill = false)
  81:../libs/PoliTeKDSP/libs/libDaisy/src/hid/disp/display.h ****         = 0;
  82:../libs/PoliTeKDSP/libs/libDaisy/src/hid/disp/display.h **** 
  83:../libs/PoliTeKDSP/libs/libDaisy/src/hid/disp/display.h ****     /**
  84:../libs/PoliTeKDSP/libs/libDaisy/src/hid/disp/display.h ****     Draws a rectangle.
  85:../libs/PoliTeKDSP/libs/libDaisy/src/hid/disp/display.h ****     \param rect the rectangle
  86:../libs/PoliTeKDSP/libs/libDaisy/src/hid/disp/display.h ****     \param on   on or off
  87:../libs/PoliTeKDSP/libs/libDaisy/src/hid/disp/display.h ****     \param fill fill the rectangle or draw only the outline
ARM GAS  C:\Users\skipi\AppData\Local\Temp\ccgC1a2T.s 			page 3


  88:../libs/PoliTeKDSP/libs/libDaisy/src/hid/disp/display.h ****     */
  89:../libs/PoliTeKDSP/libs/libDaisy/src/hid/disp/display.h ****     void DrawRect(const Rectangle& rect, bool on, bool fill = false)
  90:../libs/PoliTeKDSP/libs/libDaisy/src/hid/disp/display.h ****     {
  91:../libs/PoliTeKDSP/libs/libDaisy/src/hid/disp/display.h ****         DrawRect(rect.GetX(),
  92:../libs/PoliTeKDSP/libs/libDaisy/src/hid/disp/display.h ****                  rect.GetY(),
  93:../libs/PoliTeKDSP/libs/libDaisy/src/hid/disp/display.h ****                  rect.GetRight(),
  94:../libs/PoliTeKDSP/libs/libDaisy/src/hid/disp/display.h ****                  rect.GetBottom(),
  95:../libs/PoliTeKDSP/libs/libDaisy/src/hid/disp/display.h ****                  on,
  96:../libs/PoliTeKDSP/libs/libDaisy/src/hid/disp/display.h ****                  fill);
  97:../libs/PoliTeKDSP/libs/libDaisy/src/hid/disp/display.h ****     }
  98:../libs/PoliTeKDSP/libs/libDaisy/src/hid/disp/display.h **** 
  99:../libs/PoliTeKDSP/libs/libDaisy/src/hid/disp/display.h ****     /**
 100:../libs/PoliTeKDSP/libs/libDaisy/src/hid/disp/display.h ****     Draws an arc around the specified coordinate
 101:../libs/PoliTeKDSP/libs/libDaisy/src/hid/disp/display.h ****     \param x           x Coordinate of the center of the arc
 102:../libs/PoliTeKDSP/libs/libDaisy/src/hid/disp/display.h ****     \param y           y Coordinate of the center of the arc
 103:../libs/PoliTeKDSP/libs/libDaisy/src/hid/disp/display.h ****     \param radius      radius of the arc
 104:../libs/PoliTeKDSP/libs/libDaisy/src/hid/disp/display.h ****     \param start_angle angle where to start the arc
 105:../libs/PoliTeKDSP/libs/libDaisy/src/hid/disp/display.h ****     \param sweep       total angle of the arc
 106:../libs/PoliTeKDSP/libs/libDaisy/src/hid/disp/display.h ****     \param on  on or off
 107:../libs/PoliTeKDSP/libs/libDaisy/src/hid/disp/display.h ****     */
 108:../libs/PoliTeKDSP/libs/libDaisy/src/hid/disp/display.h ****     virtual void DrawArc(uint_fast8_t x,
 109:../libs/PoliTeKDSP/libs/libDaisy/src/hid/disp/display.h ****                          uint_fast8_t y,
 110:../libs/PoliTeKDSP/libs/libDaisy/src/hid/disp/display.h ****                          uint_fast8_t radius,
 111:../libs/PoliTeKDSP/libs/libDaisy/src/hid/disp/display.h ****                          int_fast16_t start_angle,
 112:../libs/PoliTeKDSP/libs/libDaisy/src/hid/disp/display.h ****                          int_fast16_t sweep,
 113:../libs/PoliTeKDSP/libs/libDaisy/src/hid/disp/display.h ****                          bool         on)
 114:../libs/PoliTeKDSP/libs/libDaisy/src/hid/disp/display.h ****         = 0;
 115:../libs/PoliTeKDSP/libs/libDaisy/src/hid/disp/display.h **** 
 116:../libs/PoliTeKDSP/libs/libDaisy/src/hid/disp/display.h ****     /**
 117:../libs/PoliTeKDSP/libs/libDaisy/src/hid/disp/display.h ****     Draws a circle around the specified coordinate
 118:../libs/PoliTeKDSP/libs/libDaisy/src/hid/disp/display.h ****     \param x           x Coordinate of the center of the circle
 119:../libs/PoliTeKDSP/libs/libDaisy/src/hid/disp/display.h ****     \param y           y Coordinate of the center of the circle
 120:../libs/PoliTeKDSP/libs/libDaisy/src/hid/disp/display.h ****     \param radius      radius of the circle
 121:../libs/PoliTeKDSP/libs/libDaisy/src/hid/disp/display.h ****     \param on  on or off
 122:../libs/PoliTeKDSP/libs/libDaisy/src/hid/disp/display.h ****     */
 123:../libs/PoliTeKDSP/libs/libDaisy/src/hid/disp/display.h ****     void
 124:../libs/PoliTeKDSP/libs/libDaisy/src/hid/disp/display.h ****     DrawCircle(uint_fast8_t x, uint_fast8_t y, uint_fast8_t radius, bool on)
 125:../libs/PoliTeKDSP/libs/libDaisy/src/hid/disp/display.h ****     {
 126:../libs/PoliTeKDSP/libs/libDaisy/src/hid/disp/display.h ****         DrawArc(x, y, radius, 0, 360, on);
 127:../libs/PoliTeKDSP/libs/libDaisy/src/hid/disp/display.h ****     };
 128:../libs/PoliTeKDSP/libs/libDaisy/src/hid/disp/display.h **** 
 129:../libs/PoliTeKDSP/libs/libDaisy/src/hid/disp/display.h ****     /** 
 130:../libs/PoliTeKDSP/libs/libDaisy/src/hid/disp/display.h ****     Writes the character with the specific FontDef
 131:../libs/PoliTeKDSP/libs/libDaisy/src/hid/disp/display.h ****     to the display buffer at the current Cursor position.
 132:../libs/PoliTeKDSP/libs/libDaisy/src/hid/disp/display.h ****     \param ch character to be written
 133:../libs/PoliTeKDSP/libs/libDaisy/src/hid/disp/display.h ****     \param font font to be written in
 134:../libs/PoliTeKDSP/libs/libDaisy/src/hid/disp/display.h ****     \param on    on or off
 135:../libs/PoliTeKDSP/libs/libDaisy/src/hid/disp/display.h ****     \return &
 136:../libs/PoliTeKDSP/libs/libDaisy/src/hid/disp/display.h ****     */
 137:../libs/PoliTeKDSP/libs/libDaisy/src/hid/disp/display.h ****     virtual char WriteChar(char ch, FontDef font, bool on) = 0;
 138:../libs/PoliTeKDSP/libs/libDaisy/src/hid/disp/display.h **** 
 139:../libs/PoliTeKDSP/libs/libDaisy/src/hid/disp/display.h ****     /** 
 140:../libs/PoliTeKDSP/libs/libDaisy/src/hid/disp/display.h ****     Similar to WriteChar, except it will handle an entire String.
 141:../libs/PoliTeKDSP/libs/libDaisy/src/hid/disp/display.h ****     Wrapping does not happen automatically, so the width
 142:../libs/PoliTeKDSP/libs/libDaisy/src/hid/disp/display.h ****     of the string must be kept within the dimensions of the screen.
 143:../libs/PoliTeKDSP/libs/libDaisy/src/hid/disp/display.h ****     \param str string to be written
 144:../libs/PoliTeKDSP/libs/libDaisy/src/hid/disp/display.h ****     \param font font to use
ARM GAS  C:\Users\skipi\AppData\Local\Temp\ccgC1a2T.s 			page 4


 145:../libs/PoliTeKDSP/libs/libDaisy/src/hid/disp/display.h ****     \param on  on or off
 146:../libs/PoliTeKDSP/libs/libDaisy/src/hid/disp/display.h ****     \return &
 147:../libs/PoliTeKDSP/libs/libDaisy/src/hid/disp/display.h ****     */
 148:../libs/PoliTeKDSP/libs/libDaisy/src/hid/disp/display.h ****     virtual char WriteString(const char* str, FontDef font, bool on) = 0;
 149:../libs/PoliTeKDSP/libs/libDaisy/src/hid/disp/display.h **** 
 150:../libs/PoliTeKDSP/libs/libDaisy/src/hid/disp/display.h ****     /** 
 151:../libs/PoliTeKDSP/libs/libDaisy/src/hid/disp/display.h ****     Similar to WriteString but justified within a bounding box.
 152:../libs/PoliTeKDSP/libs/libDaisy/src/hid/disp/display.h ****     \param str          string to be written
 153:../libs/PoliTeKDSP/libs/libDaisy/src/hid/disp/display.h ****     \param font         font to use
 154:../libs/PoliTeKDSP/libs/libDaisy/src/hid/disp/display.h ****     \param boundingBox  the bounding box to draw the text in
 155:../libs/PoliTeKDSP/libs/libDaisy/src/hid/disp/display.h ****     \param alignment    the alignment to use
 156:../libs/PoliTeKDSP/libs/libDaisy/src/hid/disp/display.h ****     \param on           on or off
 157:../libs/PoliTeKDSP/libs/libDaisy/src/hid/disp/display.h ****     \return The rectangle that was drawn to
 158:../libs/PoliTeKDSP/libs/libDaisy/src/hid/disp/display.h ****     */
 159:../libs/PoliTeKDSP/libs/libDaisy/src/hid/disp/display.h ****     virtual Rectangle WriteStringAligned(const char*    str,
 160:../libs/PoliTeKDSP/libs/libDaisy/src/hid/disp/display.h ****                                          const FontDef& font,
 161:../libs/PoliTeKDSP/libs/libDaisy/src/hid/disp/display.h ****                                          Rectangle      boundingBox,
 162:../libs/PoliTeKDSP/libs/libDaisy/src/hid/disp/display.h ****                                          Alignment      alignment,
 163:../libs/PoliTeKDSP/libs/libDaisy/src/hid/disp/display.h ****                                          bool           on)
 164:../libs/PoliTeKDSP/libs/libDaisy/src/hid/disp/display.h ****         = 0;
 165:../libs/PoliTeKDSP/libs/libDaisy/src/hid/disp/display.h **** 
 166:../libs/PoliTeKDSP/libs/libDaisy/src/hid/disp/display.h ****     /** 
 167:../libs/PoliTeKDSP/libs/libDaisy/src/hid/disp/display.h ****     Moves the 'Cursor' position used for WriteChar, and WriteStr to the specified coordinate.
 168:../libs/PoliTeKDSP/libs/libDaisy/src/hid/disp/display.h ****     \param x x pos
 169:../libs/PoliTeKDSP/libs/libDaisy/src/hid/disp/display.h ****     \param y y pos
 170:../libs/PoliTeKDSP/libs/libDaisy/src/hid/disp/display.h ****     */
 171:../libs/PoliTeKDSP/libs/libDaisy/src/hid/disp/display.h ****     void SetCursor(uint16_t x, uint16_t y)
  29              		.loc 1 171 10 view -0
  30              		.cfi_startproc
  31              		@ args = 0, pretend = 0, frame = 0
  32              		@ frame_needed = 0, uses_anonymous_args = 0
 172:../libs/PoliTeKDSP/libs/libDaisy/src/hid/disp/display.h ****     {
 173:../libs/PoliTeKDSP/libs/libDaisy/src/hid/disp/display.h ****         currentX_ = (x >= Width()) ? Width() - 1 : x;
  33              		.loc 1 173 9 view .LVU1
  34              		.loc 1 173 33 is_stmt 0 view .LVU2
  35 0000 0368     		ldr	r3, [r0]
 171:../libs/PoliTeKDSP/libs/libDaisy/src/hid/disp/display.h ****     {
  36              		.loc 1 171 10 view .LVU3
  37 0002 70B5     		push	{r4, r5, r6, lr}
  38              		.cfi_def_cfa_offset 16
  39              		.cfi_offset 4, -16
  40              		.cfi_offset 5, -12
  41              		.cfi_offset 6, -8
  42              		.cfi_offset 14, -4
 171:../libs/PoliTeKDSP/libs/libDaisy/src/hid/disp/display.h ****     {
  43              		.loc 1 171 10 view .LVU4
  44 0004 0E46     		mov	r6, r1
  45              		.loc 1 173 32 view .LVU5
  46 0006 DB68     		ldr	r3, [r3, #12]
 171:../libs/PoliTeKDSP/libs/libDaisy/src/hid/disp/display.h ****     {
  47              		.loc 1 171 10 view .LVU6
  48 0008 0446     		mov	r4, r0
  49 000a 1546     		mov	r5, r2
  50              		.loc 1 173 32 view .LVU7
  51 000c 9847     		blx	r3
  52              	.LVL1:
  53              		.loc 1 173 19 view .LVU8
ARM GAS  C:\Users\skipi\AppData\Local\Temp\ccgC1a2T.s 			page 5


  54 000e B042     		cmp	r0, r6
  55 0010 05D8     		bhi	.L2
  56              		.loc 1 173 44 discriminator 1 view .LVU9
  57 0012 2368     		ldr	r3, [r4]
  58              		.loc 1 173 43 discriminator 1 view .LVU10
  59 0014 2046     		mov	r0, r4
  60 0016 DB68     		ldr	r3, [r3, #12]
  61 0018 9847     		blx	r3
  62              	.LVL2:
  63              		.loc 1 173 19 discriminator 1 view .LVU11
  64 001a 0138     		subs	r0, r0, #1
  65 001c 86B2     		uxth	r6, r0
  66              	.L2:
 174:../libs/PoliTeKDSP/libs/libDaisy/src/hid/disp/display.h ****         currentY_ = (y >= Height()) ? Height() - 1 : y;
  67              		.loc 1 174 34 discriminator 4 view .LVU12
  68 001e 2368     		ldr	r3, [r4]
  69              		.loc 1 174 33 discriminator 4 view .LVU13
  70 0020 2046     		mov	r0, r4
 173:../libs/PoliTeKDSP/libs/libDaisy/src/hid/disp/display.h ****         currentY_ = (y >= Height()) ? Height() - 1 : y;
  71              		.loc 1 173 19 discriminator 4 view .LVU14
  72 0022 A680     		strh	r6, [r4, #4]	@ movhi
  73              		.loc 1 174 9 is_stmt 1 discriminator 4 view .LVU15
  74              		.loc 1 174 33 is_stmt 0 discriminator 4 view .LVU16
  75 0024 9B68     		ldr	r3, [r3, #8]
  76 0026 9847     		blx	r3
  77              	.LVL3:
  78              		.loc 1 174 19 discriminator 4 view .LVU17
  79 0028 A842     		cmp	r0, r5
  80 002a 05D8     		bhi	.L3
  81              		.loc 1 174 46 discriminator 1 view .LVU18
  82 002c 2368     		ldr	r3, [r4]
  83              		.loc 1 174 45 discriminator 1 view .LVU19
  84 002e 2046     		mov	r0, r4
  85 0030 9B68     		ldr	r3, [r3, #8]
  86 0032 9847     		blx	r3
  87              	.LVL4:
  88              		.loc 1 174 19 discriminator 1 view .LVU20
  89 0034 0138     		subs	r0, r0, #1
  90 0036 85B2     		uxth	r5, r0
  91              	.L3:
  92              		.loc 1 174 19 discriminator 4 view .LVU21
  93 0038 E580     		strh	r5, [r4, #6]	@ movhi
 175:../libs/PoliTeKDSP/libs/libDaisy/src/hid/disp/display.h ****     }
  94              		.loc 1 175 5 discriminator 4 view .LVU22
  95 003a 70BD     		pop	{r4, r5, r6, pc}
  96              		.loc 1 175 5 discriminator 4 view .LVU23
  97              		.cfi_endproc
  98              	.LFE1867:
 100              		.section	.rodata._ZN14DisplayHandlerC2EPN5daisy11OledDisplayINS0_16SSD1306DmaDriverILj128ELj64EEEE
 101              	.LC0:
 102 0000 506F6C69 		.ascii	"PoliTeK PSP\000"
 102      54654B20 
 102      50535000 
 103              		.section	.text._ZN14DisplayHandlerC2EPN5daisy11OledDisplayINS0_16SSD1306DmaDriverILj128ELj64EEEEEb
 104              		.align	1
 105              		.global	_ZN14DisplayHandlerC2EPN5daisy11OledDisplayINS0_16SSD1306DmaDriverILj128ELj64EEEEEb
 106              		.syntax unified
ARM GAS  C:\Users\skipi\AppData\Local\Temp\ccgC1a2T.s 			page 6


 107              		.thumb
 108              		.thumb_func
 109              		.fpu fpv5-d16
 111              	_ZN14DisplayHandlerC2EPN5daisy11OledDisplayINS0_16SSD1306DmaDriverILj128ELj64EEEEEb:
 112              	.LVL5:
 113              	.LFB5140:
 114              		.file 2 "Display/displayHandler.cpp"
   1:Display/displayHandler.cpp **** #include "displayHandler.h"
   2:Display/displayHandler.cpp **** #include <string.h>
   3:Display/displayHandler.cpp **** #include <stdio.h>
   4:Display/displayHandler.cpp **** 
   5:Display/displayHandler.cpp **** DisplayHandler::DisplayHandler(MyOledDisplay* displayPtr, bool triggerEnabled) {
 115              		.loc 2 5 1 is_stmt 1 view -0
 116              		.cfi_startproc
 117              		@ args = 0, pretend = 0, frame = 0
 118              		@ frame_needed = 0, uses_anonymous_args = 0
 119              		.loc 2 5 1 is_stmt 0 view .LVU25
 120 0000 F8B5     		push	{r3, r4, r5, r6, r7, lr}
 121              		.cfi_def_cfa_offset 24
 122              		.cfi_offset 3, -24
 123              		.cfi_offset 4, -20
 124              		.cfi_offset 5, -16
 125              		.cfi_offset 6, -12
 126              		.cfi_offset 7, -8
 127              		.cfi_offset 14, -4
 128              	.LBB12:
 129              		.loc 2 5 78 view .LVU26
 130 0002 8023     		movs	r3, #128
 131              	.LBE12:
 132              		.loc 2 5 1 view .LVU27
 133 0004 0D46     		mov	r5, r1
 134              	.LBB13:
 135              		.loc 2 5 78 view .LVU28
 136 0006 0127     		movs	r7, #1
 137 0008 0021     		movs	r1, #0
 138              	.LVL6:
 139              		.loc 2 5 78 view .LVU29
 140 000a C0F80838 		str	r3, [r0, #2056]
 141              	.LBE13:
 142              		.loc 2 5 1 view .LVU30
 143 000e 0446     		mov	r4, r0
 144              	.LBB14:
 145              		.loc 2 5 78 view .LVU31
 146 0010 0E4B     		ldr	r3, .L5
 147              	.LBE14:
 148              		.loc 2 5 1 view .LVU32
 149 0012 1646     		mov	r6, r2
 150              	.LBB15:
 151              		.loc 2 5 78 view .LVU33
 152 0014 C0F80C18 		str	r1, [r0, #2060]
   6:Display/displayHandler.cpp ****     memset((void*) _circBuffer_ptr, 0, BUFFER_SIZE * sizeof(float));
 153              		.loc 2 6 11 view .LVU34
 154 0018 4FF48062 		mov	r2, #1024
 155              	.LVL7:
   5:Display/displayHandler.cpp ****     memset((void*) _circBuffer_ptr, 0, BUFFER_SIZE * sizeof(float));
 156              		.loc 2 5 78 view .LVU35
 157 001c C0F81438 		str	r3, [r0, #2068]
ARM GAS  C:\Users\skipi\AppData\Local\Temp\ccgC1a2T.s 			page 7


 158              		.loc 2 6 11 view .LVU36
 159 0020 0830     		adds	r0, r0, #8
 160              	.LVL8:
   5:Display/displayHandler.cpp ****     memset((void*) _circBuffer_ptr, 0, BUFFER_SIZE * sizeof(float));
 161              		.loc 2 5 78 view .LVU37
 162 0022 C0F81478 		str	r7, [r0, #2068]
 163              		.loc 2 6 5 is_stmt 1 view .LVU38
 164              		.loc 2 6 11 is_stmt 0 view .LVU39
 165 0026 FFF7FEFF 		bl	memset
 166              	.LVL9:
   7:Display/displayHandler.cpp ****     memset((void*) _dispBuffer_ptr, 0, BUFFER_SIZE * sizeof(float));
 167              		.loc 2 7 5 is_stmt 1 view .LVU40
 168              		.loc 2 7 11 is_stmt 0 view .LVU41
 169 002a 4FF48062 		mov	r2, #1024
 170 002e 0021     		movs	r1, #0
 171 0030 04F58160 		add	r0, r4, #1032
 172 0034 FFF7FEFF 		bl	memset
 173              	.LVL10:
   8:Display/displayHandler.cpp ****     
   9:Display/displayHandler.cpp ****     _writeHead = 0;
 174              		.loc 2 9 5 is_stmt 1 view .LVU42
  10:Display/displayHandler.cpp ****     _windowSize = WINDOW_SIZE; 
 175              		.loc 2 10 5 view .LVU43
  11:Display/displayHandler.cpp ****     _triggerEnabled = triggerEnabled;
 176              		.loc 2 11 5 view .LVU44
  12:Display/displayHandler.cpp ****     _displayPtr = displayPtr;
  13:Display/displayHandler.cpp ****     _currentState = DisplayState::WAVEFORM_VIEWER;
  14:Display/displayHandler.cpp ****     _standbyText = "PoliTeK PSP";
  15:Display/displayHandler.cpp ****     _yscale = 20; // Default di sicurezza
 177              		.loc 2 15 13 is_stmt 0 view .LVU45
 178 0038 1423     		movs	r3, #20
 179              	.LBE15:
  16:Display/displayHandler.cpp **** }
 180              		.loc 2 16 1 view .LVU46
 181 003a 2046     		mov	r0, r4
 182              	.LBB16:
  11:Display/displayHandler.cpp ****     _triggerEnabled = triggerEnabled;
 183              		.loc 2 11 21 view .LVU47
 184 003c 84F81068 		strb	r6, [r4, #2064]
  12:Display/displayHandler.cpp ****     _displayPtr = displayPtr;
 185              		.loc 2 12 5 is_stmt 1 view .LVU48
  12:Display/displayHandler.cpp ****     _displayPtr = displayPtr;
 186              		.loc 2 12 17 is_stmt 0 view .LVU49
 187 0040 2560     		str	r5, [r4]
  13:Display/displayHandler.cpp ****     _standbyText = "PoliTeK PSP";
 188              		.loc 2 13 5 is_stmt 1 view .LVU50
  13:Display/displayHandler.cpp ****     _standbyText = "PoliTeK PSP";
 189              		.loc 2 13 19 is_stmt 0 view .LVU51
 190 0042 2771     		strb	r7, [r4, #4]
  14:Display/displayHandler.cpp ****     _yscale = 20; // Default di sicurezza
 191              		.loc 2 14 5 is_stmt 1 view .LVU52
  15:Display/displayHandler.cpp **** }
 192              		.loc 2 15 5 view .LVU53
  15:Display/displayHandler.cpp **** }
 193              		.loc 2 15 13 is_stmt 0 view .LVU54
 194 0044 C4F81838 		str	r3, [r4, #2072]
 195              	.LBE16:
ARM GAS  C:\Users\skipi\AppData\Local\Temp\ccgC1a2T.s 			page 8


 196              		.loc 2 16 1 view .LVU55
 197 0048 F8BD     		pop	{r3, r4, r5, r6, r7, pc}
 198              	.LVL11:
 199              	.L6:
 200              		.loc 2 16 1 view .LVU56
 201 004a 00BF     		.align	2
 202              	.L5:
 203 004c 00000000 		.word	.LC0
 204              		.cfi_endproc
 205              	.LFE5140:
 207              		.global	_ZN14DisplayHandlerC1EPN5daisy11OledDisplayINS0_16SSD1306DmaDriverILj128ELj64EEEEEb
 208              		.thumb_set _ZN14DisplayHandlerC1EPN5daisy11OledDisplayINS0_16SSD1306DmaDriverILj128ELj64EEEEEb,_ZN
 209              		.section	.text._ZN14DisplayHandler8SetStateE12DisplayState,"ax",%progbits
 210              		.align	1
 211              		.global	_ZN14DisplayHandler8SetStateE12DisplayState
 212              		.syntax unified
 213              		.thumb
 214              		.thumb_func
 215              		.fpu fpv5-d16
 217              	_ZN14DisplayHandler8SetStateE12DisplayState:
 218              	.LVL12:
 219              	.LFB5143:
  17:Display/displayHandler.cpp **** 
  18:Display/displayHandler.cpp **** void DisplayHandler::Update() {
  19:Display/displayHandler.cpp ****     switch (_currentState) {
  20:Display/displayHandler.cpp ****         case DisplayState::STANDBY:
  21:Display/displayHandler.cpp ****             drawStandbyScreen();
  22:Display/displayHandler.cpp ****             break;
  23:Display/displayHandler.cpp **** 
  24:Display/displayHandler.cpp ****         case DisplayState::WAVEFORM_VIEWER:
  25:Display/displayHandler.cpp ****             drawWaveForm();
  26:Display/displayHandler.cpp ****             break;
  27:Display/displayHandler.cpp **** 
  28:Display/displayHandler.cpp ****         case DisplayState::MENU_MODE:
  29:Display/displayHandler.cpp ****             break;
  30:Display/displayHandler.cpp ****     }
  31:Display/displayHandler.cpp ****     
  32:Display/displayHandler.cpp ****     _displayPtr->Update();
  33:Display/displayHandler.cpp **** }
  34:Display/displayHandler.cpp **** 
  35:Display/displayHandler.cpp **** void DisplayHandler::SetState(DisplayState newState) {
 220              		.loc 2 35 54 is_stmt 1 view -0
 221              		.cfi_startproc
 222              		@ args = 0, pretend = 0, frame = 0
 223              		@ frame_needed = 0, uses_anonymous_args = 0
  36:Display/displayHandler.cpp ****     _displayPtr->Fill(false);
 224              		.loc 2 36 5 view .LVU58
  35:Display/displayHandler.cpp ****     _displayPtr->Fill(false);
 225              		.loc 2 35 54 is_stmt 0 view .LVU59
 226 0000 38B5     		push	{r3, r4, r5, lr}
 227              		.cfi_def_cfa_offset 16
 228              		.cfi_offset 3, -16
 229              		.cfi_offset 4, -12
 230              		.cfi_offset 5, -8
 231              		.cfi_offset 14, -4
  35:Display/displayHandler.cpp ****     _displayPtr->Fill(false);
 232              		.loc 2 35 54 view .LVU60
ARM GAS  C:\Users\skipi\AppData\Local\Temp\ccgC1a2T.s 			page 9


 233 0002 0446     		mov	r4, r0
 234              		.loc 2 36 5 view .LVU61
 235 0004 0068     		ldr	r0, [r0]
 236              	.LVL13:
  35:Display/displayHandler.cpp ****     _displayPtr->Fill(false);
 237              		.loc 2 35 54 view .LVU62
 238 0006 0D46     		mov	r5, r1
 239              		.loc 2 36 22 view .LVU63
 240 0008 0021     		movs	r1, #0
 241              	.LVL14:
 242              		.loc 2 36 28 view .LVU64
 243 000a 0368     		ldr	r3, [r0]
 244              		.loc 2 36 22 view .LVU65
 245 000c 1B69     		ldr	r3, [r3, #16]
 246 000e 9847     		blx	r3
 247              	.LVL15:
  37:Display/displayHandler.cpp ****     _currentState = newState;
 248              		.loc 2 37 5 is_stmt 1 view .LVU66
 249              		.loc 2 37 19 is_stmt 0 view .LVU67
 250 0010 2571     		strb	r5, [r4, #4]
  38:Display/displayHandler.cpp **** }
 251              		.loc 2 38 1 view .LVU68
 252 0012 38BD     		pop	{r3, r4, r5, pc}
 253              		.loc 2 38 1 view .LVU69
 254              		.cfi_endproc
 255              	.LFE5143:
 257              		.section	.text._ZN14DisplayHandler14SetStandbyTextEPKc,"ax",%progbits
 258              		.align	1
 259              		.global	_ZN14DisplayHandler14SetStandbyTextEPKc
 260              		.syntax unified
 261              		.thumb
 262              		.thumb_func
 263              		.fpu fpv5-d16
 265              	_ZN14DisplayHandler14SetStandbyTextEPKc:
 266              	.LVL16:
 267              	.LFB5144:
  39:Display/displayHandler.cpp **** 
  40:Display/displayHandler.cpp **** void DisplayHandler::SetStandbyText(const char* text) {
 268              		.loc 2 40 55 is_stmt 1 view -0
 269              		.cfi_startproc
 270              		@ args = 0, pretend = 0, frame = 0
 271              		@ frame_needed = 0, uses_anonymous_args = 0
 272              		@ link register save eliminated.
  41:Display/displayHandler.cpp ****     if(text != nullptr) {
 273              		.loc 2 41 5 view .LVU71
 274 0000 39B1     		cbz	r1, .L8
  42:Display/displayHandler.cpp ****         _standbyText = text;
 275              		.loc 2 42 9 view .LVU72
 276              		.loc 2 42 22 is_stmt 0 view .LVU73
 277 0002 C0F81418 		str	r1, [r0, #2068]
  43:Display/displayHandler.cpp ****         if (_currentState == DisplayState::STANDBY) {
 278              		.loc 2 43 9 is_stmt 1 view .LVU74
 279 0006 0179     		ldrb	r1, [r0, #4]	@ zero_extendqisi2
 280              	.LVL17:
 281              		.loc 2 43 9 is_stmt 0 view .LVU75
 282 0008 19B9     		cbnz	r1, .L8
  44:Display/displayHandler.cpp ****             _displayPtr->Fill(false);
ARM GAS  C:\Users\skipi\AppData\Local\Temp\ccgC1a2T.s 			page 10


 283              		.loc 2 44 13 is_stmt 1 view .LVU76
 284 000a 0068     		ldr	r0, [r0]
 285              	.LVL18:
 286              		.loc 2 44 36 is_stmt 0 view .LVU77
 287 000c 0368     		ldr	r3, [r0]
 288              		.loc 2 44 30 view .LVU78
 289 000e 1B69     		ldr	r3, [r3, #16]
 290 0010 1847     		bx	r3	@ indirect register sibling call
 291              	.LVL19:
 292              	.L8:
  45:Display/displayHandler.cpp ****         }
  46:Display/displayHandler.cpp ****     }
  47:Display/displayHandler.cpp **** }
 293              		.loc 2 47 1 view .LVU79
 294 0012 7047     		bx	lr
 295              		.cfi_endproc
 296              	.LFE5144:
 298              		.section	.text._ZN14DisplayHandler15pushAudioSampleEf,"ax",%progbits
 299              		.align	1
 300              		.global	_ZN14DisplayHandler15pushAudioSampleEf
 301              		.syntax unified
 302              		.thumb
 303              		.thumb_func
 304              		.fpu fpv5-d16
 306              	_ZN14DisplayHandler15pushAudioSampleEf:
 307              	.LVL20:
 308              	.LFB5145:
  48:Display/displayHandler.cpp **** 
  49:Display/displayHandler.cpp **** void DisplayHandler::pushAudioSample(float sample) {
 309              		.loc 2 49 52 is_stmt 1 view -0
 310              		.cfi_startproc
 311              		@ args = 0, pretend = 0, frame = 0
 312              		@ frame_needed = 0, uses_anonymous_args = 0
 313              		@ link register save eliminated.
  50:Display/displayHandler.cpp ****     _circBuffer_ptr[_writeHead] = sample;
 314              		.loc 2 50 5 view .LVU81
 315              		.loc 2 50 21 is_stmt 0 view .LVU82
 316 0000 D0F80C38 		ldr	r3, [r0, #2060]
 317              		.loc 2 50 33 view .LVU83
 318 0004 00EB8302 		add	r2, r0, r3, lsl #2
  51:Display/displayHandler.cpp ****     _writeHead = (_writeHead + 1) % BUFFER_SIZE;
 319              		.loc 2 51 30 view .LVU84
 320 0008 0133     		adds	r3, r3, #1
  50:Display/displayHandler.cpp ****     _circBuffer_ptr[_writeHead] = sample;
 321              		.loc 2 50 33 view .LVU85
 322 000a 82ED020A 		vstr.32	s0, [r2, #8]
 323              		.loc 2 51 5 is_stmt 1 view .LVU86
 324              		.loc 2 51 35 is_stmt 0 view .LVU87
 325 000e 5A42     		rsbs	r2, r3, #0
 326 0010 DBB2     		uxtb	r3, r3
 327 0012 D2B2     		uxtb	r2, r2
 328 0014 58BF     		it	pl
 329 0016 5342     		rsbpl	r3, r2, #0
 330              		.loc 2 51 16 view .LVU88
 331 0018 C0F80C38 		str	r3, [r0, #2060]
  52:Display/displayHandler.cpp **** }
 332              		.loc 2 52 1 view .LVU89
ARM GAS  C:\Users\skipi\AppData\Local\Temp\ccgC1a2T.s 			page 11


 333 001c 7047     		bx	lr
 334              		.cfi_endproc
 335              	.LFE5145:
 337              		.section	.text._ZN14DisplayHandler11findTriggerEv,"ax",%progbits
 338              		.align	1
 339              		.global	_ZN14DisplayHandler11findTriggerEv
 340              		.syntax unified
 341              		.thumb
 342              		.thumb_func
 343              		.fpu fpv5-d16
 345              	_ZN14DisplayHandler11findTriggerEv:
 346              	.LVL21:
 347              	.LFB5146:
  53:Display/displayHandler.cpp **** 
  54:Display/displayHandler.cpp **** int DisplayHandler::findTrigger() {
 348              		.loc 2 54 35 is_stmt 1 view -0
 349              		.cfi_startproc
 350              		@ args = 0, pretend = 0, frame = 0
 351              		@ frame_needed = 0, uses_anonymous_args = 0
  55:Display/displayHandler.cpp ****     float currVal = 0;
 352              		.loc 2 55 5 view .LVU91
  56:Display/displayHandler.cpp ****     float nextVal = 0;
 353              		.loc 2 56 5 view .LVU92
  57:Display/displayHandler.cpp ****     static int trigIdx = 0;
 354              		.loc 2 57 5 view .LVU93
  58:Display/displayHandler.cpp **** 
  59:Display/displayHandler.cpp ****     int oldestSampleIdx = _writeHead + 1;
 355              		.loc 2 59 5 view .LVU94
  60:Display/displayHandler.cpp **** 
  61:Display/displayHandler.cpp ****     if (_triggerEnabled) {
 356              		.loc 2 61 5 view .LVU95
 357              	.LBB17:
 358 0000 90F81038 		ldrb	r3, [r0, #2064]	@ zero_extendqisi2
 359              	.LBE17:
  54:Display/displayHandler.cpp ****     float currVal = 0;
 360              		.loc 2 54 35 is_stmt 0 view .LVU96
 361 0004 30B5     		push	{r4, r5, lr}
 362              		.cfi_def_cfa_offset 12
 363              		.cfi_offset 4, -12
 364              		.cfi_offset 5, -8
 365              		.cfi_offset 14, -4
 366              	.LBB20:
 367              		.loc 2 61 5 view .LVU97
 368 0006 4BB3     		cbz	r3, .L14
 369              	.LBE20:
  59:Display/displayHandler.cpp **** 
 370              		.loc 2 59 9 view .LVU98
 371 0008 D0F80C38 		ldr	r3, [r0, #2060]
 372              	.LBB21:
 373              	.LBB18:
  62:Display/displayHandler.cpp ****         for (int i = oldestSampleIdx; i < oldestSampleIdx + _windowSize; i++) {
 374              		.loc 2 62 59 view .LVU99
 375 000c D0F80828 		ldr	r2, [r0, #2056]
 376              	.LBE18:
 377              	.LBE21:
  59:Display/displayHandler.cpp **** 
 378              		.loc 2 59 9 view .LVU100
ARM GAS  C:\Users\skipi\AppData\Local\Temp\ccgC1a2T.s 			page 12


 379 0010 0133     		adds	r3, r3, #1
 380              	.LBB22:
 381              	.LBB19:
 382              		.loc 2 62 59 view .LVU101
 383 0012 9D18     		adds	r5, r3, r2
 384              	.LVL22:
 385              	.L25:
 386              		.loc 2 62 41 is_stmt 1 discriminator 1 view .LVU102
 387 0014 9D42     		cmp	r5, r3
 388 0016 21DD     		ble	.L14
  63:Display/displayHandler.cpp ****             currVal = _circBuffer_ptr[i % BUFFER_SIZE];
 389              		.loc 2 63 13 view .LVU103
 390              		.loc 2 63 41 is_stmt 0 view .LVU104
 391 0018 5942     		rsbs	r1, r3, #0
 392 001a DAB2     		uxtb	r2, r3
  64:Display/displayHandler.cpp ****             nextVal = _circBuffer_ptr[(i + 1) % BUFFER_SIZE];
 393              		.loc 2 64 42 view .LVU105
 394 001c 03F10103 		add	r3, r3, #1
 395              	.LVL23:
  63:Display/displayHandler.cpp ****             currVal = _circBuffer_ptr[i % BUFFER_SIZE];
 396              		.loc 2 63 41 view .LVU106
 397 0020 C9B2     		uxtb	r1, r1
 398 0022 58BF     		it	pl
 399 0024 4A42     		rsbpl	r2, r1, #0
 400              	.LVL24:
 401              		.loc 2 64 13 is_stmt 1 view .LVU107
  65:Display/displayHandler.cpp ****              
  66:Display/displayHandler.cpp ****             if (currVal < 0.0f && nextVal >= 0.0f) {
 402              		.loc 2 66 13 view .LVU108
  63:Display/displayHandler.cpp ****             nextVal = _circBuffer_ptr[(i + 1) % BUFFER_SIZE];
 403              		.loc 2 63 21 is_stmt 0 view .LVU109
 404 0026 00EB8201 		add	r1, r0, r2, lsl #2
 405              		.loc 2 66 13 view .LVU110
 406 002a D1ED027A 		vldr.32	s15, [r1, #8]
 407 002e F5EEC07A 		vcmpe.f32	s15, #0
 408 0032 F1EE10FA 		vmrs	APSR_nzcv, FPSCR
 409 0036 EDD5     		bpl	.L25
  64:Display/displayHandler.cpp ****             nextVal = _circBuffer_ptr[(i + 1) % BUFFER_SIZE];
 410              		.loc 2 64 47 discriminator 1 view .LVU111
 411 0038 5C42     		rsbs	r4, r3, #0
 412 003a D9B2     		uxtb	r1, r3
 413 003c E4B2     		uxtb	r4, r4
 414 003e 58BF     		it	pl
 415 0040 6142     		rsbpl	r1, r4, #0
  64:Display/displayHandler.cpp ****             nextVal = _circBuffer_ptr[(i + 1) % BUFFER_SIZE];
 416              		.loc 2 64 21 discriminator 1 view .LVU112
 417 0042 00EB8101 		add	r1, r0, r1, lsl #2
 418              		.loc 2 66 32 discriminator 1 view .LVU113
 419 0046 D1ED027A 		vldr.32	s15, [r1, #8]
 420 004a F5EEC07A 		vcmpe.f32	s15, #0
 421 004e F1EE10FA 		vmrs	APSR_nzcv, FPSCR
 422 0052 DFDB     		blt	.L25
  67:Display/displayHandler.cpp ****                 trigIdx = i % BUFFER_SIZE;
 423              		.loc 2 67 17 is_stmt 1 view .LVU114
 424              		.loc 2 67 25 is_stmt 0 view .LVU115
 425 0054 034B     		ldr	r3, .L26
 426              	.LVL25:
ARM GAS  C:\Users\skipi\AppData\Local\Temp\ccgC1a2T.s 			page 13


 427              		.loc 2 67 25 view .LVU116
 428 0056 1A60     		str	r2, [r3]
  68:Display/displayHandler.cpp ****                 return trigIdx; 
 429              		.loc 2 68 17 is_stmt 1 view .LVU117
 430              	.LVL26:
 431              	.L13:
 432              		.loc 2 68 17 is_stmt 0 view .LVU118
 433              	.LBE19:
 434              	.LBE22:
  69:Display/displayHandler.cpp ****             }
  70:Display/displayHandler.cpp ****         }
  71:Display/displayHandler.cpp ****     }           
  72:Display/displayHandler.cpp ****     return trigIdx;
  73:Display/displayHandler.cpp **** }
 435              		.loc 2 73 1 view .LVU119
 436 0058 1046     		mov	r0, r2
 437              	.LVL27:
 438              		.loc 2 73 1 view .LVU120
 439 005a 30BD     		pop	{r4, r5, pc}
 440              	.LVL28:
 441              	.L14:
  72:Display/displayHandler.cpp **** }
 442              		.loc 2 72 5 is_stmt 1 view .LVU121
  72:Display/displayHandler.cpp **** }
 443              		.loc 2 72 12 is_stmt 0 view .LVU122
 444 005c 014B     		ldr	r3, .L26
 445 005e 1A68     		ldr	r2, [r3]
 446 0060 FAE7     		b	.L13
 447              	.L27:
 448 0062 00BF     		.align	2
 449              	.L26:
 450 0064 00000000 		.word	.LANCHOR0
 451              		.cfi_endproc
 452              	.LFE5146:
 454              		.section	.text._ZN14DisplayHandler12drawWaveFormEv,"ax",%progbits
 455              		.align	1
 456              		.global	_ZN14DisplayHandler12drawWaveFormEv
 457              		.syntax unified
 458              		.thumb
 459              		.thumb_func
 460              		.fpu fpv5-d16
 462              	_ZN14DisplayHandler12drawWaveFormEv:
 463              	.LVL29:
 464              	.LFB5147:
  74:Display/displayHandler.cpp **** 
  75:Display/displayHandler.cpp **** void DisplayHandler::drawWaveForm() {
 465              		.loc 2 75 37 is_stmt 1 view -0
 466              		.cfi_startproc
 467              		@ args = 0, pretend = 0, frame = 0
 468              		@ frame_needed = 0, uses_anonymous_args = 0
  76:Display/displayHandler.cpp ****     int zeroOfScreen = 32; 
 469              		.loc 2 76 5 view .LVU124
  77:Display/displayHandler.cpp ****     int y1, y2;
 470              		.loc 2 77 5 view .LVU125
  78:Display/displayHandler.cpp ****     int idx = 0;
 471              		.loc 2 78 5 view .LVU126
  79:Display/displayHandler.cpp **** 
ARM GAS  C:\Users\skipi\AppData\Local\Temp\ccgC1a2T.s 			page 14


  80:Display/displayHandler.cpp ****     _displayPtr->SetCursor(0, zeroOfScreen);
 472              		.loc 2 80 5 view .LVU127
  75:Display/displayHandler.cpp ****     int zeroOfScreen = 32; 
 473              		.loc 2 75 37 is_stmt 0 view .LVU128
 474 0000 2DE9F341 		push	{r0, r1, r4, r5, r6, r7, r8, lr}
 475              		.cfi_def_cfa_offset 32
 476              		.cfi_offset 4, -24
 477              		.cfi_offset 5, -20
 478              		.cfi_offset 6, -16
 479              		.cfi_offset 7, -12
 480              		.cfi_offset 8, -8
 481              		.cfi_offset 14, -4
  75:Display/displayHandler.cpp ****     int zeroOfScreen = 32; 
 482              		.loc 2 75 37 view .LVU129
 483 0004 0546     		mov	r5, r0
 484              		.loc 2 80 27 view .LVU130
 485 0006 2022     		movs	r2, #32
 486 0008 0021     		movs	r1, #0
 487 000a 0068     		ldr	r0, [r0]
 488              	.LVL30:
 489              		.loc 2 80 27 view .LVU131
 490 000c FFF7FEFF 		bl	_ZN5daisy21OneBitGraphicsDisplay9SetCursorEtt
 491              	.LVL31:
  81:Display/displayHandler.cpp ****     _displayPtr->Fill(false);
 492              		.loc 2 81 5 is_stmt 1 view .LVU132
 493 0010 2868     		ldr	r0, [r5]
 494              		.loc 2 81 22 is_stmt 0 view .LVU133
 495 0012 0021     		movs	r1, #0
 496              		.loc 2 81 28 view .LVU134
 497 0014 0368     		ldr	r3, [r0]
 498              		.loc 2 81 22 view .LVU135
 499 0016 1B69     		ldr	r3, [r3, #16]
 500 0018 9847     		blx	r3
 501              	.LVL32:
  82:Display/displayHandler.cpp **** 
  83:Display/displayHandler.cpp ****     idx = findTrigger();
 502              		.loc 2 83 5 is_stmt 1 view .LVU136
 503              		.loc 2 83 22 is_stmt 0 view .LVU137
 504 001a 2846     		mov	r0, r5
 505 001c FFF7FEFF 		bl	_ZN14DisplayHandler11findTriggerEv
 506              	.LVL33:
 507 0020 0021     		movs	r1, #0
 508 0022 0746     		mov	r7, r0
 509              	.LVL34:
  84:Display/displayHandler.cpp ****     
  85:Display/displayHandler.cpp ****     for (int i = idx; i < idx + _windowSize; i++) {
 510              		.loc 2 85 5 is_stmt 1 view .LVU138
 511              	.LBB23:
 512              		.loc 2 85 14 is_stmt 0 view .LVU139
 513 0024 0646     		mov	r6, r0
 514              	.LVL35:
 515              	.L30:
 516              		.loc 2 85 25 is_stmt 1 discriminator 1 view .LVU140
 517              		.loc 2 85 31 is_stmt 0 discriminator 1 view .LVU141
 518 0026 D5F80838 		ldr	r3, [r5, #2056]
 519              		.loc 2 85 25 discriminator 1 view .LVU142
 520 002a 01F10108 		add	r8, r1, #1
ARM GAS  C:\Users\skipi\AppData\Local\Temp\ccgC1a2T.s 			page 15


 521              		.loc 2 85 31 discriminator 1 view .LVU143
 522 002e 3B44     		add	r3, r3, r7
 523              		.loc 2 85 25 discriminator 1 view .LVU144
 524 0030 B342     		cmp	r3, r6
 525 0032 39DD     		ble	.L28
  86:Display/displayHandler.cpp ****         y1 = zeroOfScreen - (int)(_circBuffer_ptr[i % BUFFER_SIZE] * _yscale);
 526              		.loc 2 86 9 is_stmt 1 view .LVU145
 527              		.loc 2 86 53 is_stmt 0 view .LVU146
 528 0034 7242     		rsbs	r2, r6, #0
 529              		.loc 2 86 68 view .LVU147
 530 0036 D5F81838 		ldr	r3, [r5, #2072]
  87:Display/displayHandler.cpp ****         y2 = zeroOfScreen - (int)(_circBuffer_ptr[(i + 1) % BUFFER_SIZE] * _yscale);
  88:Display/displayHandler.cpp ****         
  89:Display/displayHandler.cpp ****         if (y1 < 0) { y1 = 0; } 
  90:Display/displayHandler.cpp ****         if (y1 > 63) { y1 = 63; }
  91:Display/displayHandler.cpp ****         if (y2 < 0) { y2 = 0; } 
  92:Display/displayHandler.cpp ****         if (y2 > 63) { y2 = 63; }
  93:Display/displayHandler.cpp **** 
  94:Display/displayHandler.cpp ****         _displayPtr->DrawLine(i - idx, y1, (i + 1) - idx, y2, true);
 531              		.loc 2 94 9 view .LVU148
 532 003a 2868     		ldr	r0, [r5]
 533              		.loc 2 94 30 view .LVU149
 534 003c 4FF0010C 		mov	ip, #1
  86:Display/displayHandler.cpp ****         y1 = zeroOfScreen - (int)(_circBuffer_ptr[i % BUFFER_SIZE] * _yscale);
 535              		.loc 2 86 53 view .LVU150
 536 0040 D2B2     		uxtb	r2, r2
  86:Display/displayHandler.cpp ****         y1 = zeroOfScreen - (int)(_circBuffer_ptr[i % BUFFER_SIZE] * _yscale);
 537              		.loc 2 86 68 view .LVU151
 538 0042 07EE903A 		vmov	s15, r3	@ int
  86:Display/displayHandler.cpp ****         y1 = zeroOfScreen - (int)(_circBuffer_ptr[i % BUFFER_SIZE] * _yscale);
 539              		.loc 2 86 53 view .LVU152
 540 0046 F3B2     		uxtb	r3, r6
  87:Display/displayHandler.cpp ****         y2 = zeroOfScreen - (int)(_circBuffer_ptr[(i + 1) % BUFFER_SIZE] * _yscale);
 541              		.loc 2 87 54 view .LVU153
 542 0048 06F10106 		add	r6, r6, #1
 543              	.LVL36:
  86:Display/displayHandler.cpp ****         y1 = zeroOfScreen - (int)(_circBuffer_ptr[i % BUFFER_SIZE] * _yscale);
 544              		.loc 2 86 53 view .LVU154
 545 004c 58BF     		it	pl
 546 004e 5342     		rsbpl	r3, r2, #0
  86:Display/displayHandler.cpp ****         y1 = zeroOfScreen - (int)(_circBuffer_ptr[i % BUFFER_SIZE] * _yscale);
 547              		.loc 2 86 68 view .LVU155
 548 0050 F8EEE77A 		vcvt.f32.s32	s15, s15
  87:Display/displayHandler.cpp ****         y2 = zeroOfScreen - (int)(_circBuffer_ptr[(i + 1) % BUFFER_SIZE] * _yscale);
 549              		.loc 2 87 59 view .LVU156
 550 0054 F4B2     		uxtb	r4, r6
  86:Display/displayHandler.cpp ****         y1 = zeroOfScreen - (int)(_circBuffer_ptr[i % BUFFER_SIZE] * _yscale);
 551              		.loc 2 86 66 view .LVU157
 552 0056 05EB8303 		add	r3, r5, r3, lsl #2
  86:Display/displayHandler.cpp ****         y1 = zeroOfScreen - (int)(_circBuffer_ptr[i % BUFFER_SIZE] * _yscale);
 553              		.loc 2 86 68 view .LVU158
 554 005a 93ED027A 		vldr.32	s14, [r3, #8]
  87:Display/displayHandler.cpp ****         y2 = zeroOfScreen - (int)(_circBuffer_ptr[(i + 1) % BUFFER_SIZE] * _yscale);
 555              		.loc 2 87 59 view .LVU159
 556 005e 7342     		rsbs	r3, r6, #0
  86:Display/displayHandler.cpp ****         y1 = zeroOfScreen - (int)(_circBuffer_ptr[i % BUFFER_SIZE] * _yscale);
 557              		.loc 2 86 68 view .LVU160
ARM GAS  C:\Users\skipi\AppData\Local\Temp\ccgC1a2T.s 			page 16


 558 0060 27EE877A 		vmul.f32	s14, s15, s14
  87:Display/displayHandler.cpp ****         y2 = zeroOfScreen - (int)(_circBuffer_ptr[(i + 1) % BUFFER_SIZE] * _yscale);
 559              		.loc 2 87 59 view .LVU161
 560 0064 DBB2     		uxtb	r3, r3
 561 0066 58BF     		it	pl
 562 0068 5C42     		rsbpl	r4, r3, #0
 563              		.loc 2 94 67 view .LVU162
 564 006a 0368     		ldr	r3, [r0]
  86:Display/displayHandler.cpp ****         y1 = zeroOfScreen - (int)(_circBuffer_ptr[i % BUFFER_SIZE] * _yscale);
 565              		.loc 2 86 29 view .LVU163
 566 006c BDEEC77A 		vcvt.s32.f32	s14, s14
  87:Display/displayHandler.cpp ****         y2 = zeroOfScreen - (int)(_circBuffer_ptr[(i + 1) % BUFFER_SIZE] * _yscale);
 567              		.loc 2 87 72 view .LVU164
 568 0070 05EB8404 		add	r4, r5, r4, lsl #2
  86:Display/displayHandler.cpp ****         y1 = zeroOfScreen - (int)(_circBuffer_ptr[i % BUFFER_SIZE] * _yscale);
 569              		.loc 2 86 29 view .LVU165
 570 0074 17EE102A 		vmov	r2, s14	@ int
  87:Display/displayHandler.cpp ****         y2 = zeroOfScreen - (int)(_circBuffer_ptr[(i + 1) % BUFFER_SIZE] * _yscale);
 571              		.loc 2 87 74 view .LVU166
 572 0078 94ED027A 		vldr.32	s14, [r4, #8]
 573              		.loc 2 94 30 view .LVU167
 574 007c CDF804C0 		str	ip, [sp, #4]
  87:Display/displayHandler.cpp ****         y2 = zeroOfScreen - (int)(_circBuffer_ptr[(i + 1) % BUFFER_SIZE] * _yscale);
 575              		.loc 2 87 74 view .LVU168
 576 0080 67EE877A 		vmul.f32	s15, s15, s14
  86:Display/displayHandler.cpp ****         y1 = zeroOfScreen - (int)(_circBuffer_ptr[i % BUFFER_SIZE] * _yscale);
 577              		.loc 2 86 12 view .LVU169
 578 0084 C2F12002 		rsb	r2, r2, #32
 579              	.LVL37:
  87:Display/displayHandler.cpp ****         y2 = zeroOfScreen - (int)(_circBuffer_ptr[(i + 1) % BUFFER_SIZE] * _yscale);
 580              		.loc 2 87 9 is_stmt 1 view .LVU170
  89:Display/displayHandler.cpp ****         if (y1 > 63) { y1 = 63; }
 581              		.loc 2 89 9 view .LVU171
  91:Display/displayHandler.cpp ****         if (y2 > 63) { y2 = 63; }
 582              		.loc 2 91 9 view .LVU172
 583              		.loc 2 94 30 is_stmt 0 view .LVU173
 584 0088 82F30602 		usat	r2, #6, r2
 585              	.LVL38:
  87:Display/displayHandler.cpp ****         y2 = zeroOfScreen - (int)(_circBuffer_ptr[(i + 1) % BUFFER_SIZE] * _yscale);
 586              		.loc 2 87 29 view .LVU174
 587 008c FDEEE77A 		vcvt.s32.f32	s15, s15
 588 0090 17EE904A 		vmov	r4, s15	@ int
  87:Display/displayHandler.cpp ****         y2 = zeroOfScreen - (int)(_circBuffer_ptr[(i + 1) % BUFFER_SIZE] * _yscale);
 589              		.loc 2 87 12 view .LVU175
 590 0094 C4F12004 		rsb	r4, r4, #32
 591              	.LVL39:
 592              		.loc 2 94 9 is_stmt 1 view .LVU176
 593              		.loc 2 94 30 is_stmt 0 view .LVU177
 594 0098 84F30604 		usat	r4, #6, r4
 595              	.LVL40:
 596              		.loc 2 94 30 view .LVU178
 597 009c 0094     		str	r4, [sp]
 598 009e 9C69     		ldr	r4, [r3, #24]
 599              	.LVL41:
 600              		.loc 2 94 30 view .LVU179
 601 00a0 4346     		mov	r3, r8
 602 00a2 A047     		blx	r4
ARM GAS  C:\Users\skipi\AppData\Local\Temp\ccgC1a2T.s 			page 17


 603              	.LVL42:
  85:Display/displayHandler.cpp ****         y1 = zeroOfScreen - (int)(_circBuffer_ptr[i % BUFFER_SIZE] * _yscale);
 604              		.loc 2 85 5 is_stmt 1 view .LVU180
  85:Display/displayHandler.cpp ****         y1 = zeroOfScreen - (int)(_circBuffer_ptr[i % BUFFER_SIZE] * _yscale);
 605              		.loc 2 85 5 is_stmt 0 view .LVU181
 606 00a4 4146     		mov	r1, r8
 607 00a6 BEE7     		b	.L30
 608              	.L28:
  85:Display/displayHandler.cpp ****         y1 = zeroOfScreen - (int)(_circBuffer_ptr[i % BUFFER_SIZE] * _yscale);
 609              		.loc 2 85 5 view .LVU182
 610              	.LBE23:
  95:Display/displayHandler.cpp ****     }   
  96:Display/displayHandler.cpp **** }
 611              		.loc 2 96 1 view .LVU183
 612 00a8 02B0     		add	sp, sp, #8
 613              		.cfi_def_cfa_offset 24
 614              		@ sp needed
 615 00aa BDE8F081 		pop	{r4, r5, r6, r7, r8, pc}
 616              		.loc 2 96 1 view .LVU184
 617              		.cfi_endproc
 618              	.LFE5147:
 620              		.section	.text._ZN14DisplayHandler9SetYscaleEi,"ax",%progbits
 621              		.align	1
 622              		.global	_ZN14DisplayHandler9SetYscaleEi
 623              		.syntax unified
 624              		.thumb
 625              		.thumb_func
 626              		.fpu fpv5-d16
 628              	_ZN14DisplayHandler9SetYscaleEi:
 629              	.LVL43:
 630              	.LFB5148:
  97:Display/displayHandler.cpp **** 
  98:Display/displayHandler.cpp **** void DisplayHandler::SetYscale(int yscale){
 631              		.loc 2 98 43 is_stmt 1 view -0
 632              		.cfi_startproc
 633              		@ args = 0, pretend = 0, frame = 0
 634              		@ frame_needed = 0, uses_anonymous_args = 0
 635              		@ link register save eliminated.
  99:Display/displayHandler.cpp ****     _yscale=yscale;
 636              		.loc 2 99 5 view .LVU186
 637              		.loc 2 99 12 is_stmt 0 view .LVU187
 638 0000 C0F81818 		str	r1, [r0, #2072]
 100:Display/displayHandler.cpp **** }
 639              		.loc 2 100 1 view .LVU188
 640 0004 7047     		bx	lr
 641              		.cfi_endproc
 642              	.LFE5148:
 644              		.section	.text._ZN14DisplayHandler17drawStandbyScreenEv,"ax",%progbits
 645              		.align	1
 646              		.global	_ZN14DisplayHandler17drawStandbyScreenEv
 647              		.syntax unified
 648              		.thumb
 649              		.thumb_func
 650              		.fpu fpv5-d16
 652              	_ZN14DisplayHandler17drawStandbyScreenEv:
 653              	.LVL44:
 654              	.LFB5149:
ARM GAS  C:\Users\skipi\AppData\Local\Temp\ccgC1a2T.s 			page 18


 101:Display/displayHandler.cpp **** 
 102:Display/displayHandler.cpp **** void DisplayHandler::drawStandbyScreen(){
 655              		.loc 2 102 41 is_stmt 1 view -0
 656              		.cfi_startproc
 657              		@ args = 0, pretend = 0, frame = 0
 658              		@ frame_needed = 0, uses_anonymous_args = 0
 103:Display/displayHandler.cpp ****     _displayPtr->SetCursor(0,0);
 659              		.loc 2 103 5 view .LVU190
 102:Display/displayHandler.cpp ****     _displayPtr->SetCursor(0,0);
 660              		.loc 2 102 41 is_stmt 0 view .LVU191
 661 0000 37B5     		push	{r0, r1, r2, r4, r5, lr}
 662              		.cfi_def_cfa_offset 24
 663              		.cfi_offset 4, -12
 664              		.cfi_offset 5, -8
 665              		.cfi_offset 14, -4
 666              		.loc 2 103 27 view .LVU192
 667 0002 0022     		movs	r2, #0
 102:Display/displayHandler.cpp ****     _displayPtr->SetCursor(0,0);
 668              		.loc 2 102 41 view .LVU193
 669 0004 0446     		mov	r4, r0
 670              		.loc 2 103 27 view .LVU194
 671 0006 0068     		ldr	r0, [r0]
 672              	.LVL45:
 673              		.loc 2 103 27 view .LVU195
 674 0008 1146     		mov	r1, r2
 675 000a FFF7FEFF 		bl	_ZN5daisy21OneBitGraphicsDisplay9SetCursorEtt
 676              	.LVL46:
 104:Display/displayHandler.cpp ****     _displayPtr->WriteString(_standbyText, Font_11x18, true);
 677              		.loc 2 104 5 is_stmt 1 view .LVU196
 678 000e 2068     		ldr	r0, [r4]
 679              		.loc 2 104 29 is_stmt 0 view .LVU197
 680 0010 0121     		movs	r1, #1
 681 0012 054B     		ldr	r3, .L33
 682              		.loc 2 104 60 view .LVU198
 683 0014 0268     		ldr	r2, [r0]
 684              		.loc 2 104 29 view .LVU199
 685 0016 0091     		str	r1, [sp]
 686 0018 D4F81418 		ldr	r1, [r4, #2068]
 687 001c 956A     		ldr	r5, [r2, #40]
 688 001e 0CCB     		ldm	r3, {r2, r3}
 689 0020 A847     		blx	r5
 690              	.LVL47:
 105:Display/displayHandler.cpp **** }
 691              		.loc 2 105 1 view .LVU200
 692 0022 03B0     		add	sp, sp, #12
 693              		.cfi_def_cfa_offset 12
 694              		@ sp needed
 695 0024 30BD     		pop	{r4, r5, pc}
 696              	.LVL48:
 697              	.L34:
 698              		.loc 2 105 1 view .LVU201
 699 0026 00BF     		.align	2
 700              	.L33:
 701 0028 00000000 		.word	Font_11x18
 702              		.cfi_endproc
 703              	.LFE5149:
 705              		.section	.text._ZN14DisplayHandler6UpdateEv,"ax",%progbits
ARM GAS  C:\Users\skipi\AppData\Local\Temp\ccgC1a2T.s 			page 19


 706              		.align	1
 707              		.global	_ZN14DisplayHandler6UpdateEv
 708              		.syntax unified
 709              		.thumb
 710              		.thumb_func
 711              		.fpu fpv5-d16
 713              	_ZN14DisplayHandler6UpdateEv:
 714              	.LVL49:
 715              	.LFB5142:
  18:Display/displayHandler.cpp ****     switch (_currentState) {
 716              		.loc 2 18 31 is_stmt 1 view -0
 717              		.cfi_startproc
 718              		@ args = 0, pretend = 0, frame = 0
 719              		@ frame_needed = 0, uses_anonymous_args = 0
  19:Display/displayHandler.cpp ****         case DisplayState::STANDBY:
 720              		.loc 2 19 5 view .LVU203
  19:Display/displayHandler.cpp ****         case DisplayState::STANDBY:
 721              		.loc 2 19 13 is_stmt 0 view .LVU204
 722 0000 0379     		ldrb	r3, [r0, #4]	@ zero_extendqisi2
  18:Display/displayHandler.cpp ****     switch (_currentState) {
 723              		.loc 2 18 31 view .LVU205
 724 0002 10B5     		push	{r4, lr}
 725              		.cfi_def_cfa_offset 8
 726              		.cfi_offset 4, -8
 727              		.cfi_offset 14, -4
  18:Display/displayHandler.cpp ****     switch (_currentState) {
 728              		.loc 2 18 31 view .LVU206
 729 0004 0446     		mov	r4, r0
  19:Display/displayHandler.cpp ****         case DisplayState::STANDBY:
 730              		.loc 2 19 5 view .LVU207
 731 0006 3BB1     		cbz	r3, .L36
 732 0008 012B     		cmp	r3, #1
 733 000a 08D0     		beq	.L37
 734              	.LVL50:
 735              	.L38:
  32:Display/displayHandler.cpp **** }
 736              		.loc 2 32 5 is_stmt 1 view .LVU208
 737 000c 2068     		ldr	r0, [r4]
  32:Display/displayHandler.cpp **** }
 738              		.loc 2 32 25 is_stmt 0 view .LVU209
 739 000e 0368     		ldr	r3, [r0]
  33:Display/displayHandler.cpp **** 
 740              		.loc 2 33 1 view .LVU210
 741 0010 BDE81040 		pop	{r4, lr}
 742              		.cfi_remember_state
 743              		.cfi_restore 14
 744              		.cfi_restore 4
 745              		.cfi_def_cfa_offset 0
 746              	.LVL51:
  32:Display/displayHandler.cpp **** }
 747              		.loc 2 32 24 view .LVU211
 748 0014 1B6B     		ldr	r3, [r3, #48]
 749 0016 1847     		bx	r3	@ indirect register sibling call
 750              	.LVL52:
 751              	.L36:
 752              		.cfi_restore_state
  20:Display/displayHandler.cpp ****             drawStandbyScreen();
ARM GAS  C:\Users\skipi\AppData\Local\Temp\ccgC1a2T.s 			page 20


 753              		.loc 2 20 9 is_stmt 1 view .LVU212
  21:Display/displayHandler.cpp ****             break;
 754              		.loc 2 21 13 view .LVU213
  21:Display/displayHandler.cpp ****             break;
 755              		.loc 2 21 30 is_stmt 0 view .LVU214
 756 0018 FFF7FEFF 		bl	_ZN14DisplayHandler17drawStandbyScreenEv
 757              	.LVL53:
  22:Display/displayHandler.cpp **** 
 758              		.loc 2 22 13 is_stmt 1 view .LVU215
 759 001c F6E7     		b	.L38
 760              	.LVL54:
 761              	.L37:
  24:Display/displayHandler.cpp ****             drawWaveForm();
 762              		.loc 2 24 9 view .LVU216
  25:Display/displayHandler.cpp ****             break;
 763              		.loc 2 25 13 view .LVU217
  25:Display/displayHandler.cpp ****             break;
 764              		.loc 2 25 25 is_stmt 0 view .LVU218
 765 001e FFF7FEFF 		bl	_ZN14DisplayHandler12drawWaveFormEv
 766              	.LVL55:
  26:Display/displayHandler.cpp **** 
 767              		.loc 2 26 13 is_stmt 1 view .LVU219
 768 0022 F3E7     		b	.L38
 769              		.cfi_endproc
 770              	.LFE5142:
 772              		.section	.rodata._ZN14DisplayHandler12DrawMainMenuEi.str1.1,"aMS",%progbits,1
 773              	.LC1:
 774 0000 2D204D41 		.ascii	"- MAIN MENU -\000"
 774      494E204D 
 774      454E5520 
 774      2D00
 775              	.LC2:
 776 000e 43616C69 		.ascii	"Calibration\000"
 776      62726174 
 776      696F6E00 
 777              	.LC3:
 778 001a 5363616C 		.ascii	"Scales\000"
 778      657300
 779              	.LC4:
 780 0021 50726573 		.ascii	"Presets\000"
 780      65747300 
 781              	.LC5:
 782 0029 53617665 		.ascii	"Save/load configs\000"
 782      2F6C6F61 
 782      6420636F 
 782      6E666967 
 782      7300
 783              	.LC6:
 784 003b 45786974 		.ascii	"Exit\000"
 784      00
 785              	.LC7:
 786 0040 3E00     		.ascii	">\000"
 787              		.section	.text._ZN14DisplayHandler12DrawMainMenuEi,"ax",%progbits
 788              		.align	1
 789              		.global	_ZN14DisplayHandler12DrawMainMenuEi
 790              		.syntax unified
 791              		.thumb
ARM GAS  C:\Users\skipi\AppData\Local\Temp\ccgC1a2T.s 			page 21


 792              		.thumb_func
 793              		.fpu fpv5-d16
 795              	_ZN14DisplayHandler12DrawMainMenuEi:
 796              	.LVL56:
 797              	.LFB5150:
 106:Display/displayHandler.cpp **** 
 107:Display/displayHandler.cpp **** // ============================================================================
 108:Display/displayHandler.cpp **** // METODI PUBBLICI PER IL MENU (SPAZIATURA OTTIMIZZATA PER 64PX)
 109:Display/displayHandler.cpp **** // ============================================================================
 110:Display/displayHandler.cpp **** 
 111:Display/displayHandler.cpp **** void DisplayHandler::DrawMainMenu(int cursorIndex) {
 798              		.loc 2 111 52 view -0
 799              		.cfi_startproc
 800              		@ args = 0, pretend = 0, frame = 0
 801              		@ frame_needed = 0, uses_anonymous_args = 0
 112:Display/displayHandler.cpp ****     _displayPtr->Fill(false);
 802              		.loc 2 112 5 view .LVU221
 111:Display/displayHandler.cpp ****     _displayPtr->Fill(false);
 803              		.loc 2 111 52 is_stmt 0 view .LVU222
 804 0000 2DE9F341 		push	{r0, r1, r4, r5, r6, r7, r8, lr}
 805              		.cfi_def_cfa_offset 32
 806              		.cfi_offset 4, -24
 807              		.cfi_offset 5, -20
 808              		.cfi_offset 6, -16
 809              		.cfi_offset 7, -12
 810              		.cfi_offset 8, -8
 811              		.cfi_offset 14, -4
 111:Display/displayHandler.cpp ****     _displayPtr->Fill(false);
 812              		.loc 2 111 52 view .LVU223
 813 0004 0446     		mov	r4, r0
 814              		.loc 2 112 5 view .LVU224
 815 0006 0068     		ldr	r0, [r0]
 816              	.LVL57:
 111:Display/displayHandler.cpp ****     _displayPtr->Fill(false);
 817              		.loc 2 111 52 view .LVU225
 818 0008 0F46     		mov	r7, r1
 819              		.loc 2 112 22 view .LVU226
 820 000a 0021     		movs	r1, #0
 821              	.LVL58:
 822              		.loc 2 112 28 view .LVU227
 823 000c 0368     		ldr	r3, [r0]
 113:Display/displayHandler.cpp ****     
 114:Display/displayHandler.cpp ****     _displayPtr->SetCursor(0, 0);
 115:Display/displayHandler.cpp ****     _displayPtr->WriteString("- MAIN MENU -", Font_7x10, true);
 824              		.loc 2 115 29 view .LVU228
 825 000e 0126     		movs	r6, #1
 826 0010 344D     		ldr	r5, .L40
 112:Display/displayHandler.cpp ****     
 827              		.loc 2 112 22 view .LVU229
 828 0012 1B69     		ldr	r3, [r3, #16]
 829 0014 9847     		blx	r3
 830              	.LVL59:
 114:Display/displayHandler.cpp ****     _displayPtr->WriteString("- MAIN MENU -", Font_7x10, true);
 831              		.loc 2 114 5 is_stmt 1 view .LVU230
 114:Display/displayHandler.cpp ****     _displayPtr->WriteString("- MAIN MENU -", Font_7x10, true);
 832              		.loc 2 114 27 is_stmt 0 view .LVU231
 833 0016 0022     		movs	r2, #0
ARM GAS  C:\Users\skipi\AppData\Local\Temp\ccgC1a2T.s 			page 22


 834 0018 2068     		ldr	r0, [r4]
 835 001a 1146     		mov	r1, r2
 836 001c FFF7FEFF 		bl	_ZN5daisy21OneBitGraphicsDisplay9SetCursorEtt
 837              	.LVL60:
 838              		.loc 2 115 5 is_stmt 1 view .LVU232
 839 0020 2068     		ldr	r0, [r4]
 840              		.loc 2 115 29 is_stmt 0 view .LVU233
 841 0022 3149     		ldr	r1, .L40+4
 842              		.loc 2 115 62 view .LVU234
 843 0024 0368     		ldr	r3, [r0]
 844              		.loc 2 115 29 view .LVU235
 845 0026 0096     		str	r6, [sp]
 846 0028 D3F82880 		ldr	r8, [r3, #40]
 847 002c 95E80C00 		ldm	r5, {r2, r3}
 848 0030 C047     		blx	r8
 849              	.LVL61:
 116:Display/displayHandler.cpp **** 
 117:Display/displayHandler.cpp ****     _displayPtr->SetCursor(10, 13); _displayPtr->WriteString("Calibration", Font_7x10, true);
 850              		.loc 2 117 5 is_stmt 1 view .LVU236
 851              		.loc 2 117 27 is_stmt 0 view .LVU237
 852 0032 2068     		ldr	r0, [r4]
 853 0034 0D22     		movs	r2, #13
 854 0036 0A21     		movs	r1, #10
 855 0038 FFF7FEFF 		bl	_ZN5daisy21OneBitGraphicsDisplay9SetCursorEtt
 856              	.LVL62:
 857              		.loc 2 117 37 is_stmt 1 view .LVU238
 858 003c 2068     		ldr	r0, [r4]
 859              		.loc 2 117 61 is_stmt 0 view .LVU239
 860 003e 2B49     		ldr	r1, .L40+8
 861              		.loc 2 117 92 view .LVU240
 862 0040 0368     		ldr	r3, [r0]
 863              		.loc 2 117 61 view .LVU241
 864 0042 0096     		str	r6, [sp]
 865 0044 D3F82880 		ldr	r8, [r3, #40]
 866 0048 95E80C00 		ldm	r5, {r2, r3}
 867 004c C047     		blx	r8
 868              	.LVL63:
 118:Display/displayHandler.cpp ****     _displayPtr->SetCursor(10, 23); _displayPtr->WriteString("Scales", Font_7x10, true);
 869              		.loc 2 118 5 is_stmt 1 view .LVU242
 870              		.loc 2 118 27 is_stmt 0 view .LVU243
 871 004e 2068     		ldr	r0, [r4]
 872 0050 1722     		movs	r2, #23
 873 0052 0A21     		movs	r1, #10
 874 0054 FFF7FEFF 		bl	_ZN5daisy21OneBitGraphicsDisplay9SetCursorEtt
 875              	.LVL64:
 876              		.loc 2 118 37 is_stmt 1 view .LVU244
 877 0058 2068     		ldr	r0, [r4]
 878              		.loc 2 118 61 is_stmt 0 view .LVU245
 879 005a 2549     		ldr	r1, .L40+12
 880              		.loc 2 118 87 view .LVU246
 881 005c 0368     		ldr	r3, [r0]
 882              		.loc 2 118 61 view .LVU247
 883 005e 0096     		str	r6, [sp]
 884 0060 D3F82880 		ldr	r8, [r3, #40]
 885 0064 95E80C00 		ldm	r5, {r2, r3}
 886 0068 C047     		blx	r8
 887              	.LVL65:
ARM GAS  C:\Users\skipi\AppData\Local\Temp\ccgC1a2T.s 			page 23


 119:Display/displayHandler.cpp ****     _displayPtr->SetCursor(10, 33); _displayPtr->WriteString("Presets", Font_7x10, true);
 888              		.loc 2 119 5 is_stmt 1 view .LVU248
 889              		.loc 2 119 27 is_stmt 0 view .LVU249
 890 006a 2068     		ldr	r0, [r4]
 891 006c 2122     		movs	r2, #33
 892 006e 0A21     		movs	r1, #10
 893 0070 FFF7FEFF 		bl	_ZN5daisy21OneBitGraphicsDisplay9SetCursorEtt
 894              	.LVL66:
 895              		.loc 2 119 37 is_stmt 1 view .LVU250
 896 0074 2068     		ldr	r0, [r4]
 897              		.loc 2 119 61 is_stmt 0 view .LVU251
 898 0076 1F49     		ldr	r1, .L40+16
 899              		.loc 2 119 88 view .LVU252
 900 0078 0368     		ldr	r3, [r0]
 901              		.loc 2 119 61 view .LVU253
 902 007a 0096     		str	r6, [sp]
 903 007c D3F82880 		ldr	r8, [r3, #40]
 904 0080 95E80C00 		ldm	r5, {r2, r3}
 905 0084 C047     		blx	r8
 906              	.LVL67:
 120:Display/displayHandler.cpp ****     _displayPtr->SetCursor(10, 43); _displayPtr->WriteString("Save/load configs", Font_7x10, true);
 907              		.loc 2 120 5 is_stmt 1 view .LVU254
 908              		.loc 2 120 27 is_stmt 0 view .LVU255
 909 0086 2068     		ldr	r0, [r4]
 910 0088 2B22     		movs	r2, #43
 911 008a 0A21     		movs	r1, #10
 912 008c FFF7FEFF 		bl	_ZN5daisy21OneBitGraphicsDisplay9SetCursorEtt
 913              	.LVL68:
 914              		.loc 2 120 37 is_stmt 1 view .LVU256
 915 0090 2068     		ldr	r0, [r4]
 916              		.loc 2 120 61 is_stmt 0 view .LVU257
 917 0092 1949     		ldr	r1, .L40+20
 918              		.loc 2 120 98 view .LVU258
 919 0094 0368     		ldr	r3, [r0]
 920              		.loc 2 120 61 view .LVU259
 921 0096 0096     		str	r6, [sp]
 922 0098 D3F82880 		ldr	r8, [r3, #40]
 923 009c 95E80C00 		ldm	r5, {r2, r3}
 924 00a0 C047     		blx	r8
 925              	.LVL69:
 121:Display/displayHandler.cpp ****     _displayPtr->SetCursor(10, 53); _displayPtr->WriteString("Exit", Font_7x10, true);
 926              		.loc 2 121 5 is_stmt 1 view .LVU260
 927              		.loc 2 121 27 is_stmt 0 view .LVU261
 928 00a2 2068     		ldr	r0, [r4]
 929 00a4 3522     		movs	r2, #53
 930 00a6 0A21     		movs	r1, #10
 931 00a8 FFF7FEFF 		bl	_ZN5daisy21OneBitGraphicsDisplay9SetCursorEtt
 932              	.LVL70:
 933              		.loc 2 121 37 is_stmt 1 view .LVU262
 934 00ac 2068     		ldr	r0, [r4]
 935              		.loc 2 121 61 is_stmt 0 view .LVU263
 936 00ae 1349     		ldr	r1, .L40+24
 937              		.loc 2 121 85 view .LVU264
 938 00b0 0368     		ldr	r3, [r0]
 939              		.loc 2 121 61 view .LVU265
 940 00b2 0096     		str	r6, [sp]
 941 00b4 D3F82880 		ldr	r8, [r3, #40]
ARM GAS  C:\Users\skipi\AppData\Local\Temp\ccgC1a2T.s 			page 24


 942 00b8 95E80C00 		ldm	r5, {r2, r3}
 943 00bc C047     		blx	r8
 944              	.LVL71:
 122:Display/displayHandler.cpp **** 
 123:Display/displayHandler.cpp ****     int cursorY = 13 + (cursorIndex * 10);
 945              		.loc 2 123 5 is_stmt 1 view .LVU266
 124:Display/displayHandler.cpp ****     _displayPtr->SetCursor(0, cursorY);
 946              		.loc 2 124 5 view .LVU267
 123:Display/displayHandler.cpp ****     _displayPtr->SetCursor(0, cursorY);
 947              		.loc 2 123 37 is_stmt 0 view .LVU268
 948 00be 0A22     		movs	r2, #10
 949              		.loc 2 124 27 view .LVU269
 950 00c0 2068     		ldr	r0, [r4]
 951 00c2 0021     		movs	r1, #0
 123:Display/displayHandler.cpp ****     _displayPtr->SetCursor(0, cursorY);
 952              		.loc 2 123 37 view .LVU270
 953 00c4 7A43     		muls	r2, r7, r2
 123:Display/displayHandler.cpp ****     _displayPtr->SetCursor(0, cursorY);
 954              		.loc 2 123 9 view .LVU271
 955 00c6 0D32     		adds	r2, r2, #13
 956              	.LVL72:
 957              		.loc 2 124 27 view .LVU272
 958 00c8 92B2     		uxth	r2, r2
 959              	.LVL73:
 960              		.loc 2 124 27 view .LVU273
 961 00ca FFF7FEFF 		bl	_ZN5daisy21OneBitGraphicsDisplay9SetCursorEtt
 962              	.LVL74:
 125:Display/displayHandler.cpp ****     _displayPtr->WriteString(">", Font_7x10, true);
 963              		.loc 2 125 5 is_stmt 1 view .LVU274
 964 00ce 2068     		ldr	r0, [r4]
 965              		.loc 2 125 29 is_stmt 0 view .LVU275
 966 00d0 0B49     		ldr	r1, .L40+28
 967              		.loc 2 125 50 view .LVU276
 968 00d2 0368     		ldr	r3, [r0]
 969              		.loc 2 125 29 view .LVU277
 970 00d4 0096     		str	r6, [sp]
 971 00d6 9C6A     		ldr	r4, [r3, #40]
 972              	.LVL75:
 973              		.loc 2 125 29 view .LVU278
 974 00d8 95E80C00 		ldm	r5, {r2, r3}
 975 00dc A047     		blx	r4
 976              	.LVL76:
 126:Display/displayHandler.cpp **** }
 977              		.loc 2 126 1 view .LVU279
 978 00de 02B0     		add	sp, sp, #8
 979              		.cfi_def_cfa_offset 24
 980              		@ sp needed
 981 00e0 BDE8F081 		pop	{r4, r5, r6, r7, r8, pc}
 982              	.LVL77:
 983              	.L41:
 984              		.loc 2 126 1 view .LVU280
 985              		.align	2
 986              	.L40:
 987 00e4 00000000 		.word	Font_7x10
 988 00e8 00000000 		.word	.LC1
 989 00ec 0E000000 		.word	.LC2
 990 00f0 1A000000 		.word	.LC3
ARM GAS  C:\Users\skipi\AppData\Local\Temp\ccgC1a2T.s 			page 25


 991 00f4 21000000 		.word	.LC4
 992 00f8 29000000 		.word	.LC5
 993 00fc 3B000000 		.word	.LC6
 994 0100 40000000 		.word	.LC7
 995              		.cfi_endproc
 996              	.LFE5150:
 998              		.section	.rodata._ZN14DisplayHandler18DrawCalibrationHubEi.str1.1,"aMS",%progbits,1
 999              	.LC8:
 1000 0000 2D204341 		.ascii	"- CALIBRATION -\000"
 1000      4C494252 
 1000      4154494F 
 1000      4E202D00 
 1001              	.LC9:
 1002 0010 44656C74 		.ascii	"Delta\000"
 1002      6100
 1003              	.LC10:
 1004 0016 43757276 		.ascii	"Curve\000"
 1004      6500
 1005              	.LC11:
 1006 001c 48797374 		.ascii	"Hysteresis\000"
 1006      65726573 
 1006      697300
 1007              	.LC12:
 1008 0027 46696C74 		.ascii	"Filter Type\000"
 1008      65722054 
 1008      79706500 
 1009              	.LC13:
 1010 0033 54687265 		.ascii	"Thresholds\000"
 1010      73686F6C 
 1010      647300
 1011              	.LC14:
 1012 003e 4261636B 		.ascii	"Back\000"
 1012      00
 1013              		.section	.text._ZN14DisplayHandler18DrawCalibrationHubEi,"ax",%progbits
 1014              		.align	1
 1015              		.global	_ZN14DisplayHandler18DrawCalibrationHubEi
 1016              		.syntax unified
 1017              		.thumb
 1018              		.thumb_func
 1019              		.fpu fpv5-d16
 1021              	_ZN14DisplayHandler18DrawCalibrationHubEi:
 1022              	.LVL78:
 1023              	.LFB5151:
 127:Display/displayHandler.cpp **** 
 128:Display/displayHandler.cpp **** void DisplayHandler::DrawCalibrationHub(int cursorIndex) {
 1024              		.loc 2 128 58 is_stmt 1 view -0
 1025              		.cfi_startproc
 1026              		@ args = 0, pretend = 0, frame = 0
 1027              		@ frame_needed = 0, uses_anonymous_args = 0
 129:Display/displayHandler.cpp ****     _displayPtr->Fill(false);
 1028              		.loc 2 129 5 view .LVU282
 128:Display/displayHandler.cpp ****     _displayPtr->Fill(false);
 1029              		.loc 2 128 58 is_stmt 0 view .LVU283
 1030 0000 2DE9F341 		push	{r0, r1, r4, r5, r6, r7, r8, lr}
 1031              		.cfi_def_cfa_offset 32
 1032              		.cfi_offset 4, -24
 1033              		.cfi_offset 5, -20
ARM GAS  C:\Users\skipi\AppData\Local\Temp\ccgC1a2T.s 			page 26


 1034              		.cfi_offset 6, -16
 1035              		.cfi_offset 7, -12
 1036              		.cfi_offset 8, -8
 1037              		.cfi_offset 14, -4
 128:Display/displayHandler.cpp ****     _displayPtr->Fill(false);
 1038              		.loc 2 128 58 view .LVU284
 1039 0004 0446     		mov	r4, r0
 1040              		.loc 2 129 5 view .LVU285
 1041 0006 0068     		ldr	r0, [r0]
 1042              	.LVL79:
 128:Display/displayHandler.cpp ****     _displayPtr->Fill(false);
 1043              		.loc 2 128 58 view .LVU286
 1044 0008 0E46     		mov	r6, r1
 1045              		.loc 2 129 22 view .LVU287
 1046 000a 0021     		movs	r1, #0
 1047              	.LVL80:
 1048              		.loc 2 129 28 view .LVU288
 1049 000c 0368     		ldr	r3, [r0]
 130:Display/displayHandler.cpp ****     
 131:Display/displayHandler.cpp ****     
 132:Display/displayHandler.cpp ****     _displayPtr->SetCursor(0, 0);
 133:Display/displayHandler.cpp ****     _displayPtr->WriteString("- CALIBRATION -", Font_7x10, true);
 1050              		.loc 2 133 29 view .LVU289
 1051 000e 0127     		movs	r7, #1
 1052 0010 3E4D     		ldr	r5, .L46
 129:Display/displayHandler.cpp ****     
 1053              		.loc 2 129 22 view .LVU290
 1054 0012 1B69     		ldr	r3, [r3, #16]
 1055 0014 9847     		blx	r3
 1056              	.LVL81:
 132:Display/displayHandler.cpp ****     _displayPtr->WriteString("- CALIBRATION -", Font_7x10, true);
 1057              		.loc 2 132 5 is_stmt 1 view .LVU291
 132:Display/displayHandler.cpp ****     _displayPtr->WriteString("- CALIBRATION -", Font_7x10, true);
 1058              		.loc 2 132 27 is_stmt 0 view .LVU292
 1059 0016 0022     		movs	r2, #0
 1060 0018 2068     		ldr	r0, [r4]
 1061 001a 1146     		mov	r1, r2
 1062 001c FFF7FEFF 		bl	_ZN5daisy21OneBitGraphicsDisplay9SetCursorEtt
 1063              	.LVL82:
 1064              		.loc 2 133 5 is_stmt 1 view .LVU293
 1065 0020 2068     		ldr	r0, [r4]
 1066              		.loc 2 133 29 is_stmt 0 view .LVU294
 1067 0022 3B49     		ldr	r1, .L46+4
 1068              		.loc 2 133 64 view .LVU295
 1069 0024 0368     		ldr	r3, [r0]
 1070              		.loc 2 133 29 view .LVU296
 1071 0026 0097     		str	r7, [sp]
 1072 0028 D3F82880 		ldr	r8, [r3, #40]
 1073 002c 95E80C00 		ldm	r5, {r2, r3}
 1074 0030 C047     		blx	r8
 1075              	.LVL83:
 134:Display/displayHandler.cpp **** 
 135:Display/displayHandler.cpp ****     // check which page to load based on where cursor is
 136:Display/displayHandler.cpp ****     if (cursorIndex <= 4){
 1076              		.loc 2 136 5 is_stmt 1 view .LVU297
 1077 0032 042E     		cmp	r6, #4
 137:Display/displayHandler.cpp ****         _displayPtr->SetCursor(10, 13); _displayPtr->WriteString("Delta", Font_7x10, true);
ARM GAS  C:\Users\skipi\AppData\Local\Temp\ccgC1a2T.s 			page 27


 1078              		.loc 2 137 31 is_stmt 0 view .LVU298
 1079 0034 4FF00D02 		mov	r2, #13
 1080 0038 4FF00A01 		mov	r1, #10
 1081 003c 2068     		ldr	r0, [r4]
 136:Display/displayHandler.cpp ****         _displayPtr->SetCursor(10, 13); _displayPtr->WriteString("Delta", Font_7x10, true);
 1082              		.loc 2 136 5 view .LVU299
 1083 003e 5BDC     		bgt	.L43
 1084              		.loc 2 137 9 is_stmt 1 view .LVU300
 1085              		.loc 2 137 31 is_stmt 0 view .LVU301
 1086 0040 FFF7FEFF 		bl	_ZN5daisy21OneBitGraphicsDisplay9SetCursorEtt
 1087              	.LVL84:
 1088              		.loc 2 137 41 is_stmt 1 view .LVU302
 1089 0044 2068     		ldr	r0, [r4]
 1090              		.loc 2 137 65 is_stmt 0 view .LVU303
 1091 0046 3349     		ldr	r1, .L46+8
 1092              		.loc 2 137 90 view .LVU304
 1093 0048 0368     		ldr	r3, [r0]
 1094              		.loc 2 137 65 view .LVU305
 1095 004a 0097     		str	r7, [sp]
 1096 004c D3F82880 		ldr	r8, [r3, #40]
 1097 0050 95E80C00 		ldm	r5, {r2, r3}
 1098 0054 C047     		blx	r8
 1099              	.LVL85:
 138:Display/displayHandler.cpp ****         _displayPtr->SetCursor(10, 23); _displayPtr->WriteString("Curve", Font_7x10, true);
 1100              		.loc 2 138 9 is_stmt 1 view .LVU306
 1101              		.loc 2 138 31 is_stmt 0 view .LVU307
 1102 0056 1722     		movs	r2, #23
 1103 0058 0A21     		movs	r1, #10
 1104 005a 2068     		ldr	r0, [r4]
 1105 005c FFF7FEFF 		bl	_ZN5daisy21OneBitGraphicsDisplay9SetCursorEtt
 1106              	.LVL86:
 1107              		.loc 2 138 41 is_stmt 1 view .LVU308
 1108 0060 2068     		ldr	r0, [r4]
 1109              		.loc 2 138 65 is_stmt 0 view .LVU309
 1110 0062 2D49     		ldr	r1, .L46+12
 1111              		.loc 2 138 90 view .LVU310
 1112 0064 0368     		ldr	r3, [r0]
 1113              		.loc 2 138 65 view .LVU311
 1114 0066 0097     		str	r7, [sp]
 1115 0068 D3F82880 		ldr	r8, [r3, #40]
 1116 006c 95E80C00 		ldm	r5, {r2, r3}
 1117 0070 C047     		blx	r8
 1118              	.LVL87:
 139:Display/displayHandler.cpp ****         _displayPtr->SetCursor(10, 33); _displayPtr->WriteString("Hysteresis", Font_7x10, true);
 1119              		.loc 2 139 9 is_stmt 1 view .LVU312
 1120              		.loc 2 139 31 is_stmt 0 view .LVU313
 1121 0072 2122     		movs	r2, #33
 1122 0074 0A21     		movs	r1, #10
 1123 0076 2068     		ldr	r0, [r4]
 1124 0078 FFF7FEFF 		bl	_ZN5daisy21OneBitGraphicsDisplay9SetCursorEtt
 1125              	.LVL88:
 1126              		.loc 2 139 41 is_stmt 1 view .LVU314
 1127 007c 2068     		ldr	r0, [r4]
 1128              		.loc 2 139 65 is_stmt 0 view .LVU315
 1129 007e 2749     		ldr	r1, .L46+16
 1130              		.loc 2 139 95 view .LVU316
 1131 0080 0368     		ldr	r3, [r0]
ARM GAS  C:\Users\skipi\AppData\Local\Temp\ccgC1a2T.s 			page 28


 1132              		.loc 2 139 65 view .LVU317
 1133 0082 0097     		str	r7, [sp]
 1134 0084 D3F82880 		ldr	r8, [r3, #40]
 1135 0088 95E80C00 		ldm	r5, {r2, r3}
 1136 008c C047     		blx	r8
 1137              	.LVL89:
 140:Display/displayHandler.cpp ****         _displayPtr->SetCursor(10, 43); _displayPtr->WriteString("Filter Type", Font_7x10, true); 
 1138              		.loc 2 140 9 is_stmt 1 view .LVU318
 1139              		.loc 2 140 31 is_stmt 0 view .LVU319
 1140 008e 2B22     		movs	r2, #43
 1141 0090 0A21     		movs	r1, #10
 1142 0092 2068     		ldr	r0, [r4]
 1143 0094 FFF7FEFF 		bl	_ZN5daisy21OneBitGraphicsDisplay9SetCursorEtt
 1144              	.LVL90:
 1145              		.loc 2 140 41 is_stmt 1 view .LVU320
 1146 0098 2068     		ldr	r0, [r4]
 1147              		.loc 2 140 65 is_stmt 0 view .LVU321
 1148 009a 2149     		ldr	r1, .L46+20
 1149              		.loc 2 140 96 view .LVU322
 1150 009c 0368     		ldr	r3, [r0]
 1151              		.loc 2 140 65 view .LVU323
 1152 009e 0097     		str	r7, [sp]
 1153 00a0 D3F82880 		ldr	r8, [r3, #40]
 1154 00a4 95E80C00 		ldm	r5, {r2, r3}
 1155 00a8 C047     		blx	r8
 1156              	.LVL91:
 141:Display/displayHandler.cpp ****         _displayPtr->SetCursor(10, 53); _displayPtr->WriteString("Thresholds", Font_7x10, true); 
 1157              		.loc 2 141 9 is_stmt 1 view .LVU324
 1158              		.loc 2 141 31 is_stmt 0 view .LVU325
 1159 00aa 3522     		movs	r2, #53
 1160 00ac 0A21     		movs	r1, #10
 1161 00ae 2068     		ldr	r0, [r4]
 1162 00b0 FFF7FEFF 		bl	_ZN5daisy21OneBitGraphicsDisplay9SetCursorEtt
 1163              	.LVL92:
 1164              		.loc 2 141 41 is_stmt 1 view .LVU326
 1165 00b4 2068     		ldr	r0, [r4]
 1166              		.loc 2 141 65 is_stmt 0 view .LVU327
 1167 00b6 1B49     		ldr	r1, .L46+24
 1168              		.loc 2 141 95 view .LVU328
 1169 00b8 0368     		ldr	r3, [r0]
 1170              		.loc 2 141 65 view .LVU329
 1171 00ba 0097     		str	r7, [sp]
 1172 00bc 9F6A     		ldr	r7, [r3, #40]
 1173 00be 95E80C00 		ldm	r5, {r2, r3}
 1174              	.L45:
 142:Display/displayHandler.cpp ****     }
 143:Display/displayHandler.cpp ****     else 
 144:Display/displayHandler.cpp ****     {
 145:Display/displayHandler.cpp ****         _displayPtr->SetCursor(10, 13); _displayPtr->WriteString("Back", Font_7x10, true); 
 1175              		.loc 2 145 65 view .LVU330
 1176 00c2 B847     		blx	r7
 1177              	.LVL93:
 146:Display/displayHandler.cpp ****     }
 147:Display/displayHandler.cpp ****     int cursorY = 13 + ( (cursorIndex % 5) * 10);
 1178              		.loc 2 147 5 is_stmt 1 view .LVU331
 148:Display/displayHandler.cpp ****     _displayPtr->SetCursor(0, cursorY);
 1179              		.loc 2 148 5 view .LVU332
ARM GAS  C:\Users\skipi\AppData\Local\Temp\ccgC1a2T.s 			page 29


 147:Display/displayHandler.cpp ****     _displayPtr->SetCursor(0, cursorY);
 1180              		.loc 2 147 39 is_stmt 0 view .LVU333
 1181 00c4 0522     		movs	r2, #5
 1182              		.loc 2 148 27 view .LVU334
 1183 00c6 2068     		ldr	r0, [r4]
 1184 00c8 0021     		movs	r1, #0
 147:Display/displayHandler.cpp ****     _displayPtr->SetCursor(0, cursorY);
 1185              		.loc 2 147 39 view .LVU335
 1186 00ca 96FBF2F2 		sdiv	r2, r6, r2
 1187 00ce 02EB8202 		add	r2, r2, r2, lsl #2
 1188 00d2 B21A     		subs	r2, r6, r2
 147:Display/displayHandler.cpp ****     _displayPtr->SetCursor(0, cursorY);
 1189              		.loc 2 147 44 view .LVU336
 1190 00d4 0A26     		movs	r6, #10
 1191              	.LVL94:
 147:Display/displayHandler.cpp ****     _displayPtr->SetCursor(0, cursorY);
 1192              		.loc 2 147 44 view .LVU337
 1193 00d6 7243     		muls	r2, r6, r2
 147:Display/displayHandler.cpp ****     _displayPtr->SetCursor(0, cursorY);
 1194              		.loc 2 147 9 view .LVU338
 1195 00d8 0D32     		adds	r2, r2, #13
 1196              		.loc 2 148 27 view .LVU339
 1197 00da 92B2     		uxth	r2, r2
 1198 00dc FFF7FEFF 		bl	_ZN5daisy21OneBitGraphicsDisplay9SetCursorEtt
 1199              	.LVL95:
 149:Display/displayHandler.cpp ****     _displayPtr->WriteString(">", Font_7x10, true);
 1200              		.loc 2 149 5 is_stmt 1 view .LVU340
 1201 00e0 2068     		ldr	r0, [r4]
 1202              		.loc 2 149 29 is_stmt 0 view .LVU341
 1203 00e2 0122     		movs	r2, #1
 1204 00e4 1049     		ldr	r1, .L46+28
 1205              		.loc 2 149 50 view .LVU342
 1206 00e6 0368     		ldr	r3, [r0]
 1207              		.loc 2 149 29 view .LVU343
 1208 00e8 0092     		str	r2, [sp]
 1209 00ea 9C6A     		ldr	r4, [r3, #40]
 1210              	.LVL96:
 1211              		.loc 2 149 29 view .LVU344
 1212 00ec 95E80C00 		ldm	r5, {r2, r3}
 1213 00f0 A047     		blx	r4
 1214              	.LVL97:
 150:Display/displayHandler.cpp **** }
 1215              		.loc 2 150 1 view .LVU345
 1216 00f2 02B0     		add	sp, sp, #8
 1217              		.cfi_remember_state
 1218              		.cfi_def_cfa_offset 24
 1219              		@ sp needed
 1220 00f4 BDE8F081 		pop	{r4, r5, r6, r7, r8, pc}
 1221              	.LVL98:
 1222              	.L43:
 1223              		.cfi_restore_state
 145:Display/displayHandler.cpp ****     }
 1224              		.loc 2 145 9 is_stmt 1 view .LVU346
 145:Display/displayHandler.cpp ****     }
 1225              		.loc 2 145 31 is_stmt 0 view .LVU347
 1226 00f8 FFF7FEFF 		bl	_ZN5daisy21OneBitGraphicsDisplay9SetCursorEtt
 1227              	.LVL99:
ARM GAS  C:\Users\skipi\AppData\Local\Temp\ccgC1a2T.s 			page 30


 145:Display/displayHandler.cpp ****     }
 1228              		.loc 2 145 41 is_stmt 1 view .LVU348
 1229 00fc 2068     		ldr	r0, [r4]
 145:Display/displayHandler.cpp ****     }
 1230              		.loc 2 145 65 is_stmt 0 view .LVU349
 1231 00fe 0B49     		ldr	r1, .L46+32
 145:Display/displayHandler.cpp ****     }
 1232              		.loc 2 145 89 view .LVU350
 1233 0100 0368     		ldr	r3, [r0]
 145:Display/displayHandler.cpp ****     }
 1234              		.loc 2 145 65 view .LVU351
 1235 0102 0097     		str	r7, [sp]
 1236 0104 9F6A     		ldr	r7, [r3, #40]
 1237 0106 95E80C00 		ldm	r5, {r2, r3}
 1238 010a DAE7     		b	.L45
 1239              	.L47:
 1240              		.align	2
 1241              	.L46:
 1242 010c 00000000 		.word	Font_7x10
 1243 0110 00000000 		.word	.LC8
 1244 0114 10000000 		.word	.LC9
 1245 0118 16000000 		.word	.LC10
 1246 011c 1C000000 		.word	.LC11
 1247 0120 27000000 		.word	.LC12
 1248 0124 33000000 		.word	.LC13
 1249 0128 40000000 		.word	.LC7
 1250 012c 3E000000 		.word	.LC14
 1251              		.cfi_endproc
 1252              	.LFE5151:
 1254              		.section	.rodata._ZN14DisplayHandler13DrawScalesHubEi.str1.1,"aMS",%progbits,1
 1255              	.LC15:
 1256 0000 2D205343 		.ascii	"- SCALES -\000"
 1256      414C4553 
 1256      202D00
 1257              	.LC16:
 1258 000b 526F6F74 		.ascii	"Root Note\000"
 1258      204E6F74 
 1258      6500
 1259              	.LC17:
 1260 0015 5363616C 		.ascii	"Scale Type\000"
 1260      65205479 
 1260      706500
 1261              	.LC18:
 1262 0020 4F637461 		.ascii	"Octave\000"
 1262      766500
 1263              		.section	.text._ZN14DisplayHandler13DrawScalesHubEi,"ax",%progbits
 1264              		.align	1
 1265              		.global	_ZN14DisplayHandler13DrawScalesHubEi
 1266              		.syntax unified
 1267              		.thumb
 1268              		.thumb_func
 1269              		.fpu fpv5-d16
 1271              	_ZN14DisplayHandler13DrawScalesHubEi:
 1272              	.LVL100:
 1273              	.LFB5152:
 151:Display/displayHandler.cpp **** 
 152:Display/displayHandler.cpp **** void DisplayHandler::DrawScalesHub(int cursorIndex) {
ARM GAS  C:\Users\skipi\AppData\Local\Temp\ccgC1a2T.s 			page 31


 1274              		.loc 2 152 53 is_stmt 1 view -0
 1275              		.cfi_startproc
 1276              		@ args = 0, pretend = 0, frame = 0
 1277              		@ frame_needed = 0, uses_anonymous_args = 0
 153:Display/displayHandler.cpp ****     _displayPtr->Fill(false);
 1278              		.loc 2 153 5 view .LVU353
 152:Display/displayHandler.cpp ****     _displayPtr->Fill(false);
 1279              		.loc 2 152 53 is_stmt 0 view .LVU354
 1280 0000 2DE9F341 		push	{r0, r1, r4, r5, r6, r7, r8, lr}
 1281              		.cfi_def_cfa_offset 32
 1282              		.cfi_offset 4, -24
 1283              		.cfi_offset 5, -20
 1284              		.cfi_offset 6, -16
 1285              		.cfi_offset 7, -12
 1286              		.cfi_offset 8, -8
 1287              		.cfi_offset 14, -4
 152:Display/displayHandler.cpp ****     _displayPtr->Fill(false);
 1288              		.loc 2 152 53 view .LVU355
 1289 0004 0446     		mov	r4, r0
 1290              		.loc 2 153 5 view .LVU356
 1291 0006 0068     		ldr	r0, [r0]
 1292              	.LVL101:
 152:Display/displayHandler.cpp ****     _displayPtr->Fill(false);
 1293              		.loc 2 152 53 view .LVU357
 1294 0008 0E46     		mov	r6, r1
 1295              		.loc 2 153 22 view .LVU358
 1296 000a 0021     		movs	r1, #0
 1297              	.LVL102:
 1298              		.loc 2 153 28 view .LVU359
 1299 000c 0368     		ldr	r3, [r0]
 154:Display/displayHandler.cpp ****     
 155:Display/displayHandler.cpp ****     _displayPtr->SetCursor(0, 0);
 156:Display/displayHandler.cpp ****     _displayPtr->WriteString("- SCALES -", Font_7x10, true);
 1300              		.loc 2 156 29 view .LVU360
 1301 000e 0127     		movs	r7, #1
 1302 0010 2D4D     		ldr	r5, .L49
 153:Display/displayHandler.cpp ****     
 1303              		.loc 2 153 22 view .LVU361
 1304 0012 1B69     		ldr	r3, [r3, #16]
 1305 0014 9847     		blx	r3
 1306              	.LVL103:
 155:Display/displayHandler.cpp ****     _displayPtr->WriteString("- SCALES -", Font_7x10, true);
 1307              		.loc 2 155 5 is_stmt 1 view .LVU362
 155:Display/displayHandler.cpp ****     _displayPtr->WriteString("- SCALES -", Font_7x10, true);
 1308              		.loc 2 155 27 is_stmt 0 view .LVU363
 1309 0016 0022     		movs	r2, #0
 1310 0018 2068     		ldr	r0, [r4]
 1311 001a 1146     		mov	r1, r2
 1312 001c FFF7FEFF 		bl	_ZN5daisy21OneBitGraphicsDisplay9SetCursorEtt
 1313              	.LVL104:
 1314              		.loc 2 156 5 is_stmt 1 view .LVU364
 1315 0020 2068     		ldr	r0, [r4]
 1316              		.loc 2 156 29 is_stmt 0 view .LVU365
 1317 0022 2A49     		ldr	r1, .L49+4
 1318              		.loc 2 156 59 view .LVU366
 1319 0024 0368     		ldr	r3, [r0]
 1320              		.loc 2 156 29 view .LVU367
ARM GAS  C:\Users\skipi\AppData\Local\Temp\ccgC1a2T.s 			page 32


 1321 0026 0097     		str	r7, [sp]
 1322 0028 D3F82880 		ldr	r8, [r3, #40]
 1323 002c 95E80C00 		ldm	r5, {r2, r3}
 1324 0030 C047     		blx	r8
 1325              	.LVL105:
 157:Display/displayHandler.cpp **** 
 158:Display/displayHandler.cpp ****     _displayPtr->SetCursor(10, 13); _displayPtr->WriteString("Root Note", Font_7x10, true);
 1326              		.loc 2 158 5 is_stmt 1 view .LVU368
 1327              		.loc 2 158 27 is_stmt 0 view .LVU369
 1328 0032 2068     		ldr	r0, [r4]
 1329 0034 0D22     		movs	r2, #13
 1330 0036 0A21     		movs	r1, #10
 1331 0038 FFF7FEFF 		bl	_ZN5daisy21OneBitGraphicsDisplay9SetCursorEtt
 1332              	.LVL106:
 1333              		.loc 2 158 37 is_stmt 1 view .LVU370
 1334 003c 2068     		ldr	r0, [r4]
 1335              		.loc 2 158 61 is_stmt 0 view .LVU371
 1336 003e 2449     		ldr	r1, .L49+8
 1337              		.loc 2 158 90 view .LVU372
 1338 0040 0368     		ldr	r3, [r0]
 1339              		.loc 2 158 61 view .LVU373
 1340 0042 0097     		str	r7, [sp]
 1341 0044 D3F82880 		ldr	r8, [r3, #40]
 1342 0048 95E80C00 		ldm	r5, {r2, r3}
 1343 004c C047     		blx	r8
 1344              	.LVL107:
 159:Display/displayHandler.cpp ****     _displayPtr->SetCursor(10, 23); _displayPtr->WriteString("Scale Type", Font_7x10, true);
 1345              		.loc 2 159 5 is_stmt 1 view .LVU374
 1346              		.loc 2 159 27 is_stmt 0 view .LVU375
 1347 004e 2068     		ldr	r0, [r4]
 1348 0050 1722     		movs	r2, #23
 1349 0052 0A21     		movs	r1, #10
 1350 0054 FFF7FEFF 		bl	_ZN5daisy21OneBitGraphicsDisplay9SetCursorEtt
 1351              	.LVL108:
 1352              		.loc 2 159 37 is_stmt 1 view .LVU376
 1353 0058 2068     		ldr	r0, [r4]
 1354              		.loc 2 159 61 is_stmt 0 view .LVU377
 1355 005a 1E49     		ldr	r1, .L49+12
 1356              		.loc 2 159 91 view .LVU378
 1357 005c 0368     		ldr	r3, [r0]
 1358              		.loc 2 159 61 view .LVU379
 1359 005e 0097     		str	r7, [sp]
 1360 0060 D3F82880 		ldr	r8, [r3, #40]
 1361 0064 95E80C00 		ldm	r5, {r2, r3}
 1362 0068 C047     		blx	r8
 1363              	.LVL109:
 160:Display/displayHandler.cpp ****     _displayPtr->SetCursor(10, 33); _displayPtr->WriteString("Octave", Font_7x10, true);
 1364              		.loc 2 160 5 is_stmt 1 view .LVU380
 1365              		.loc 2 160 27 is_stmt 0 view .LVU381
 1366 006a 2068     		ldr	r0, [r4]
 1367 006c 2122     		movs	r2, #33
 1368 006e 0A21     		movs	r1, #10
 1369 0070 FFF7FEFF 		bl	_ZN5daisy21OneBitGraphicsDisplay9SetCursorEtt
 1370              	.LVL110:
 1371              		.loc 2 160 37 is_stmt 1 view .LVU382
 1372 0074 2068     		ldr	r0, [r4]
 1373              		.loc 2 160 61 is_stmt 0 view .LVU383
ARM GAS  C:\Users\skipi\AppData\Local\Temp\ccgC1a2T.s 			page 33


 1374 0076 1849     		ldr	r1, .L49+16
 1375              		.loc 2 160 87 view .LVU384
 1376 0078 0368     		ldr	r3, [r0]
 1377              		.loc 2 160 61 view .LVU385
 1378 007a 0097     		str	r7, [sp]
 1379 007c D3F82880 		ldr	r8, [r3, #40]
 1380 0080 95E80C00 		ldm	r5, {r2, r3}
 1381 0084 C047     		blx	r8
 1382              	.LVL111:
 161:Display/displayHandler.cpp ****     _displayPtr->SetCursor(10, 43); _displayPtr->WriteString("Back", Font_7x10, true);
 1383              		.loc 2 161 5 is_stmt 1 view .LVU386
 1384              		.loc 2 161 27 is_stmt 0 view .LVU387
 1385 0086 2068     		ldr	r0, [r4]
 1386 0088 2B22     		movs	r2, #43
 1387 008a 0A21     		movs	r1, #10
 1388 008c FFF7FEFF 		bl	_ZN5daisy21OneBitGraphicsDisplay9SetCursorEtt
 1389              	.LVL112:
 1390              		.loc 2 161 37 is_stmt 1 view .LVU388
 1391 0090 2068     		ldr	r0, [r4]
 1392              		.loc 2 161 61 is_stmt 0 view .LVU389
 1393 0092 1249     		ldr	r1, .L49+20
 1394              		.loc 2 161 85 view .LVU390
 1395 0094 0368     		ldr	r3, [r0]
 1396              		.loc 2 161 61 view .LVU391
 1397 0096 0097     		str	r7, [sp]
 1398 0098 D3F82880 		ldr	r8, [r3, #40]
 1399 009c 95E80C00 		ldm	r5, {r2, r3}
 1400 00a0 C047     		blx	r8
 1401              	.LVL113:
 162:Display/displayHandler.cpp **** 
 163:Display/displayHandler.cpp ****     int cursorY = 13 + (cursorIndex * 10);
 1402              		.loc 2 163 5 is_stmt 1 view .LVU392
 164:Display/displayHandler.cpp ****     _displayPtr->SetCursor(0, cursorY);
 1403              		.loc 2 164 5 view .LVU393
 163:Display/displayHandler.cpp ****     _displayPtr->SetCursor(0, cursorY);
 1404              		.loc 2 163 37 is_stmt 0 view .LVU394
 1405 00a2 0A22     		movs	r2, #10
 1406              		.loc 2 164 27 view .LVU395
 1407 00a4 2068     		ldr	r0, [r4]
 1408 00a6 0021     		movs	r1, #0
 163:Display/displayHandler.cpp ****     _displayPtr->SetCursor(0, cursorY);
 1409              		.loc 2 163 37 view .LVU396
 1410 00a8 7243     		muls	r2, r6, r2
 163:Display/displayHandler.cpp ****     _displayPtr->SetCursor(0, cursorY);
 1411              		.loc 2 163 9 view .LVU397
 1412 00aa 0D32     		adds	r2, r2, #13
 1413              	.LVL114:
 1414              		.loc 2 164 27 view .LVU398
 1415 00ac 92B2     		uxth	r2, r2
 1416              	.LVL115:
 1417              		.loc 2 164 27 view .LVU399
 1418 00ae FFF7FEFF 		bl	_ZN5daisy21OneBitGraphicsDisplay9SetCursorEtt
 1419              	.LVL116:
 165:Display/displayHandler.cpp ****     _displayPtr->WriteString(">", Font_7x10, true);
 1420              		.loc 2 165 5 is_stmt 1 view .LVU400
 1421 00b2 2068     		ldr	r0, [r4]
 1422              		.loc 2 165 29 is_stmt 0 view .LVU401
ARM GAS  C:\Users\skipi\AppData\Local\Temp\ccgC1a2T.s 			page 34


 1423 00b4 0A49     		ldr	r1, .L49+24
 1424              		.loc 2 165 50 view .LVU402
 1425 00b6 0368     		ldr	r3, [r0]
 1426              		.loc 2 165 29 view .LVU403
 1427 00b8 0097     		str	r7, [sp]
 1428 00ba 9C6A     		ldr	r4, [r3, #40]
 1429              	.LVL117:
 1430              		.loc 2 165 29 view .LVU404
 1431 00bc 95E80C00 		ldm	r5, {r2, r3}
 1432 00c0 A047     		blx	r4
 1433              	.LVL118:
 166:Display/displayHandler.cpp **** }
 1434              		.loc 2 166 1 view .LVU405
 1435 00c2 02B0     		add	sp, sp, #8
 1436              		.cfi_def_cfa_offset 24
 1437              		@ sp needed
 1438 00c4 BDE8F081 		pop	{r4, r5, r6, r7, r8, pc}
 1439              	.LVL119:
 1440              	.L50:
 1441              		.loc 2 166 1 view .LVU406
 1442              		.align	2
 1443              	.L49:
 1444 00c8 00000000 		.word	Font_7x10
 1445 00cc 00000000 		.word	.LC15
 1446 00d0 0B000000 		.word	.LC16
 1447 00d4 15000000 		.word	.LC17
 1448 00d8 20000000 		.word	.LC18
 1449 00dc 3E000000 		.word	.LC14
 1450 00e0 40000000 		.word	.LC7
 1451              		.cfi_endproc
 1452              	.LFE5152:
 1454              		.section	.rodata._ZN14DisplayHandler17DrawThresholdsHubEi.str1.1,"aMS",%progbits,1
 1455              	.LC19:
 1456 0000 2D205448 		.ascii	"- THRESHOLDS -\000"
 1456      52455348 
 1456      4F4C4453 
 1456      202D00
 1457              	.LC20:
 1458 000f 546F7563 		.ascii	"Touch Thresholds\000"
 1458      68205468 
 1458      72657368 
 1458      6F6C6473 
 1458      00
 1459              	.LC21:
 1460 0020 52656C65 		.ascii	"Release Thresholds\000"
 1460      61736520 
 1460      54687265 
 1460      73686F6C 
 1460      647300
 1461              		.section	.text._ZN14DisplayHandler17DrawThresholdsHubEi,"ax",%progbits
 1462              		.align	1
 1463              		.global	_ZN14DisplayHandler17DrawThresholdsHubEi
 1464              		.syntax unified
 1465              		.thumb
 1466              		.thumb_func
 1467              		.fpu fpv5-d16
 1469              	_ZN14DisplayHandler17DrawThresholdsHubEi:
ARM GAS  C:\Users\skipi\AppData\Local\Temp\ccgC1a2T.s 			page 35


 1470              	.LVL120:
 1471              	.LFB5153:
 167:Display/displayHandler.cpp **** 
 168:Display/displayHandler.cpp **** void DisplayHandler::DrawThresholdsHub (int cursorIndex) {
 1472              		.loc 2 168 58 is_stmt 1 view -0
 1473              		.cfi_startproc
 1474              		@ args = 0, pretend = 0, frame = 0
 1475              		@ frame_needed = 0, uses_anonymous_args = 0
 169:Display/displayHandler.cpp ****     _displayPtr->Fill(false);
 1476              		.loc 2 169 5 view .LVU408
 168:Display/displayHandler.cpp ****     _displayPtr->Fill(false);
 1477              		.loc 2 168 58 is_stmt 0 view .LVU409
 1478 0000 2DE9F341 		push	{r0, r1, r4, r5, r6, r7, r8, lr}
 1479              		.cfi_def_cfa_offset 32
 1480              		.cfi_offset 4, -24
 1481              		.cfi_offset 5, -20
 1482              		.cfi_offset 6, -16
 1483              		.cfi_offset 7, -12
 1484              		.cfi_offset 8, -8
 1485              		.cfi_offset 14, -4
 168:Display/displayHandler.cpp ****     _displayPtr->Fill(false);
 1486              		.loc 2 168 58 view .LVU410
 1487 0004 0446     		mov	r4, r0
 1488              		.loc 2 169 5 view .LVU411
 1489 0006 0068     		ldr	r0, [r0]
 1490              	.LVL121:
 168:Display/displayHandler.cpp ****     _displayPtr->Fill(false);
 1491              		.loc 2 168 58 view .LVU412
 1492 0008 0E46     		mov	r6, r1
 1493              		.loc 2 169 22 view .LVU413
 1494 000a 0021     		movs	r1, #0
 1495              	.LVL122:
 1496              		.loc 2 169 28 view .LVU414
 1497 000c 0368     		ldr	r3, [r0]
 170:Display/displayHandler.cpp ****     
 171:Display/displayHandler.cpp ****     _displayPtr->SetCursor(0, 0);
 172:Display/displayHandler.cpp ****     _displayPtr->WriteString("- THRESHOLDS -", Font_7x10, true);
 1498              		.loc 2 172 29 view .LVU415
 1499 000e 0127     		movs	r7, #1
 1500 0010 264D     		ldr	r5, .L52
 169:Display/displayHandler.cpp ****     
 1501              		.loc 2 169 22 view .LVU416
 1502 0012 1B69     		ldr	r3, [r3, #16]
 1503 0014 9847     		blx	r3
 1504              	.LVL123:
 171:Display/displayHandler.cpp ****     _displayPtr->WriteString("- THRESHOLDS -", Font_7x10, true);
 1505              		.loc 2 171 5 is_stmt 1 view .LVU417
 171:Display/displayHandler.cpp ****     _displayPtr->WriteString("- THRESHOLDS -", Font_7x10, true);
 1506              		.loc 2 171 27 is_stmt 0 view .LVU418
 1507 0016 0022     		movs	r2, #0
 1508 0018 2068     		ldr	r0, [r4]
 1509 001a 1146     		mov	r1, r2
 1510 001c FFF7FEFF 		bl	_ZN5daisy21OneBitGraphicsDisplay9SetCursorEtt
 1511              	.LVL124:
 1512              		.loc 2 172 5 is_stmt 1 view .LVU419
 1513 0020 2068     		ldr	r0, [r4]
 1514              		.loc 2 172 29 is_stmt 0 view .LVU420
ARM GAS  C:\Users\skipi\AppData\Local\Temp\ccgC1a2T.s 			page 36


 1515 0022 2349     		ldr	r1, .L52+4
 1516              		.loc 2 172 63 view .LVU421
 1517 0024 0368     		ldr	r3, [r0]
 1518              		.loc 2 172 29 view .LVU422
 1519 0026 0097     		str	r7, [sp]
 1520 0028 D3F82880 		ldr	r8, [r3, #40]
 1521 002c 95E80C00 		ldm	r5, {r2, r3}
 1522 0030 C047     		blx	r8
 1523              	.LVL125:
 173:Display/displayHandler.cpp **** 
 174:Display/displayHandler.cpp ****     _displayPtr->SetCursor(10, 13); _displayPtr->WriteString("Touch Thresholds", Font_7x10, true);
 1524              		.loc 2 174 5 is_stmt 1 view .LVU423
 1525              		.loc 2 174 27 is_stmt 0 view .LVU424
 1526 0032 2068     		ldr	r0, [r4]
 1527 0034 0D22     		movs	r2, #13
 1528 0036 0A21     		movs	r1, #10
 1529 0038 FFF7FEFF 		bl	_ZN5daisy21OneBitGraphicsDisplay9SetCursorEtt
 1530              	.LVL126:
 1531              		.loc 2 174 37 is_stmt 1 view .LVU425
 1532 003c 2068     		ldr	r0, [r4]
 1533              		.loc 2 174 61 is_stmt 0 view .LVU426
 1534 003e 1D49     		ldr	r1, .L52+8
 1535              		.loc 2 174 97 view .LVU427
 1536 0040 0368     		ldr	r3, [r0]
 1537              		.loc 2 174 61 view .LVU428
 1538 0042 0097     		str	r7, [sp]
 1539 0044 D3F82880 		ldr	r8, [r3, #40]
 1540 0048 95E80C00 		ldm	r5, {r2, r3}
 1541 004c C047     		blx	r8
 1542              	.LVL127:
 175:Display/displayHandler.cpp ****     _displayPtr->SetCursor(10, 23); _displayPtr->WriteString("Release Thresholds", Font_7x10, true)
 1543              		.loc 2 175 5 is_stmt 1 view .LVU429
 1544              		.loc 2 175 27 is_stmt 0 view .LVU430
 1545 004e 2068     		ldr	r0, [r4]
 1546 0050 1722     		movs	r2, #23
 1547 0052 0A21     		movs	r1, #10
 1548 0054 FFF7FEFF 		bl	_ZN5daisy21OneBitGraphicsDisplay9SetCursorEtt
 1549              	.LVL128:
 1550              		.loc 2 175 37 is_stmt 1 view .LVU431
 1551 0058 2068     		ldr	r0, [r4]
 1552              		.loc 2 175 61 is_stmt 0 view .LVU432
 1553 005a 1749     		ldr	r1, .L52+12
 1554              		.loc 2 175 99 view .LVU433
 1555 005c 0368     		ldr	r3, [r0]
 1556              		.loc 2 175 61 view .LVU434
 1557 005e 0097     		str	r7, [sp]
 1558 0060 D3F82880 		ldr	r8, [r3, #40]
 1559 0064 95E80C00 		ldm	r5, {r2, r3}
 1560 0068 C047     		blx	r8
 1561              	.LVL129:
 176:Display/displayHandler.cpp ****     _displayPtr->SetCursor(10, 33); _displayPtr->WriteString("Back", Font_7x10, true);
 1562              		.loc 2 176 5 is_stmt 1 view .LVU435
 1563              		.loc 2 176 27 is_stmt 0 view .LVU436
 1564 006a 2068     		ldr	r0, [r4]
 1565 006c 2122     		movs	r2, #33
 1566 006e 0A21     		movs	r1, #10
 1567 0070 FFF7FEFF 		bl	_ZN5daisy21OneBitGraphicsDisplay9SetCursorEtt
ARM GAS  C:\Users\skipi\AppData\Local\Temp\ccgC1a2T.s 			page 37


 1568              	.LVL130:
 1569              		.loc 2 176 37 is_stmt 1 view .LVU437
 1570 0074 2068     		ldr	r0, [r4]
 1571              		.loc 2 176 61 is_stmt 0 view .LVU438
 1572 0076 1149     		ldr	r1, .L52+16
 1573              		.loc 2 176 85 view .LVU439
 1574 0078 0368     		ldr	r3, [r0]
 1575              		.loc 2 176 61 view .LVU440
 1576 007a 0097     		str	r7, [sp]
 1577 007c D3F82880 		ldr	r8, [r3, #40]
 1578 0080 95E80C00 		ldm	r5, {r2, r3}
 1579 0084 C047     		blx	r8
 1580              	.LVL131:
 177:Display/displayHandler.cpp **** 
 178:Display/displayHandler.cpp ****     int cursorY = 13 + (cursorIndex * 10);
 1581              		.loc 2 178 5 is_stmt 1 view .LVU441
 179:Display/displayHandler.cpp ****     _displayPtr->SetCursor(0, cursorY);
 1582              		.loc 2 179 5 view .LVU442
 178:Display/displayHandler.cpp ****     _displayPtr->SetCursor(0, cursorY);
 1583              		.loc 2 178 37 is_stmt 0 view .LVU443
 1584 0086 0A22     		movs	r2, #10
 1585              		.loc 2 179 27 view .LVU444
 1586 0088 2068     		ldr	r0, [r4]
 1587 008a 0021     		movs	r1, #0
 178:Display/displayHandler.cpp ****     _displayPtr->SetCursor(0, cursorY);
 1588              		.loc 2 178 37 view .LVU445
 1589 008c 7243     		muls	r2, r6, r2
 178:Display/displayHandler.cpp ****     _displayPtr->SetCursor(0, cursorY);
 1590              		.loc 2 178 9 view .LVU446
 1591 008e 0D32     		adds	r2, r2, #13
 1592              	.LVL132:
 1593              		.loc 2 179 27 view .LVU447
 1594 0090 92B2     		uxth	r2, r2
 1595              	.LVL133:
 1596              		.loc 2 179 27 view .LVU448
 1597 0092 FFF7FEFF 		bl	_ZN5daisy21OneBitGraphicsDisplay9SetCursorEtt
 1598              	.LVL134:
 180:Display/displayHandler.cpp ****     _displayPtr->WriteString(">", Font_7x10, true);
 1599              		.loc 2 180 5 is_stmt 1 view .LVU449
 1600 0096 2068     		ldr	r0, [r4]
 1601              		.loc 2 180 29 is_stmt 0 view .LVU450
 1602 0098 0949     		ldr	r1, .L52+20
 1603              		.loc 2 180 50 view .LVU451
 1604 009a 0368     		ldr	r3, [r0]
 1605              		.loc 2 180 29 view .LVU452
 1606 009c 0097     		str	r7, [sp]
 1607 009e 9C6A     		ldr	r4, [r3, #40]
 1608              	.LVL135:
 1609              		.loc 2 180 29 view .LVU453
 1610 00a0 95E80C00 		ldm	r5, {r2, r3}
 1611 00a4 A047     		blx	r4
 1612              	.LVL136:
 181:Display/displayHandler.cpp **** }
 1613              		.loc 2 181 1 view .LVU454
 1614 00a6 02B0     		add	sp, sp, #8
 1615              		.cfi_def_cfa_offset 24
 1616              		@ sp needed
ARM GAS  C:\Users\skipi\AppData\Local\Temp\ccgC1a2T.s 			page 38


 1617 00a8 BDE8F081 		pop	{r4, r5, r6, r7, r8, pc}
 1618              	.LVL137:
 1619              	.L53:
 1620              		.loc 2 181 1 view .LVU455
 1621              		.align	2
 1622              	.L52:
 1623 00ac 00000000 		.word	Font_7x10
 1624 00b0 00000000 		.word	.LC19
 1625 00b4 0F000000 		.word	.LC20
 1626 00b8 20000000 		.word	.LC21
 1627 00bc 3E000000 		.word	.LC14
 1628 00c0 40000000 		.word	.LC7
 1629              		.cfi_endproc
 1630              	.LFE5153:
 1632              		.section	.rodata._ZN14DisplayHandler12DrawFlashHubEi.str1.1,"aMS",%progbits,1
 1633              	.LC22:
 1634 0000 2D205341 		.ascii	"- SAVE/LOAD CONFIGS -\000"
 1634      56452F4C 
 1634      4F414420 
 1634      434F4E46 
 1634      49475320 
 1635              	.LC23:
 1636 0016 53617665 		.ascii	"Save Configs\000"
 1636      20436F6E 
 1636      66696773 
 1636      00
 1637              	.LC24:
 1638 0023 4C6F6164 		.ascii	"Load Configs\000"
 1638      20436F6E 
 1638      66696773 
 1638      00
 1639              		.section	.text._ZN14DisplayHandler12DrawFlashHubEi,"ax",%progbits
 1640              		.align	1
 1641              		.global	_ZN14DisplayHandler12DrawFlashHubEi
 1642              		.syntax unified
 1643              		.thumb
 1644              		.thumb_func
 1645              		.fpu fpv5-d16
 1647              	_ZN14DisplayHandler12DrawFlashHubEi:
 1648              	.LVL138:
 1649              	.LFB5154:
 182:Display/displayHandler.cpp **** 
 183:Display/displayHandler.cpp **** void DisplayHandler::DrawFlashHub (int cursorIndex) {
 1650              		.loc 2 183 53 is_stmt 1 view -0
 1651              		.cfi_startproc
 1652              		@ args = 0, pretend = 0, frame = 0
 1653              		@ frame_needed = 0, uses_anonymous_args = 0
 184:Display/displayHandler.cpp ****     _displayPtr->Fill(false);
 1654              		.loc 2 184 5 view .LVU457
 183:Display/displayHandler.cpp ****     _displayPtr->Fill(false);
 1655              		.loc 2 183 53 is_stmt 0 view .LVU458
 1656 0000 2DE9F341 		push	{r0, r1, r4, r5, r6, r7, r8, lr}
 1657              		.cfi_def_cfa_offset 32
 1658              		.cfi_offset 4, -24
 1659              		.cfi_offset 5, -20
 1660              		.cfi_offset 6, -16
 1661              		.cfi_offset 7, -12
ARM GAS  C:\Users\skipi\AppData\Local\Temp\ccgC1a2T.s 			page 39


 1662              		.cfi_offset 8, -8
 1663              		.cfi_offset 14, -4
 183:Display/displayHandler.cpp ****     _displayPtr->Fill(false);
 1664              		.loc 2 183 53 view .LVU459
 1665 0004 0446     		mov	r4, r0
 1666              		.loc 2 184 5 view .LVU460
 1667 0006 0068     		ldr	r0, [r0]
 1668              	.LVL139:
 183:Display/displayHandler.cpp ****     _displayPtr->Fill(false);
 1669              		.loc 2 183 53 view .LVU461
 1670 0008 0E46     		mov	r6, r1
 1671              		.loc 2 184 22 view .LVU462
 1672 000a 0021     		movs	r1, #0
 1673              	.LVL140:
 1674              		.loc 2 184 28 view .LVU463
 1675 000c 0368     		ldr	r3, [r0]
 185:Display/displayHandler.cpp ****     
 186:Display/displayHandler.cpp ****     _displayPtr->SetCursor(0, 0);
 187:Display/displayHandler.cpp ****     _displayPtr->WriteString("- SAVE/LOAD CONFIGS -", Font_7x10, true);
 1676              		.loc 2 187 29 view .LVU464
 1677 000e 0127     		movs	r7, #1
 1678 0010 264D     		ldr	r5, .L55
 184:Display/displayHandler.cpp ****     
 1679              		.loc 2 184 22 view .LVU465
 1680 0012 1B69     		ldr	r3, [r3, #16]
 1681 0014 9847     		blx	r3
 1682              	.LVL141:
 186:Display/displayHandler.cpp ****     _displayPtr->WriteString("- SAVE/LOAD CONFIGS -", Font_7x10, true);
 1683              		.loc 2 186 5 is_stmt 1 view .LVU466
 186:Display/displayHandler.cpp ****     _displayPtr->WriteString("- SAVE/LOAD CONFIGS -", Font_7x10, true);
 1684              		.loc 2 186 27 is_stmt 0 view .LVU467
 1685 0016 0022     		movs	r2, #0
 1686 0018 2068     		ldr	r0, [r4]
 1687 001a 1146     		mov	r1, r2
 1688 001c FFF7FEFF 		bl	_ZN5daisy21OneBitGraphicsDisplay9SetCursorEtt
 1689              	.LVL142:
 1690              		.loc 2 187 5 is_stmt 1 view .LVU468
 1691 0020 2068     		ldr	r0, [r4]
 1692              		.loc 2 187 29 is_stmt 0 view .LVU469
 1693 0022 2349     		ldr	r1, .L55+4
 1694              		.loc 2 187 70 view .LVU470
 1695 0024 0368     		ldr	r3, [r0]
 1696              		.loc 2 187 29 view .LVU471
 1697 0026 0097     		str	r7, [sp]
 1698 0028 D3F82880 		ldr	r8, [r3, #40]
 1699 002c 95E80C00 		ldm	r5, {r2, r3}
 1700 0030 C047     		blx	r8
 1701              	.LVL143:
 188:Display/displayHandler.cpp **** 
 189:Display/displayHandler.cpp ****     _displayPtr->SetCursor(10, 13); _displayPtr->WriteString("Save Configs", Font_7x10, true);
 1702              		.loc 2 189 5 is_stmt 1 view .LVU472
 1703              		.loc 2 189 27 is_stmt 0 view .LVU473
 1704 0032 2068     		ldr	r0, [r4]
 1705 0034 0D22     		movs	r2, #13
 1706 0036 0A21     		movs	r1, #10
 1707 0038 FFF7FEFF 		bl	_ZN5daisy21OneBitGraphicsDisplay9SetCursorEtt
 1708              	.LVL144:
ARM GAS  C:\Users\skipi\AppData\Local\Temp\ccgC1a2T.s 			page 40


 1709              		.loc 2 189 37 is_stmt 1 view .LVU474
 1710 003c 2068     		ldr	r0, [r4]
 1711              		.loc 2 189 61 is_stmt 0 view .LVU475
 1712 003e 1D49     		ldr	r1, .L55+8
 1713              		.loc 2 189 93 view .LVU476
 1714 0040 0368     		ldr	r3, [r0]
 1715              		.loc 2 189 61 view .LVU477
 1716 0042 0097     		str	r7, [sp]
 1717 0044 D3F82880 		ldr	r8, [r3, #40]
 1718 0048 95E80C00 		ldm	r5, {r2, r3}
 1719 004c C047     		blx	r8
 1720              	.LVL145:
 190:Display/displayHandler.cpp ****     _displayPtr->SetCursor(10, 23); _displayPtr->WriteString("Load Configs", Font_7x10, true);
 1721              		.loc 2 190 5 is_stmt 1 view .LVU478
 1722              		.loc 2 190 27 is_stmt 0 view .LVU479
 1723 004e 2068     		ldr	r0, [r4]
 1724 0050 1722     		movs	r2, #23
 1725 0052 0A21     		movs	r1, #10
 1726 0054 FFF7FEFF 		bl	_ZN5daisy21OneBitGraphicsDisplay9SetCursorEtt
 1727              	.LVL146:
 1728              		.loc 2 190 37 is_stmt 1 view .LVU480
 1729 0058 2068     		ldr	r0, [r4]
 1730              		.loc 2 190 61 is_stmt 0 view .LVU481
 1731 005a 1749     		ldr	r1, .L55+12
 1732              		.loc 2 190 93 view .LVU482
 1733 005c 0368     		ldr	r3, [r0]
 1734              		.loc 2 190 61 view .LVU483
 1735 005e 0097     		str	r7, [sp]
 1736 0060 D3F82880 		ldr	r8, [r3, #40]
 1737 0064 95E80C00 		ldm	r5, {r2, r3}
 1738 0068 C047     		blx	r8
 1739              	.LVL147:
 191:Display/displayHandler.cpp ****     _displayPtr->SetCursor(10, 33); _displayPtr->WriteString("Back", Font_7x10, true);
 1740              		.loc 2 191 5 is_stmt 1 view .LVU484
 1741              		.loc 2 191 27 is_stmt 0 view .LVU485
 1742 006a 2068     		ldr	r0, [r4]
 1743 006c 2122     		movs	r2, #33
 1744 006e 0A21     		movs	r1, #10
 1745 0070 FFF7FEFF 		bl	_ZN5daisy21OneBitGraphicsDisplay9SetCursorEtt
 1746              	.LVL148:
 1747              		.loc 2 191 37 is_stmt 1 view .LVU486
 1748 0074 2068     		ldr	r0, [r4]
 1749              		.loc 2 191 61 is_stmt 0 view .LVU487
 1750 0076 1149     		ldr	r1, .L55+16
 1751              		.loc 2 191 85 view .LVU488
 1752 0078 0368     		ldr	r3, [r0]
 1753              		.loc 2 191 61 view .LVU489
 1754 007a 0097     		str	r7, [sp]
 1755 007c D3F82880 		ldr	r8, [r3, #40]
 1756 0080 95E80C00 		ldm	r5, {r2, r3}
 1757 0084 C047     		blx	r8
 1758              	.LVL149:
 192:Display/displayHandler.cpp **** 
 193:Display/displayHandler.cpp ****     int cursorY = 13 + (cursorIndex * 10);
 1759              		.loc 2 193 5 is_stmt 1 view .LVU490
 194:Display/displayHandler.cpp ****     _displayPtr->SetCursor(0, cursorY);
 1760              		.loc 2 194 5 view .LVU491
ARM GAS  C:\Users\skipi\AppData\Local\Temp\ccgC1a2T.s 			page 41


 193:Display/displayHandler.cpp ****     _displayPtr->SetCursor(0, cursorY);
 1761              		.loc 2 193 37 is_stmt 0 view .LVU492
 1762 0086 0A22     		movs	r2, #10
 1763              		.loc 2 194 27 view .LVU493
 1764 0088 2068     		ldr	r0, [r4]
 1765 008a 0021     		movs	r1, #0
 193:Display/displayHandler.cpp ****     _displayPtr->SetCursor(0, cursorY);
 1766              		.loc 2 193 37 view .LVU494
 1767 008c 7243     		muls	r2, r6, r2
 193:Display/displayHandler.cpp ****     _displayPtr->SetCursor(0, cursorY);
 1768              		.loc 2 193 9 view .LVU495
 1769 008e 0D32     		adds	r2, r2, #13
 1770              	.LVL150:
 1771              		.loc 2 194 27 view .LVU496
 1772 0090 92B2     		uxth	r2, r2
 1773              	.LVL151:
 1774              		.loc 2 194 27 view .LVU497
 1775 0092 FFF7FEFF 		bl	_ZN5daisy21OneBitGraphicsDisplay9SetCursorEtt
 1776              	.LVL152:
 195:Display/displayHandler.cpp ****     _displayPtr->WriteString(">", Font_7x10, true);
 1777              		.loc 2 195 5 is_stmt 1 view .LVU498
 1778 0096 2068     		ldr	r0, [r4]
 1779              		.loc 2 195 29 is_stmt 0 view .LVU499
 1780 0098 0949     		ldr	r1, .L55+20
 1781              		.loc 2 195 50 view .LVU500
 1782 009a 0368     		ldr	r3, [r0]
 1783              		.loc 2 195 29 view .LVU501
 1784 009c 0097     		str	r7, [sp]
 1785 009e 9C6A     		ldr	r4, [r3, #40]
 1786              	.LVL153:
 1787              		.loc 2 195 29 view .LVU502
 1788 00a0 95E80C00 		ldm	r5, {r2, r3}
 1789 00a4 A047     		blx	r4
 1790              	.LVL154:
 196:Display/displayHandler.cpp **** 
 197:Display/displayHandler.cpp **** }
 1791              		.loc 2 197 1 view .LVU503
 1792 00a6 02B0     		add	sp, sp, #8
 1793              		.cfi_def_cfa_offset 24
 1794              		@ sp needed
 1795 00a8 BDE8F081 		pop	{r4, r5, r6, r7, r8, pc}
 1796              	.LVL155:
 1797              	.L56:
 1798              		.loc 2 197 1 view .LVU504
 1799              		.align	2
 1800              	.L55:
 1801 00ac 00000000 		.word	Font_7x10
 1802 00b0 00000000 		.word	.LC22
 1803 00b4 16000000 		.word	.LC23
 1804 00b8 23000000 		.word	.LC24
 1805 00bc 3E000000 		.word	.LC14
 1806 00c0 40000000 		.word	.LC7
 1807              		.cfi_endproc
 1808              	.LFE5154:
 1810              		.section	.rodata._ZN14DisplayHandler18DrawFloatParameterEPKcf.str1.1,"aMS",%progbits,1
 1811              	.LC25:
 1812 0000 45444954 		.ascii	"EDIT:\000"
ARM GAS  C:\Users\skipi\AppData\Local\Temp\ccgC1a2T.s 			page 42


 1812      3A00
 1813              	.LC26:
 1814 0006 25642E25 		.ascii	"%d.%02d\000"
 1814      30326400 
 1815              		.section	.text._ZN14DisplayHandler18DrawFloatParameterEPKcf,"ax",%progbits
 1816              		.align	1
 1817              		.global	_ZN14DisplayHandler18DrawFloatParameterEPKcf
 1818              		.syntax unified
 1819              		.thumb
 1820              		.thumb_func
 1821              		.fpu fpv5-d16
 1823              	_ZN14DisplayHandler18DrawFloatParameterEPKcf:
 1824              	.LVL156:
 1825              	.LFB5155:
 198:Display/displayHandler.cpp **** 
 199:Display/displayHandler.cpp **** 
 200:Display/displayHandler.cpp **** void DisplayHandler::DrawFloatParameter(const char* paramName, float value) {
 1826              		.loc 2 200 77 is_stmt 1 view -0
 1827              		.cfi_startproc
 1828              		@ args = 0, pretend = 0, frame = 16
 1829              		@ frame_needed = 0, uses_anonymous_args = 0
 201:Display/displayHandler.cpp ****     _displayPtr->Fill(false);
 1830              		.loc 2 201 5 view .LVU506
 200:Display/displayHandler.cpp ****     _displayPtr->Fill(false);
 1831              		.loc 2 200 77 is_stmt 0 view .LVU507
 1832 0000 2DE9F041 		push	{r4, r5, r6, r7, r8, lr}
 1833              		.cfi_def_cfa_offset 24
 1834              		.cfi_offset 4, -24
 1835              		.cfi_offset 5, -20
 1836              		.cfi_offset 6, -16
 1837              		.cfi_offset 7, -12
 1838              		.cfi_offset 8, -8
 1839              		.cfi_offset 14, -4
 1840 0004 0446     		mov	r4, r0
 1841              		.loc 2 201 5 view .LVU508
 1842 0006 0068     		ldr	r0, [r0]
 1843              	.LVL157:
 200:Display/displayHandler.cpp ****     _displayPtr->Fill(false);
 1844              		.loc 2 200 77 view .LVU509
 1845 0008 0F46     		mov	r7, r1
 1846              		.loc 2 201 22 view .LVU510
 1847 000a 0021     		movs	r1, #0
 1848              	.LVL158:
 1849              		.loc 2 201 28 view .LVU511
 1850 000c 0368     		ldr	r3, [r0]
 202:Display/displayHandler.cpp ****     
 203:Display/displayHandler.cpp ****     _displayPtr->SetCursor(0, 0);
 204:Display/displayHandler.cpp ****     _displayPtr->WriteString("EDIT:", Font_7x10, true);
 1851              		.loc 2 204 29 view .LVU512
 1852 000e 0126     		movs	r6, #1
 200:Display/displayHandler.cpp ****     _displayPtr->Fill(false);
 1853              		.loc 2 200 77 view .LVU513
 1854 0010 2DED028B 		vpush.64	{d8}
 1855              		.cfi_def_cfa_offset 32
 1856              		.cfi_offset 80, -32
 1857              		.cfi_offset 81, -28
 201:Display/displayHandler.cpp ****     
ARM GAS  C:\Users\skipi\AppData\Local\Temp\ccgC1a2T.s 			page 43


 1858              		.loc 2 201 22 view .LVU514
 1859 0014 1B69     		ldr	r3, [r3, #16]
 200:Display/displayHandler.cpp ****     _displayPtr->Fill(false);
 1860              		.loc 2 200 77 view .LVU515
 1861 0016 86B0     		sub	sp, sp, #24
 1862              		.cfi_def_cfa_offset 56
 200:Display/displayHandler.cpp ****     _displayPtr->Fill(false);
 1863              		.loc 2 200 77 view .LVU516
 1864 0018 B0EE408A 		vmov.f32	s16, s0
 201:Display/displayHandler.cpp ****     
 1865              		.loc 2 201 22 view .LVU517
 1866 001c 9847     		blx	r3
 1867              	.LVL159:
 203:Display/displayHandler.cpp ****     _displayPtr->WriteString("EDIT:", Font_7x10, true);
 1868              		.loc 2 203 5 is_stmt 1 view .LVU518
 203:Display/displayHandler.cpp ****     _displayPtr->WriteString("EDIT:", Font_7x10, true);
 1869              		.loc 2 203 27 is_stmt 0 view .LVU519
 1870 001e 0022     		movs	r2, #0
 1871 0020 2068     		ldr	r0, [r4]
 1872 0022 1146     		mov	r1, r2
 1873 0024 FFF7FEFF 		bl	_ZN5daisy21OneBitGraphicsDisplay9SetCursorEtt
 1874              	.LVL160:
 1875              		.loc 2 204 5 is_stmt 1 view .LVU520
 1876 0028 2068     		ldr	r0, [r4]
 1877              		.loc 2 204 29 is_stmt 0 view .LVU521
 1878 002a 1F4B     		ldr	r3, .L58
 1879              		.loc 2 204 54 view .LVU522
 1880 002c 0268     		ldr	r2, [r0]
 1881              		.loc 2 204 29 view .LVU523
 1882 002e 1F49     		ldr	r1, .L58+4
 1883 0030 0096     		str	r6, [sp]
 1884 0032 956A     		ldr	r5, [r2, #40]
 1885 0034 0CCB     		ldm	r3, {r2, r3}
 1886 0036 A847     		blx	r5
 1887              	.LVL161:
 205:Display/displayHandler.cpp ****     
 206:Display/displayHandler.cpp ****     _displayPtr->SetCursor(0, 12);
 1888              		.loc 2 206 5 is_stmt 1 view .LVU524
 1889              		.loc 2 206 27 is_stmt 0 view .LVU525
 1890 0038 2068     		ldr	r0, [r4]
 1891 003a 0C22     		movs	r2, #12
 1892 003c 0021     		movs	r1, #0
 1893 003e FFF7FEFF 		bl	_ZN5daisy21OneBitGraphicsDisplay9SetCursorEtt
 1894              	.LVL162:
 207:Display/displayHandler.cpp ****     _displayPtr->WriteString(paramName, Font_11x18, true);
 1895              		.loc 2 207 5 is_stmt 1 view .LVU526
 1896 0042 2068     		ldr	r0, [r4]
 1897              		.loc 2 207 29 is_stmt 0 view .LVU527
 1898 0044 1A4D     		ldr	r5, .L58+8
 1899 0046 3946     		mov	r1, r7
 1900              		.loc 2 207 57 view .LVU528
 1901 0048 0368     		ldr	r3, [r0]
 1902              		.loc 2 207 29 view .LVU529
 1903 004a 0096     		str	r6, [sp]
 1904 004c D3F82880 		ldr	r8, [r3, #40]
 1905 0050 95E80C00 		ldm	r5, {r2, r3}
 1906 0054 C047     		blx	r8
ARM GAS  C:\Users\skipi\AppData\Local\Temp\ccgC1a2T.s 			page 44


 1907              	.LVL163:
 208:Display/displayHandler.cpp **** 
 209:Display/displayHandler.cpp ****     int intPart = (int)value;
 1908              		.loc 2 209 5 is_stmt 1 view .LVU530
 1909              		.loc 2 209 9 is_stmt 0 view .LVU531
 1910 0056 FDEEC87A 		vcvt.s32.f32	s15, s16
 1911              	.LVL164:
 210:Display/displayHandler.cpp ****     int decPart = (int)((value - (float)intPart) * 100.0f);
 1912              		.loc 2 210 5 is_stmt 1 view .LVU532
 211:Display/displayHandler.cpp ****     if (decPart < 0) decPart = -decPart;
 212:Display/displayHandler.cpp **** 
 213:Display/displayHandler.cpp ****     char valBuffer[16];
 214:Display/displayHandler.cpp ****     sprintf(valBuffer, "%d.%02d", intPart, decPart);
 1913              		.loc 2 214 12 is_stmt 0 view .LVU533
 1914 005a 1649     		ldr	r1, .L58+12
 1915 005c 02A8     		add	r0, sp, #8
 210:Display/displayHandler.cpp ****     int decPart = (int)((value - (float)intPart) * 100.0f);
 1916              		.loc 2 210 34 view .LVU534
 1917 005e B8EEE70A 		vcvt.f32.s32	s0, s15
 1918              		.loc 2 214 12 view .LVU535
 1919 0062 17EE902A 		vmov	r2, s15	@ int
 210:Display/displayHandler.cpp ****     int decPart = (int)((value - (float)intPart) * 100.0f);
 1920              		.loc 2 210 32 view .LVU536
 1921 0066 38EE408A 		vsub.f32	s16, s16, s0
 1922              	.LVL165:
 210:Display/displayHandler.cpp ****     int decPart = (int)((value - (float)intPart) * 100.0f);
 1923              		.loc 2 210 50 view .LVU537
 1924 006a 9FED130A 		vldr.32	s0, .L58+16
 1925 006e 28EE008A 		vmul.f32	s16, s16, s0
 210:Display/displayHandler.cpp ****     int decPart = (int)((value - (float)intPart) * 100.0f);
 1926              		.loc 2 210 9 view .LVU538
 1927 0072 BDEEC87A 		vcvt.s32.f32	s14, s16
 1928 0076 17EE103A 		vmov	r3, s14	@ int
 1929              	.LVL166:
 211:Display/displayHandler.cpp ****     if (decPart < 0) decPart = -decPart;
 1930              		.loc 2 211 5 is_stmt 1 view .LVU539
 213:Display/displayHandler.cpp ****     sprintf(valBuffer, "%d.%02d", intPart, decPart);
 1931              		.loc 2 213 5 view .LVU540
 1932              		.loc 2 214 5 view .LVU541
 1933              		.loc 2 214 12 is_stmt 0 view .LVU542
 1934 007a 002B     		cmp	r3, #0
 1935 007c B8BF     		it	lt
 1936 007e 5B42     		rsblt	r3, r3, #0
 1937              	.LVL167:
 1938              		.loc 2 214 12 view .LVU543
 1939 0080 FFF7FEFF 		bl	sprintf
 1940              	.LVL168:
 215:Display/displayHandler.cpp ****     
 216:Display/displayHandler.cpp ****     _displayPtr->SetCursor(0, 35); 
 1941              		.loc 2 216 5 is_stmt 1 view .LVU544
 1942              		.loc 2 216 27 is_stmt 0 view .LVU545
 1943 0084 2068     		ldr	r0, [r4]
 1944 0086 2322     		movs	r2, #35
 1945 0088 0021     		movs	r1, #0
 1946 008a FFF7FEFF 		bl	_ZN5daisy21OneBitGraphicsDisplay9SetCursorEtt
 1947              	.LVL169:
 217:Display/displayHandler.cpp ****     _displayPtr->WriteString(valBuffer, Font_11x18, true); 
ARM GAS  C:\Users\skipi\AppData\Local\Temp\ccgC1a2T.s 			page 45


 1948              		.loc 2 217 5 is_stmt 1 view .LVU546
 1949 008e 2068     		ldr	r0, [r4]
 1950              		.loc 2 217 29 is_stmt 0 view .LVU547
 1951 0090 02A9     		add	r1, sp, #8
 1952              		.loc 2 217 57 view .LVU548
 1953 0092 0368     		ldr	r3, [r0]
 1954              		.loc 2 217 29 view .LVU549
 1955 0094 0096     		str	r6, [sp]
 1956 0096 9C6A     		ldr	r4, [r3, #40]
 1957              	.LVL170:
 1958              		.loc 2 217 29 view .LVU550
 1959 0098 95E80C00 		ldm	r5, {r2, r3}
 1960 009c A047     		blx	r4
 1961              	.LVL171:
 218:Display/displayHandler.cpp **** }
 1962              		.loc 2 218 1 view .LVU551
 1963 009e 06B0     		add	sp, sp, #24
 1964              		.cfi_def_cfa_offset 32
 1965              		@ sp needed
 1966 00a0 BDEC028B 		vldm	sp!, {d8}
 1967              		.cfi_restore 80
 1968              		.cfi_restore 81
 1969              		.cfi_def_cfa_offset 24
 1970              	.LVL172:
 1971              		.loc 2 218 1 view .LVU552
 1972 00a4 BDE8F081 		pop	{r4, r5, r6, r7, r8, pc}
 1973              	.LVL173:
 1974              	.L59:
 1975              		.loc 2 218 1 view .LVU553
 1976              		.align	2
 1977              	.L58:
 1978 00a8 00000000 		.word	Font_7x10
 1979 00ac 00000000 		.word	.LC25
 1980 00b0 00000000 		.word	Font_11x18
 1981 00b4 06000000 		.word	.LC26
 1982 00b8 0000C842 		.word	1120403456
 1983              		.cfi_endproc
 1984              	.LFE5155:
 1986              		.section	.rodata._ZN14DisplayHandler16DrawIntParameterEPKciS1_.str1.1,"aMS",%progbits,1
 1987              	.LC27:
 1988 0000 45444954 		.ascii	"EDITING:\000"
 1988      494E473A 
 1988      00
 1989              	.LC28:
 1990 0009 524F4F54 		.ascii	"ROOT\000"
 1990      00
 1991              	.LC29:
 1992 000e 5343414C 		.ascii	"SCALE\000"
 1992      4500
 1993              	.LC30:
 1994 0014 50524553 		.ascii	"PRESET\000"
 1994      455400
 1995              	.LC31:
 1996 001b 50726573 		.ascii	"Preset %d\000"
 1996      65742025 
 1996      6400
 1997              	.LC32:
ARM GAS  C:\Users\skipi\AppData\Local\Temp\ccgC1a2T.s 			page 46


 1998 0025 48595354 		.ascii	"HYSTERESIS\000"
 1998      45524553 
 1998      495300
 1999              	.LC33:
 2000 0030 25642025 		.ascii	"%d %%\000"
 2000      2500
 2001              	.LC34:
 2002 0036 46494C54 		.ascii	"FILTER TYPE\000"
 2002      45522054 
 2002      59504500 
 2003              	.LC35:
 2004 0042 256400   		.ascii	"%d\000"
 2005              		.section	.text._ZN14DisplayHandler16DrawIntParameterEPKciS1_,"ax",%progbits
 2006              		.align	1
 2007              		.global	_ZN14DisplayHandler16DrawIntParameterEPKciS1_
 2008              		.syntax unified
 2009              		.thumb
 2010              		.thumb_func
 2011              		.fpu fpv5-d16
 2013              	_ZN14DisplayHandler16DrawIntParameterEPKciS1_:
 2014              	.LVL174:
 2015              	.LFB5156:
 219:Display/displayHandler.cpp **** 
 220:Display/displayHandler.cpp **** void DisplayHandler::DrawIntParameter(const char* paramName, int value, const char* dynamicString) 
 2016              		.loc 2 220 100 is_stmt 1 view -0
 2017              		.cfi_startproc
 2018              		@ args = 0, pretend = 0, frame = 16
 2019              		@ frame_needed = 0, uses_anonymous_args = 0
 221:Display/displayHandler.cpp ****     _displayPtr->Fill(false);
 2020              		.loc 2 221 5 view .LVU555
 220:Display/displayHandler.cpp ****     _displayPtr->Fill(false);
 2021              		.loc 2 220 100 is_stmt 0 view .LVU556
 2022 0000 2DE9F043 		push	{r4, r5, r6, r7, r8, r9, lr}
 2023              		.cfi_def_cfa_offset 28
 2024              		.cfi_offset 4, -28
 2025              		.cfi_offset 5, -24
 2026              		.cfi_offset 6, -20
 2027              		.cfi_offset 7, -16
 2028              		.cfi_offset 8, -12
 2029              		.cfi_offset 9, -8
 2030              		.cfi_offset 14, -4
 2031 0004 0546     		mov	r5, r0
 2032              		.loc 2 221 5 view .LVU557
 2033 0006 0068     		ldr	r0, [r0]
 2034              	.LVL175:
 220:Display/displayHandler.cpp ****     _displayPtr->Fill(false);
 2035              		.loc 2 220 100 view .LVU558
 2036 0008 9846     		mov	r8, r3
 2037 000a 87B0     		sub	sp, sp, #28
 2038              		.cfi_def_cfa_offset 56
 2039              		.loc 2 221 28 view .LVU559
 2040 000c 0368     		ldr	r3, [r0]
 2041              	.LVL176:
 220:Display/displayHandler.cpp ****     _displayPtr->Fill(false);
 2042              		.loc 2 220 100 view .LVU560
 2043 000e 0E46     		mov	r6, r1
 2044              		.loc 2 221 22 view .LVU561
ARM GAS  C:\Users\skipi\AppData\Local\Temp\ccgC1a2T.s 			page 47


 2045 0010 0021     		movs	r1, #0
 2046              	.LVL177:
 220:Display/displayHandler.cpp ****     _displayPtr->Fill(false);
 2047              		.loc 2 220 100 view .LVU562
 2048 0012 1446     		mov	r4, r2
 2049              		.loc 2 221 22 view .LVU563
 2050 0014 1B69     		ldr	r3, [r3, #16]
 222:Display/displayHandler.cpp ****     
 223:Display/displayHandler.cpp ****     _displayPtr->SetCursor(0, 0);
 224:Display/displayHandler.cpp ****     _displayPtr->WriteString("EDITING:", Font_7x10, true);
 2051              		.loc 2 224 29 view .LVU564
 2052 0016 4FF00109 		mov	r9, #1
 221:Display/displayHandler.cpp ****     
 2053              		.loc 2 221 22 view .LVU565
 2054 001a 9847     		blx	r3
 2055              	.LVL178:
 223:Display/displayHandler.cpp ****     _displayPtr->WriteString("EDITING:", Font_7x10, true);
 2056              		.loc 2 223 5 is_stmt 1 view .LVU566
 223:Display/displayHandler.cpp ****     _displayPtr->WriteString("EDITING:", Font_7x10, true);
 2057              		.loc 2 223 27 is_stmt 0 view .LVU567
 2058 001c 0022     		movs	r2, #0
 2059 001e 2868     		ldr	r0, [r5]
 2060 0020 1146     		mov	r1, r2
 2061 0022 FFF7FEFF 		bl	_ZN5daisy21OneBitGraphicsDisplay9SetCursorEtt
 2062              	.LVL179:
 2063              		.loc 2 224 5 is_stmt 1 view .LVU568
 2064 0026 2868     		ldr	r0, [r5]
 2065              		.loc 2 224 29 is_stmt 0 view .LVU569
 2066 0028 394B     		ldr	r3, .L71
 2067              		.loc 2 224 57 view .LVU570
 2068 002a 0268     		ldr	r2, [r0]
 2069              		.loc 2 224 29 view .LVU571
 2070 002c 3949     		ldr	r1, .L71+4
 2071 002e CDF80090 		str	r9, [sp]
 2072 0032 976A     		ldr	r7, [r2, #40]
 2073 0034 0CCB     		ldm	r3, {r2, r3}
 2074 0036 B847     		blx	r7
 2075              	.LVL180:
 225:Display/displayHandler.cpp ****     
 226:Display/displayHandler.cpp ****     _displayPtr->SetCursor(0, 15);
 2076              		.loc 2 226 5 is_stmt 1 view .LVU572
 2077              		.loc 2 226 27 is_stmt 0 view .LVU573
 2078 0038 0F22     		movs	r2, #15
 2079 003a 0021     		movs	r1, #0
 2080 003c 2868     		ldr	r0, [r5]
 2081 003e FFF7FEFF 		bl	_ZN5daisy21OneBitGraphicsDisplay9SetCursorEtt
 2082              	.LVL181:
 227:Display/displayHandler.cpp ****     _displayPtr->WriteString(paramName, Font_11x18, true);
 2083              		.loc 2 227 5 is_stmt 1 view .LVU574
 2084 0042 2868     		ldr	r0, [r5]
 2085              		.loc 2 227 29 is_stmt 0 view .LVU575
 2086 0044 344F     		ldr	r7, .L71+8
 2087 0046 3146     		mov	r1, r6
 2088              		.loc 2 227 57 view .LVU576
 2089 0048 0368     		ldr	r3, [r0]
 2090              		.loc 2 227 29 view .LVU577
 2091 004a CDF80090 		str	r9, [sp]
ARM GAS  C:\Users\skipi\AppData\Local\Temp\ccgC1a2T.s 			page 48


 2092 004e D3F82890 		ldr	r9, [r3, #40]
 2093 0052 97E80C00 		ldm	r7, {r2, r3}
 2094 0056 C847     		blx	r9
 2095              	.LVL182:
 228:Display/displayHandler.cpp **** 
 229:Display/displayHandler.cpp ****     char valBuffer[16];
 2096              		.loc 2 229 5 is_stmt 1 view .LVU578
 230:Display/displayHandler.cpp **** 
 231:Display/displayHandler.cpp ****     if (strcmp(paramName, "ROOT") == 0) {
 2097              		.loc 2 231 5 view .LVU579
 2098              	.LBB24:
 2099              		.loc 2 231 15 is_stmt 0 view .LVU580
 2100 0058 3049     		ldr	r1, .L71+12
 2101 005a 3046     		mov	r0, r6
 2102 005c FFF7FEFF 		bl	strcmp
 2103              	.LVL183:
 2104              		.loc 2 231 5 view .LVU581
 2105 0060 40B9     		cbnz	r0, .L61
 2106              	.LBB25:
 232:Display/displayHandler.cpp ****         static const char* notes[] = {"C", "C#", "D", "D#", "E", "F", "F#", "G", "G#", "A", "A#", "
 2107              		.loc 2 232 9 is_stmt 1 view .LVU582
 233:Display/displayHandler.cpp ****         sprintf(valBuffer, "%s", notes[value % 12]);
 2108              		.loc 2 233 9 view .LVU583
 2109              		.loc 2 233 46 is_stmt 0 view .LVU584
 2110 0062 0C23     		movs	r3, #12
 2111 0064 94FBF3F2 		sdiv	r2, r4, r3
 2112 0068 03FB1244 		mls	r4, r3, r2, r4
 2113              	.LVL184:
 2114              		.loc 2 233 16 view .LVU585
 2115 006c 2C4B     		ldr	r3, .L71+16
 2116              	.L70:
 2117              	.LBE25:
 2118              	.LBB26:
 2119              	.LBB27:
 2120              	.LBB28:
 2121              	.LBB29:
 2122              	.LBB30:
 234:Display/displayHandler.cpp ****     }
 235:Display/displayHandler.cpp ****     else if (strcmp(paramName, "SCALE") == 0) {
 236:Display/displayHandler.cpp ****         static const char* scales[] = {"Major", "MinorN", "MinorA", "MinorM", "Penta", "Chrom", "Es
 237:Display/displayHandler.cpp ****         sprintf(valBuffer, "%s", scales[value % 7]);
 238:Display/displayHandler.cpp ****     }
 239:Display/displayHandler.cpp ****     else if (strcmp(paramName, "PRESET") == 0) {
 240:Display/displayHandler.cpp ****         if(dynamicString != nullptr) {
 241:Display/displayHandler.cpp ****             sprintf(valBuffer, "%s", dynamicString);
 242:Display/displayHandler.cpp ****         } else {
 243:Display/displayHandler.cpp ****             snprintf(valBuffer, sizeof(valBuffer), "Preset %d", value + 1);
 244:Display/displayHandler.cpp ****         }
 245:Display/displayHandler.cpp ****     }
 246:Display/displayHandler.cpp ****     else if (strcmp(paramName, "HYSTERESIS") == 0) {
 247:Display/displayHandler.cpp ****         sprintf(valBuffer, "%d %%", value); 
 248:Display/displayHandler.cpp ****     }
 249:Display/displayHandler.cpp ****     else if (strcmp(paramName, "FILTER TYPE") == 0) { 
 250:Display/displayHandler.cpp ****         static const char* filters[] = {"Btrwth 2nd", "Btrwth 4th", "Bessel 2nd", "Bessel 4th"};
 251:Display/displayHandler.cpp ****         sprintf(valBuffer, "%s", filters[value % 4]);
 2123              		.loc 2 251 16 view .LVU586
 2124 006e 53F82410 		ldr	r1, [r3, r4, lsl #2]
ARM GAS  C:\Users\skipi\AppData\Local\Temp\ccgC1a2T.s 			page 49


 2125 0072 15E0     		b	.L68
 2126              	.LVL185:
 2127              	.L61:
 2128              		.loc 2 251 16 view .LVU587
 2129              	.LBE30:
 2130              	.LBE29:
 2131              	.LBE28:
 2132              	.LBE27:
 2133              	.LBE26:
 2134              	.LBE24:
 235:Display/displayHandler.cpp ****         static const char* scales[] = {"Major", "MinorN", "MinorA", "MinorM", "Penta", "Chrom", "Es
 2135              		.loc 2 235 10 is_stmt 1 view .LVU588
 2136              	.LBB46:
 2137              	.LBB41:
 235:Display/displayHandler.cpp ****         static const char* scales[] = {"Major", "MinorN", "MinorA", "MinorM", "Penta", "Chrom", "Es
 2138              		.loc 2 235 20 is_stmt 0 view .LVU589
 2139 0074 2B49     		ldr	r1, .L71+20
 2140 0076 3046     		mov	r0, r6
 2141 0078 FFF7FEFF 		bl	strcmp
 2142              	.LVL186:
 235:Display/displayHandler.cpp ****         static const char* scales[] = {"Major", "MinorN", "MinorA", "MinorM", "Penta", "Chrom", "Es
 2143              		.loc 2 235 10 view .LVU590
 2144 007c 38B9     		cbnz	r0, .L63
 2145              	.LBB36:
 236:Display/displayHandler.cpp ****         sprintf(valBuffer, "%s", scales[value % 7]);
 2146              		.loc 2 236 9 is_stmt 1 view .LVU591
 237:Display/displayHandler.cpp ****     }
 2147              		.loc 2 237 9 view .LVU592
 237:Display/displayHandler.cpp ****     }
 2148              		.loc 2 237 47 is_stmt 0 view .LVU593
 2149 007e 0722     		movs	r2, #7
 237:Display/displayHandler.cpp ****     }
 2150              		.loc 2 237 16 view .LVU594
 2151 0080 294B     		ldr	r3, .L71+24
 237:Display/displayHandler.cpp ****     }
 2152              		.loc 2 237 47 view .LVU595
 2153 0082 94FBF2F2 		sdiv	r2, r4, r2
 2154 0086 C2EBC202 		rsb	r2, r2, r2, lsl #3
 2155 008a A41A     		subs	r4, r4, r2
 2156              	.LVL187:
 237:Display/displayHandler.cpp ****     }
 2157              		.loc 2 237 47 view .LVU596
 2158 008c EFE7     		b	.L70
 2159              	.LVL188:
 2160              	.L63:
 237:Display/displayHandler.cpp ****     }
 2161              		.loc 2 237 47 view .LVU597
 2162              	.LBE36:
 2163              	.LBE41:
 2164              	.LBE46:
 239:Display/displayHandler.cpp ****         if(dynamicString != nullptr) {
 2165              		.loc 2 239 10 is_stmt 1 view .LVU598
 2166              	.LBB47:
 2167              	.LBB42:
 2168              	.LBB37:
 239:Display/displayHandler.cpp ****         if(dynamicString != nullptr) {
 2169              		.loc 2 239 20 is_stmt 0 view .LVU599
ARM GAS  C:\Users\skipi\AppData\Local\Temp\ccgC1a2T.s 			page 50


 2170 008e 2749     		ldr	r1, .L71+28
 2171 0090 3046     		mov	r0, r6
 2172 0092 FFF7FEFF 		bl	strcmp
 2173              	.LVL189:
 239:Display/displayHandler.cpp ****         if(dynamicString != nullptr) {
 2174              		.loc 2 239 10 view .LVU600
 2175 0096 F0B9     		cbnz	r0, .L64
 240:Display/displayHandler.cpp ****             sprintf(valBuffer, "%s", dynamicString);
 2176              		.loc 2 240 9 is_stmt 1 view .LVU601
 2177 0098 B8F1000F 		cmp	r8, #0
 2178 009c 14D0     		beq	.L65
 241:Display/displayHandler.cpp ****         } else {
 2179              		.loc 2 241 13 view .LVU602
 241:Display/displayHandler.cpp ****         } else {
 2180              		.loc 2 241 20 is_stmt 0 view .LVU603
 2181 009e 4146     		mov	r1, r8
 2182              	.LVL190:
 2183              	.L68:
 241:Display/displayHandler.cpp ****         } else {
 2184              		.loc 2 241 20 view .LVU604
 2185 00a0 02A8     		add	r0, sp, #8
 2186 00a2 FFF7FEFF 		bl	strcpy
 2187              	.LVL191:
 2188              	.L62:
 2189              	.LBE37:
 2190              	.LBE42:
 2191              	.LBE47:
 252:Display/displayHandler.cpp ****     }
 253:Display/displayHandler.cpp **** 
 254:Display/displayHandler.cpp ****     else {
 255:Display/displayHandler.cpp ****         sprintf(valBuffer, "%d", value);
 256:Display/displayHandler.cpp ****     }
 257:Display/displayHandler.cpp ****     
 258:Display/displayHandler.cpp ****     _displayPtr->SetCursor(0, 38);
 2192              		.loc 2 258 5 is_stmt 1 view .LVU605
 2193              		.loc 2 258 27 is_stmt 0 view .LVU606
 2194 00a6 2868     		ldr	r0, [r5]
 2195 00a8 2622     		movs	r2, #38
 2196 00aa 0021     		movs	r1, #0
 2197 00ac FFF7FEFF 		bl	_ZN5daisy21OneBitGraphicsDisplay9SetCursorEtt
 2198              	.LVL192:
 259:Display/displayHandler.cpp ****     _displayPtr->WriteString(valBuffer, Font_11x18, true); 
 2199              		.loc 2 259 5 is_stmt 1 view .LVU607
 2200 00b0 2868     		ldr	r0, [r5]
 2201              		.loc 2 259 29 is_stmt 0 view .LVU608
 2202 00b2 0122     		movs	r2, #1
 2203 00b4 02A9     		add	r1, sp, #8
 2204              		.loc 2 259 57 view .LVU609
 2205 00b6 0368     		ldr	r3, [r0]
 2206              		.loc 2 259 29 view .LVU610
 2207 00b8 0092     		str	r2, [sp]
 2208 00ba 9C6A     		ldr	r4, [r3, #40]
 2209 00bc 97E80C00 		ldm	r7, {r2, r3}
 2210 00c0 A047     		blx	r4
 2211              	.LVL193:
 260:Display/displayHandler.cpp **** }
 2212              		.loc 2 260 1 view .LVU611
ARM GAS  C:\Users\skipi\AppData\Local\Temp\ccgC1a2T.s 			page 51


 2213 00c2 07B0     		add	sp, sp, #28
 2214              		.cfi_remember_state
 2215              		.cfi_def_cfa_offset 28
 2216              		@ sp needed
 2217 00c4 BDE8F083 		pop	{r4, r5, r6, r7, r8, r9, pc}
 2218              	.LVL194:
 2219              	.L65:
 2220              		.cfi_restore_state
 2221              	.LBB48:
 2222              	.LBB43:
 2223              	.LBB38:
 243:Display/displayHandler.cpp ****         }
 2224              		.loc 2 243 13 is_stmt 1 view .LVU612
 243:Display/displayHandler.cpp ****         }
 2225              		.loc 2 243 21 is_stmt 0 view .LVU613
 2226 00c8 631C     		adds	r3, r4, #1
 2227 00ca 194A     		ldr	r2, .L71+32
 2228 00cc 1021     		movs	r1, #16
 2229 00ce 02A8     		add	r0, sp, #8
 2230 00d0 FFF7FEFF 		bl	snprintf
 2231              	.LVL195:
 2232 00d4 E7E7     		b	.L62
 2233              	.L64:
 243:Display/displayHandler.cpp ****         }
 2234              		.loc 2 243 21 view .LVU614
 2235              	.LBE38:
 2236              	.LBE43:
 2237              	.LBE48:
 246:Display/displayHandler.cpp ****         sprintf(valBuffer, "%d %%", value); 
 2238              		.loc 2 246 10 is_stmt 1 view .LVU615
 2239              	.LBB49:
 2240              	.LBB44:
 2241              	.LBB39:
 2242              	.LBB34:
 246:Display/displayHandler.cpp ****         sprintf(valBuffer, "%d %%", value); 
 2243              		.loc 2 246 20 is_stmt 0 view .LVU616
 2244 00d6 1749     		ldr	r1, .L71+36
 2245 00d8 3046     		mov	r0, r6
 2246 00da FFF7FEFF 		bl	strcmp
 2247              	.LVL196:
 246:Display/displayHandler.cpp ****         sprintf(valBuffer, "%d %%", value); 
 2248              		.loc 2 246 10 view .LVU617
 2249 00de 28B9     		cbnz	r0, .L66
 247:Display/displayHandler.cpp ****     }
 2250              		.loc 2 247 9 is_stmt 1 view .LVU618
 247:Display/displayHandler.cpp ****     }
 2251              		.loc 2 247 16 is_stmt 0 view .LVU619
 2252 00e0 2246     		mov	r2, r4
 2253 00e2 1549     		ldr	r1, .L71+40
 2254              	.LVL197:
 2255              	.L69:
 2256              	.LBB32:
 255:Display/displayHandler.cpp ****     }
 2257              		.loc 2 255 16 view .LVU620
 2258 00e4 02A8     		add	r0, sp, #8
 2259 00e6 FFF7FEFF 		bl	sprintf
 2260              	.LVL198:
ARM GAS  C:\Users\skipi\AppData\Local\Temp\ccgC1a2T.s 			page 52


 255:Display/displayHandler.cpp ****     }
 2261              		.loc 2 255 16 view .LVU621
 2262 00ea DCE7     		b	.L62
 2263              	.L66:
 2264              	.LBE32:
 2265              	.LBE34:
 2266              	.LBE39:
 2267              	.LBE44:
 2268              	.LBE49:
 249:Display/displayHandler.cpp ****         static const char* filters[] = {"Btrwth 2nd", "Btrwth 4th", "Bessel 2nd", "Bessel 4th"};
 2269              		.loc 2 249 10 is_stmt 1 view .LVU622
 2270              	.LBB50:
 2271              	.LBB45:
 2272              	.LBB40:
 2273              	.LBB35:
 2274              	.LBB33:
 249:Display/displayHandler.cpp ****         static const char* filters[] = {"Btrwth 2nd", "Btrwth 4th", "Bessel 2nd", "Bessel 4th"};
 2275              		.loc 2 249 20 is_stmt 0 view .LVU623
 2276 00ec 1349     		ldr	r1, .L71+44
 2277 00ee 3046     		mov	r0, r6
 2278 00f0 FFF7FEFF 		bl	strcmp
 2279              	.LVL199:
 249:Display/displayHandler.cpp ****         static const char* filters[] = {"Btrwth 2nd", "Btrwth 4th", "Bessel 2nd", "Bessel 4th"};
 2280              		.loc 2 249 10 view .LVU624
 2281 00f4 40B9     		cbnz	r0, .L67
 2282              	.LBB31:
 250:Display/displayHandler.cpp ****         sprintf(valBuffer, "%s", filters[value % 4]);
 2283              		.loc 2 250 9 is_stmt 1 view .LVU625
 251:Display/displayHandler.cpp ****     }
 2284              		.loc 2 251 9 view .LVU626
 251:Display/displayHandler.cpp ****     }
 2285              		.loc 2 251 48 is_stmt 0 view .LVU627
 2286 00f6 6342     		rsbs	r3, r4, #0
 2287 00f8 04F00304 		and	r4, r4, #3
 2288              	.LVL200:
 251:Display/displayHandler.cpp ****     }
 2289              		.loc 2 251 48 view .LVU628
 2290 00fc 03F00303 		and	r3, r3, #3
 2291 0100 58BF     		it	pl
 2292 0102 5C42     		rsbpl	r4, r3, #0
 251:Display/displayHandler.cpp ****     }
 2293              		.loc 2 251 16 view .LVU629
 2294 0104 0E4B     		ldr	r3, .L71+48
 2295 0106 B2E7     		b	.L70
 2296              	.LVL201:
 2297              	.L67:
 251:Display/displayHandler.cpp ****     }
 2298              		.loc 2 251 16 view .LVU630
 2299              	.LBE31:
 255:Display/displayHandler.cpp ****     }
 2300              		.loc 2 255 9 is_stmt 1 view .LVU631
 255:Display/displayHandler.cpp ****     }
 2301              		.loc 2 255 16 is_stmt 0 view .LVU632
 2302 0108 2246     		mov	r2, r4
 2303 010a 0E49     		ldr	r1, .L71+52
 2304 010c EAE7     		b	.L69
 2305              	.L72:
ARM GAS  C:\Users\skipi\AppData\Local\Temp\ccgC1a2T.s 			page 53


 2306 010e 00BF     		.align	2
 2307              	.L71:
 2308 0110 00000000 		.word	Font_7x10
 2309 0114 00000000 		.word	.LC27
 2310 0118 00000000 		.word	Font_11x18
 2311 011c 09000000 		.word	.LC28
 2312 0120 00000000 		.word	.LANCHOR1
 2313 0124 0E000000 		.word	.LC29
 2314 0128 00000000 		.word	.LANCHOR2
 2315 012c 14000000 		.word	.LC30
 2316 0130 1B000000 		.word	.LC31
 2317 0134 25000000 		.word	.LC32
 2318 0138 30000000 		.word	.LC33
 2319 013c 36000000 		.word	.LC34
 2320 0140 00000000 		.word	.LANCHOR3
 2321 0144 42000000 		.word	.LC35
 2322              	.LBE33:
 2323              	.LBE35:
 2324              	.LBE40:
 2325              	.LBE45:
 2326              	.LBE50:
 2327              		.cfi_endproc
 2328              	.LFE5156:
 2330              		.section	.rodata._ZN14DisplayHandler10DrawStateWEN11MenuManager8MenuDataEPK8Preset_s.str1.1,"aMS",
 2331              	.LC36:
 2332 0000 544F5543 		.ascii	"TOUCHTHS_VALUE\000"
 2332      48544853 
 2332      5F56414C 
 2332      554500
 2333              	.LC37:
 2334 000f 52454C54 		.ascii	"RELTHS_VALUE\000"
 2334      48535F56 
 2334      414C5545 
 2334      00
 2335              	.LC38:
 2336 001c 44454C54 		.ascii	"DELTA\000"
 2336      4100
 2337              	.LC39:
 2338 0022 43555256 		.ascii	"CURVE\000"
 2338      4500
 2339              	.LC40:
 2340 0028 4F435441 		.ascii	"OCTAVE\000"
 2340      564500
 2341              	.LC41:
 2342 002f 53415645 		.ascii	"SAVE CFG\000"
 2342      20434647 
 2342      00
 2343              	.LC42:
 2344 0038 4C4F4144 		.ascii	"LOAD CFG\000"
 2344      20434647 
 2344      00
 2345              		.section	.text._ZN14DisplayHandler10DrawStateWEN11MenuManager8MenuDataEPK8Preset_s,"ax",%progbits
 2346              		.align	1
 2347              		.global	_ZN14DisplayHandler10DrawStateWEN11MenuManager8MenuDataEPK8Preset_s
 2348              		.syntax unified
 2349              		.thumb
 2350              		.thumb_func
ARM GAS  C:\Users\skipi\AppData\Local\Temp\ccgC1a2T.s 			page 54


 2351              		.fpu fpv5-d16
 2353              	_ZN14DisplayHandler10DrawStateWEN11MenuManager8MenuDataEPK8Preset_s:
 2354              	.LVL202:
 2355              	.LFB5157:
 261:Display/displayHandler.cpp **** 
 262:Display/displayHandler.cpp **** void DisplayHandler::DrawStateW (MenuManager::MenuData ui_data, const Preset_s* presets_array) {
 2356              		.loc 2 262 96 is_stmt 1 view -0
 2357              		.cfi_startproc
 2358              		@ args = 56, pretend = 16, frame = 0
 2359              		@ frame_needed = 0, uses_anonymous_args = 0
 2360              		@ link register save eliminated.
 2361              		.loc 2 262 96 is_stmt 0 view .LVU634
 2362 0000 84B0     		sub	sp, sp, #16
 2363              		.cfi_def_cfa_offset 16
 2364 0002 10B4     		push	{r4}
 2365              		.cfi_def_cfa_offset 20
 2366              		.cfi_offset 4, -20
 2367              		.loc 2 262 96 view .LVU635
 2368 0004 02AC     		add	r4, sp, #8
 2369 0006 84E80E00 		stm	r4, {r1, r2, r3}
 2370 000a 9DF80840 		ldrb	r4, [sp, #8]	@ zero_extendqisi2
 2371 000e 0E9B     		ldr	r3, [sp, #56]
 2372 0010 013C     		subs	r4, r4, #1
 2373 0012 9DF80910 		ldrb	r1, [sp, #9]	@ zero_extendqisi2
 2374              	.LVL203:
 2375              		.loc 2 262 96 view .LVU636
 2376 0016 0D9A     		ldr	r2, [sp, #52]
 263:Display/displayHandler.cpp ****     int cursor_idx = 0;
 2377              		.loc 2 263 5 is_stmt 1 view .LVU637
 2378              	.LVL204:
 264:Display/displayHandler.cpp ****     switch (ui_data.current_state) {
 2379              		.loc 2 264 5 view .LVU638
 2380 0018 102C     		cmp	r4, #16
 2381 001a 00F2B680 		bhi	.L73
 2382 001e DFE804F0 		tbb	[pc, r4]
 2383              	.L76:
 2384 0022 09       		.byte	(.L92-.L76)/2
 2385 0023 22       		.byte	(.L91-.L76)/2
 2386 0024 3F       		.byte	(.L90-.L76)/2
 2387 0025 A2       		.byte	(.L89-.L76)/2
 2388 0026 54       		.byte	(.L88-.L76)/2
 2389 0027 65       		.byte	(.L87-.L76)/2
 2390 0028 8A       		.byte	(.L86-.L76)/2
 2391 0029 82       		.byte	(.L85-.L76)/2
 2392 002a 8E       		.byte	(.L84-.L76)/2
 2393 002b 92       		.byte	(.L83-.L76)/2
 2394 002c 96       		.byte	(.L82-.L76)/2
 2395 002d 9A       		.byte	(.L81-.L76)/2
 2396 002e 9E       		.byte	(.L80-.L76)/2
 2397 002f 76       		.byte	(.L79-.L76)/2
 2398 0030 7E       		.byte	(.L78-.L76)/2
 2399 0031 B1       		.byte	(.L77-.L76)/2
 2400 0032 AE       		.byte	(.L75-.L76)/2
 2401 0033 00       		.p2align 1
 2402              	.L92:
 265:Display/displayHandler.cpp ****         case MenuManager::MAIN_MENU:
 2403              		.loc 2 265 9 view .LVU639
ARM GAS  C:\Users\skipi\AppData\Local\Temp\ccgC1a2T.s 			page 55


 266:Display/displayHandler.cpp ****             if (ui_data.cursor_state == MenuManager::CALIBRATION_HUB) cursor_idx = 0;
 2404              		.loc 2 266 13 view .LVU640
 2405 0034 0229     		cmp	r1, #2
 2406 0036 0ED0     		beq	.L99
 267:Display/displayHandler.cpp ****             else if (ui_data.cursor_state == MenuManager::SCALES_HUB) cursor_idx = 1;
 2407              		.loc 2 267 18 view .LVU641
 2408 0038 0329     		cmp	r1, #3
 2409 003a 0ED0     		beq	.L100
 268:Display/displayHandler.cpp ****             else if (ui_data.cursor_state == MenuManager::PRESETS_HUB) cursor_idx = 2;
 2410              		.loc 2 268 18 view .LVU642
 2411 003c 0429     		cmp	r1, #4
 2412 003e 0ED0     		beq	.L101
 269:Display/displayHandler.cpp ****             else if (ui_data.cursor_state == MenuManager::FLASH_HUB) cursor_idx = 3;
 2413              		.loc 2 269 18 view .LVU643
 2414 0040 0629     		cmp	r1, #6
 2415 0042 0ED0     		beq	.L102
 270:Display/displayHandler.cpp ****             else if (ui_data.cursor_state == MenuManager::BACK) cursor_idx = 4;
 2416              		.loc 2 270 18 view .LVU644
 2417              		.loc 2 270 76 is_stmt 0 view .LVU645
 2418 0044 1229     		cmp	r1, #18
 2419 0046 14BF     		ite	ne
 2420 0048 0021     		movne	r1, #0
 2421              	.LVL205:
 2422              		.loc 2 270 76 view .LVU646
 2423 004a 0421     		moveq	r1, #4
 2424              	.L93:
 2425              	.LVL206:
 271:Display/displayHandler.cpp ****             DrawMainMenu(cursor_idx);
 2426              		.loc 2 271 13 is_stmt 1 view .LVU647
 272:Display/displayHandler.cpp ****             break;
 273:Display/displayHandler.cpp **** 
 274:Display/displayHandler.cpp ****         case MenuManager::CALIBRATION_HUB:
 275:Display/displayHandler.cpp ****             if (ui_data.cursor_state == MenuManager::DELTA) cursor_idx = 0;
 276:Display/displayHandler.cpp ****             else if (ui_data.cursor_state == MenuManager::CURVE) cursor_idx = 1;
 277:Display/displayHandler.cpp ****             else if (ui_data.cursor_state == MenuManager::HYSTERESIS) cursor_idx = 2;
 278:Display/displayHandler.cpp ****             else if (ui_data.cursor_state == MenuManager::FILTER_TYPE) cursor_idx = 3; 
 279:Display/displayHandler.cpp ****             else if (ui_data.cursor_state == MenuManager::THRESHOLDS_HUB) cursor_idx = 4;
 280:Display/displayHandler.cpp ****             else if (ui_data.cursor_state == MenuManager::BACK) cursor_idx = 5;
 281:Display/displayHandler.cpp ****             DrawCalibrationHub(cursor_idx);
 282:Display/displayHandler.cpp ****             break;
 283:Display/displayHandler.cpp **** 
 284:Display/displayHandler.cpp ****         case MenuManager::SCALES_HUB:
 285:Display/displayHandler.cpp ****             if (ui_data.cursor_state == MenuManager::ROOT) cursor_idx = 0;
 286:Display/displayHandler.cpp ****             else if (ui_data.cursor_state == MenuManager::SCALE) cursor_idx = 1;
 287:Display/displayHandler.cpp ****             else if (ui_data.cursor_state == MenuManager::OCTAVE) cursor_idx = 2;
 288:Display/displayHandler.cpp ****             else if (ui_data.cursor_state == MenuManager::BACK) cursor_idx = 3;
 289:Display/displayHandler.cpp ****             DrawScalesHub(cursor_idx);
 290:Display/displayHandler.cpp ****             break;
 291:Display/displayHandler.cpp **** 
 292:Display/displayHandler.cpp ****         case MenuManager::THRESHOLDS_HUB:
 293:Display/displayHandler.cpp ****             if (ui_data.cursor_state == MenuManager::TOUCHTHS_VALUE) cursor_idx = 0;
 294:Display/displayHandler.cpp ****             else if (ui_data.cursor_state == MenuManager::RELTHS_VALUE) cursor_idx = 1;
 295:Display/displayHandler.cpp ****             else if (ui_data.cursor_state == MenuManager::BACK) cursor_idx = 2;
 296:Display/displayHandler.cpp ****             DrawThresholdsHub(cursor_idx);
 297:Display/displayHandler.cpp ****             break;
 298:Display/displayHandler.cpp **** 
 299:Display/displayHandler.cpp ****         case MenuManager::FLASH_HUB:
ARM GAS  C:\Users\skipi\AppData\Local\Temp\ccgC1a2T.s 			page 56


 300:Display/displayHandler.cpp ****             if (ui_data.cursor_state == MenuManager::SAVE_CONFIG) cursor_idx = 0;
 301:Display/displayHandler.cpp ****             else if (ui_data.cursor_state == MenuManager::LOAD_CONFIG) cursor_idx = 1;
 302:Display/displayHandler.cpp ****             else if (ui_data.cursor_state == MenuManager::BACK) cursor_idx = 2;
 303:Display/displayHandler.cpp ****             DrawFlashHub(cursor_idx);
 304:Display/displayHandler.cpp ****             break;
 305:Display/displayHandler.cpp **** 
 306:Display/displayHandler.cpp ****         // --- LEAFS ---
 307:Display/displayHandler.cpp ****         case MenuManager::TOUCHTHS_VALUE:
 308:Display/displayHandler.cpp ****             DrawIntParameter("TOUCHTHS_VALUE", ui_data.touchths_value);
 309:Display/displayHandler.cpp ****             break;
 310:Display/displayHandler.cpp ****         case MenuManager::RELTHS_VALUE:
 311:Display/displayHandler.cpp ****             DrawIntParameter("RELTHS_VALUE", ui_data.relths_value);
 312:Display/displayHandler.cpp ****             break;
 313:Display/displayHandler.cpp ****         case MenuManager::DELTA:
 314:Display/displayHandler.cpp ****             DrawFloatParameter("DELTA", ui_data.delta);
 315:Display/displayHandler.cpp ****             break;
 316:Display/displayHandler.cpp ****         case MenuManager::CURVE:
 317:Display/displayHandler.cpp ****             DrawFloatParameter("CURVE", ui_data.curve);
 318:Display/displayHandler.cpp ****             break;
 319:Display/displayHandler.cpp ****         case MenuManager::HYSTERESIS:
 320:Display/displayHandler.cpp ****             DrawIntParameter("HYSTERESIS", ui_data.hysteresis);
 321:Display/displayHandler.cpp ****             break;
 322:Display/displayHandler.cpp ****         case MenuManager::FILTER_TYPE: 
 323:Display/displayHandler.cpp ****             DrawIntParameter("FILTER TYPE", ui_data.filter_type);
 324:Display/displayHandler.cpp ****             break;
 325:Display/displayHandler.cpp ****         case MenuManager::ROOT:
 326:Display/displayHandler.cpp ****             DrawIntParameter("ROOT", ui_data.root);
 327:Display/displayHandler.cpp ****             break;
 328:Display/displayHandler.cpp ****         case MenuManager::SCALE:
 329:Display/displayHandler.cpp ****             DrawIntParameter("SCALE", ui_data.scale);
 330:Display/displayHandler.cpp ****             break;
 331:Display/displayHandler.cpp ****         case MenuManager::OCTAVE:
 332:Display/displayHandler.cpp ****             DrawIntParameter("OCTAVE", ui_data.octave);
 333:Display/displayHandler.cpp ****             break;
 334:Display/displayHandler.cpp ****         case MenuManager::PRESETS_HUB:
 335:Display/displayHandler.cpp ****             if(presets_array != nullptr && ui_data.preset < PRESET_NUM) {
 336:Display/displayHandler.cpp ****                 DrawIntParameter("PRESET", ui_data.preset, presets_array[ui_data.preset].name);
 337:Display/displayHandler.cpp ****             } else {
 338:Display/displayHandler.cpp ****                 DrawIntParameter("PRESET", ui_data.preset);
 339:Display/displayHandler.cpp ****             }
 340:Display/displayHandler.cpp ****             break;
 341:Display/displayHandler.cpp ****         case MenuManager::SAVE_CONFIG:
 342:Display/displayHandler.cpp ****             DrawIntParameter("SAVE CFG", ui_data.configs_idx);
 343:Display/displayHandler.cpp ****             break;
 344:Display/displayHandler.cpp ****         case MenuManager::LOAD_CONFIG:
 345:Display/displayHandler.cpp ****             DrawIntParameter("LOAD CFG", ui_data.configs_idx);
 346:Display/displayHandler.cpp ****             break;
 347:Display/displayHandler.cpp ****         
 348:Display/displayHandler.cpp ****         default:
 349:Display/displayHandler.cpp ****             break;
 350:Display/displayHandler.cpp ****     }
 351:Display/displayHandler.cpp **** } 
 2427              		.loc 2 351 1 is_stmt 0 view .LVU648
 2428 004c 5DF8044B 		ldr	r4, [sp], #4
 2429              		.cfi_remember_state
 2430              		.cfi_restore 4
 2431              		.cfi_def_cfa_offset 16
ARM GAS  C:\Users\skipi\AppData\Local\Temp\ccgC1a2T.s 			page 57


 2432 0050 04B0     		add	sp, sp, #16
 2433              		.cfi_def_cfa_offset 0
 271:Display/displayHandler.cpp ****             DrawMainMenu(cursor_idx);
 2434              		.loc 2 271 25 view .LVU649
 2435 0052 FFF7FEBF 		b	_ZN14DisplayHandler12DrawMainMenuEi
 2436              	.LVL207:
 2437              	.L99:
 2438              		.cfi_restore_state
 266:Display/displayHandler.cpp ****             else if (ui_data.cursor_state == MenuManager::SCALES_HUB) cursor_idx = 1;
 2439              		.loc 2 266 82 view .LVU650
 2440 0056 0021     		movs	r1, #0
 2441              	.LVL208:
 266:Display/displayHandler.cpp ****             else if (ui_data.cursor_state == MenuManager::SCALES_HUB) cursor_idx = 1;
 2442              		.loc 2 266 82 view .LVU651
 2443 0058 F8E7     		b	.L93
 2444              	.LVL209:
 2445              	.L100:
 267:Display/displayHandler.cpp ****             else if (ui_data.cursor_state == MenuManager::PRESETS_HUB) cursor_idx = 2;
 2446              		.loc 2 267 82 view .LVU652
 2447 005a 0121     		movs	r1, #1
 2448              	.LVL210:
 267:Display/displayHandler.cpp ****             else if (ui_data.cursor_state == MenuManager::PRESETS_HUB) cursor_idx = 2;
 2449              		.loc 2 267 82 view .LVU653
 2450 005c F6E7     		b	.L93
 2451              	.LVL211:
 2452              	.L101:
 268:Display/displayHandler.cpp ****             else if (ui_data.cursor_state == MenuManager::FLASH_HUB) cursor_idx = 3;
 2453              		.loc 2 268 83 view .LVU654
 2454 005e 0221     		movs	r1, #2
 2455              	.LVL212:
 268:Display/displayHandler.cpp ****             else if (ui_data.cursor_state == MenuManager::FLASH_HUB) cursor_idx = 3;
 2456              		.loc 2 268 83 view .LVU655
 2457 0060 F4E7     		b	.L93
 2458              	.LVL213:
 2459              	.L102:
 269:Display/displayHandler.cpp ****             else if (ui_data.cursor_state == MenuManager::BACK) cursor_idx = 4;
 2460              		.loc 2 269 81 view .LVU656
 2461 0062 0321     		movs	r1, #3
 2462              	.LVL214:
 269:Display/displayHandler.cpp ****             else if (ui_data.cursor_state == MenuManager::BACK) cursor_idx = 4;
 2463              		.loc 2 269 81 view .LVU657
 2464 0064 F2E7     		b	.L93
 2465              	.LVL215:
 2466              	.L91:
 274:Display/displayHandler.cpp ****             if (ui_data.cursor_state == MenuManager::DELTA) cursor_idx = 0;
 2467              		.loc 2 274 9 is_stmt 1 view .LVU658
 275:Display/displayHandler.cpp ****             else if (ui_data.cursor_state == MenuManager::CURVE) cursor_idx = 1;
 2468              		.loc 2 275 13 view .LVU659
 2469 0066 0829     		cmp	r1, #8
 2470 0068 10D0     		beq	.L104
 276:Display/displayHandler.cpp ****             else if (ui_data.cursor_state == MenuManager::HYSTERESIS) cursor_idx = 2;
 2471              		.loc 2 276 18 view .LVU660
 2472 006a 0729     		cmp	r1, #7
 2473 006c 10D0     		beq	.L105
 277:Display/displayHandler.cpp ****             else if (ui_data.cursor_state == MenuManager::FILTER_TYPE) cursor_idx = 3; 
 2474              		.loc 2 277 18 view .LVU661
 2475 006e 0929     		cmp	r1, #9
ARM GAS  C:\Users\skipi\AppData\Local\Temp\ccgC1a2T.s 			page 58


 2476 0070 10D0     		beq	.L106
 278:Display/displayHandler.cpp ****             else if (ui_data.cursor_state == MenuManager::THRESHOLDS_HUB) cursor_idx = 4;
 2477              		.loc 2 278 18 view .LVU662
 2478 0072 0A29     		cmp	r1, #10
 2479 0074 10D0     		beq	.L107
 279:Display/displayHandler.cpp ****             else if (ui_data.cursor_state == MenuManager::BACK) cursor_idx = 5;
 2480              		.loc 2 279 18 view .LVU663
 2481 0076 0529     		cmp	r1, #5
 2482 0078 10D0     		beq	.L108
 280:Display/displayHandler.cpp ****             DrawCalibrationHub(cursor_idx);
 2483              		.loc 2 280 18 view .LVU664
 280:Display/displayHandler.cpp ****             DrawCalibrationHub(cursor_idx);
 2484              		.loc 2 280 76 is_stmt 0 view .LVU665
 2485 007a 1229     		cmp	r1, #18
 2486 007c 14BF     		ite	ne
 2487 007e 0021     		movne	r1, #0
 2488              	.LVL216:
 280:Display/displayHandler.cpp ****             DrawCalibrationHub(cursor_idx);
 2489              		.loc 2 280 76 view .LVU666
 2490 0080 0521     		moveq	r1, #5
 2491              	.L94:
 2492              	.LVL217:
 281:Display/displayHandler.cpp ****             break;
 2493              		.loc 2 281 13 is_stmt 1 view .LVU667
 2494              		.loc 2 351 1 is_stmt 0 view .LVU668
 2495 0082 5DF8044B 		ldr	r4, [sp], #4
 2496              		.cfi_remember_state
 2497              		.cfi_restore 4
 2498              		.cfi_def_cfa_offset 16
 2499 0086 04B0     		add	sp, sp, #16
 2500              		.cfi_def_cfa_offset 0
 281:Display/displayHandler.cpp ****             break;
 2501              		.loc 2 281 31 view .LVU669
 2502 0088 FFF7FEBF 		b	_ZN14DisplayHandler18DrawCalibrationHubEi
 2503              	.LVL218:
 2504              	.L104:
 2505              		.cfi_restore_state
 275:Display/displayHandler.cpp ****             else if (ui_data.cursor_state == MenuManager::CURVE) cursor_idx = 1;
 2506              		.loc 2 275 72 view .LVU670
 2507 008c 0021     		movs	r1, #0
 2508              	.LVL219:
 275:Display/displayHandler.cpp ****             else if (ui_data.cursor_state == MenuManager::CURVE) cursor_idx = 1;
 2509              		.loc 2 275 72 view .LVU671
 2510 008e F8E7     		b	.L94
 2511              	.LVL220:
 2512              	.L105:
 276:Display/displayHandler.cpp ****             else if (ui_data.cursor_state == MenuManager::HYSTERESIS) cursor_idx = 2;
 2513              		.loc 2 276 77 view .LVU672
 2514 0090 0121     		movs	r1, #1
 2515              	.LVL221:
 276:Display/displayHandler.cpp ****             else if (ui_data.cursor_state == MenuManager::HYSTERESIS) cursor_idx = 2;
 2516              		.loc 2 276 77 view .LVU673
 2517 0092 F6E7     		b	.L94
 2518              	.LVL222:
 2519              	.L106:
 277:Display/displayHandler.cpp ****             else if (ui_data.cursor_state == MenuManager::FILTER_TYPE) cursor_idx = 3; 
 2520              		.loc 2 277 82 view .LVU674
ARM GAS  C:\Users\skipi\AppData\Local\Temp\ccgC1a2T.s 			page 59


 2521 0094 0221     		movs	r1, #2
 2522              	.LVL223:
 277:Display/displayHandler.cpp ****             else if (ui_data.cursor_state == MenuManager::FILTER_TYPE) cursor_idx = 3; 
 2523              		.loc 2 277 82 view .LVU675
 2524 0096 F4E7     		b	.L94
 2525              	.LVL224:
 2526              	.L107:
 278:Display/displayHandler.cpp ****             else if (ui_data.cursor_state == MenuManager::THRESHOLDS_HUB) cursor_idx = 4;
 2527              		.loc 2 278 83 view .LVU676
 2528 0098 0321     		movs	r1, #3
 2529              	.LVL225:
 278:Display/displayHandler.cpp ****             else if (ui_data.cursor_state == MenuManager::THRESHOLDS_HUB) cursor_idx = 4;
 2530              		.loc 2 278 83 view .LVU677
 2531 009a F2E7     		b	.L94
 2532              	.LVL226:
 2533              	.L108:
 279:Display/displayHandler.cpp ****             else if (ui_data.cursor_state == MenuManager::BACK) cursor_idx = 5;
 2534              		.loc 2 279 86 view .LVU678
 2535 009c 0421     		movs	r1, #4
 2536              	.LVL227:
 279:Display/displayHandler.cpp ****             else if (ui_data.cursor_state == MenuManager::BACK) cursor_idx = 5;
 2537              		.loc 2 279 86 view .LVU679
 2538 009e F0E7     		b	.L94
 2539              	.LVL228:
 2540              	.L90:
 284:Display/displayHandler.cpp ****             if (ui_data.cursor_state == MenuManager::ROOT) cursor_idx = 0;
 2541              		.loc 2 284 9 is_stmt 1 view .LVU680
 285:Display/displayHandler.cpp ****             else if (ui_data.cursor_state == MenuManager::SCALE) cursor_idx = 1;
 2542              		.loc 2 285 13 view .LVU681
 2543 00a0 0B29     		cmp	r1, #11
 2544 00a2 0CD0     		beq	.L110
 286:Display/displayHandler.cpp ****             else if (ui_data.cursor_state == MenuManager::OCTAVE) cursor_idx = 2;
 2545              		.loc 2 286 18 view .LVU682
 2546 00a4 0C29     		cmp	r1, #12
 2547 00a6 0CD0     		beq	.L111
 287:Display/displayHandler.cpp ****             else if (ui_data.cursor_state == MenuManager::BACK) cursor_idx = 3;
 2548              		.loc 2 287 18 view .LVU683
 2549 00a8 0D29     		cmp	r1, #13
 2550 00aa 0CD0     		beq	.L112
 288:Display/displayHandler.cpp ****             DrawScalesHub(cursor_idx);
 2551              		.loc 2 288 18 view .LVU684
 288:Display/displayHandler.cpp ****             DrawScalesHub(cursor_idx);
 2552              		.loc 2 288 76 is_stmt 0 view .LVU685
 2553 00ac 1229     		cmp	r1, #18
 2554 00ae 14BF     		ite	ne
 2555 00b0 0021     		movne	r1, #0
 2556              	.LVL229:
 288:Display/displayHandler.cpp ****             DrawScalesHub(cursor_idx);
 2557              		.loc 2 288 76 view .LVU686
 2558 00b2 0321     		moveq	r1, #3
 2559              	.L95:
 2560              	.LVL230:
 289:Display/displayHandler.cpp ****             break;
 2561              		.loc 2 289 13 is_stmt 1 view .LVU687
 2562              		.loc 2 351 1 is_stmt 0 view .LVU688
 2563 00b4 5DF8044B 		ldr	r4, [sp], #4
 2564              		.cfi_remember_state
ARM GAS  C:\Users\skipi\AppData\Local\Temp\ccgC1a2T.s 			page 60


 2565              		.cfi_restore 4
 2566              		.cfi_def_cfa_offset 16
 2567 00b8 04B0     		add	sp, sp, #16
 2568              		.cfi_def_cfa_offset 0
 289:Display/displayHandler.cpp ****             break;
 2569              		.loc 2 289 26 view .LVU689
 2570 00ba FFF7FEBF 		b	_ZN14DisplayHandler13DrawScalesHubEi
 2571              	.LVL231:
 2572              	.L110:
 2573              		.cfi_restore_state
 285:Display/displayHandler.cpp ****             else if (ui_data.cursor_state == MenuManager::SCALE) cursor_idx = 1;
 2574              		.loc 2 285 71 view .LVU690
 2575 00be 0021     		movs	r1, #0
 2576              	.LVL232:
 285:Display/displayHandler.cpp ****             else if (ui_data.cursor_state == MenuManager::SCALE) cursor_idx = 1;
 2577              		.loc 2 285 71 view .LVU691
 2578 00c0 F8E7     		b	.L95
 2579              	.LVL233:
 2580              	.L111:
 286:Display/displayHandler.cpp ****             else if (ui_data.cursor_state == MenuManager::OCTAVE) cursor_idx = 2;
 2581              		.loc 2 286 77 view .LVU692
 2582 00c2 0121     		movs	r1, #1
 2583              	.LVL234:
 286:Display/displayHandler.cpp ****             else if (ui_data.cursor_state == MenuManager::OCTAVE) cursor_idx = 2;
 2584              		.loc 2 286 77 view .LVU693
 2585 00c4 F6E7     		b	.L95
 2586              	.LVL235:
 2587              	.L112:
 287:Display/displayHandler.cpp ****             else if (ui_data.cursor_state == MenuManager::BACK) cursor_idx = 3;
 2588              		.loc 2 287 78 view .LVU694
 2589 00c6 0221     		movs	r1, #2
 2590              	.LVL236:
 287:Display/displayHandler.cpp ****             else if (ui_data.cursor_state == MenuManager::BACK) cursor_idx = 3;
 2591              		.loc 2 287 78 view .LVU695
 2592 00c8 F4E7     		b	.L95
 2593              	.LVL237:
 2594              	.L88:
 292:Display/displayHandler.cpp ****             if (ui_data.cursor_state == MenuManager::TOUCHTHS_VALUE) cursor_idx = 0;
 2595              		.loc 2 292 9 is_stmt 1 view .LVU696
 293:Display/displayHandler.cpp ****             else if (ui_data.cursor_state == MenuManager::RELTHS_VALUE) cursor_idx = 1;
 2596              		.loc 2 293 13 view .LVU697
 2597 00ca 0E29     		cmp	r1, #14
 2598 00cc 0AD0     		beq	.L114
 294:Display/displayHandler.cpp ****             else if (ui_data.cursor_state == MenuManager::BACK) cursor_idx = 2;
 2599              		.loc 2 294 18 view .LVU698
 2600 00ce 0F29     		cmp	r1, #15
 2601 00d0 0AD0     		beq	.L115
 295:Display/displayHandler.cpp ****             DrawThresholdsHub(cursor_idx);
 2602              		.loc 2 295 18 view .LVU699
 295:Display/displayHandler.cpp ****             DrawThresholdsHub(cursor_idx);
 2603              		.loc 2 295 76 is_stmt 0 view .LVU700
 2604 00d2 1229     		cmp	r1, #18
 2605 00d4 14BF     		ite	ne
 2606 00d6 0021     		movne	r1, #0
 2607              	.LVL238:
 295:Display/displayHandler.cpp ****             DrawThresholdsHub(cursor_idx);
 2608              		.loc 2 295 76 view .LVU701
ARM GAS  C:\Users\skipi\AppData\Local\Temp\ccgC1a2T.s 			page 61


 2609 00d8 0221     		moveq	r1, #2
 2610              	.L96:
 2611              	.LVL239:
 296:Display/displayHandler.cpp ****             break;
 2612              		.loc 2 296 13 is_stmt 1 view .LVU702
 2613              		.loc 2 351 1 is_stmt 0 view .LVU703
 2614 00da 5DF8044B 		ldr	r4, [sp], #4
 2615              		.cfi_remember_state
 2616              		.cfi_restore 4
 2617              		.cfi_def_cfa_offset 16
 2618 00de 04B0     		add	sp, sp, #16
 2619              		.cfi_def_cfa_offset 0
 296:Display/displayHandler.cpp ****             break;
 2620              		.loc 2 296 30 view .LVU704
 2621 00e0 FFF7FEBF 		b	_ZN14DisplayHandler17DrawThresholdsHubEi
 2622              	.LVL240:
 2623              	.L114:
 2624              		.cfi_restore_state
 293:Display/displayHandler.cpp ****             else if (ui_data.cursor_state == MenuManager::RELTHS_VALUE) cursor_idx = 1;
 2625              		.loc 2 293 81 view .LVU705
 2626 00e4 0021     		movs	r1, #0
 2627              	.LVL241:
 293:Display/displayHandler.cpp ****             else if (ui_data.cursor_state == MenuManager::RELTHS_VALUE) cursor_idx = 1;
 2628              		.loc 2 293 81 view .LVU706
 2629 00e6 F8E7     		b	.L96
 2630              	.LVL242:
 2631              	.L115:
 294:Display/displayHandler.cpp ****             else if (ui_data.cursor_state == MenuManager::BACK) cursor_idx = 2;
 2632              		.loc 2 294 84 view .LVU707
 2633 00e8 0121     		movs	r1, #1
 2634              	.LVL243:
 294:Display/displayHandler.cpp ****             else if (ui_data.cursor_state == MenuManager::BACK) cursor_idx = 2;
 2635              		.loc 2 294 84 view .LVU708
 2636 00ea F6E7     		b	.L96
 2637              	.LVL244:
 2638              	.L87:
 299:Display/displayHandler.cpp ****             if (ui_data.cursor_state == MenuManager::SAVE_CONFIG) cursor_idx = 0;
 2639              		.loc 2 299 9 is_stmt 1 view .LVU709
 300:Display/displayHandler.cpp ****             else if (ui_data.cursor_state == MenuManager::LOAD_CONFIG) cursor_idx = 1;
 2640              		.loc 2 300 13 view .LVU710
 2641 00ec 1129     		cmp	r1, #17
 2642 00ee 0AD0     		beq	.L117
 301:Display/displayHandler.cpp ****             else if (ui_data.cursor_state == MenuManager::BACK) cursor_idx = 2;
 2643              		.loc 2 301 18 view .LVU711
 2644 00f0 1029     		cmp	r1, #16
 2645 00f2 0AD0     		beq	.L118
 302:Display/displayHandler.cpp ****             DrawFlashHub(cursor_idx);
 2646              		.loc 2 302 18 view .LVU712
 302:Display/displayHandler.cpp ****             DrawFlashHub(cursor_idx);
 2647              		.loc 2 302 76 is_stmt 0 view .LVU713
 2648 00f4 1229     		cmp	r1, #18
 2649 00f6 14BF     		ite	ne
 2650 00f8 0021     		movne	r1, #0
 2651              	.LVL245:
 302:Display/displayHandler.cpp ****             DrawFlashHub(cursor_idx);
 2652              		.loc 2 302 76 view .LVU714
 2653 00fa 0221     		moveq	r1, #2
ARM GAS  C:\Users\skipi\AppData\Local\Temp\ccgC1a2T.s 			page 62


 2654              	.L97:
 2655              	.LVL246:
 303:Display/displayHandler.cpp ****             break;
 2656              		.loc 2 303 13 is_stmt 1 view .LVU715
 2657              		.loc 2 351 1 is_stmt 0 view .LVU716
 2658 00fc 5DF8044B 		ldr	r4, [sp], #4
 2659              		.cfi_remember_state
 2660              		.cfi_restore 4
 2661              		.cfi_def_cfa_offset 16
 2662 0100 04B0     		add	sp, sp, #16
 2663              		.cfi_def_cfa_offset 0
 303:Display/displayHandler.cpp ****             break;
 2664              		.loc 2 303 25 view .LVU717
 2665 0102 FFF7FEBF 		b	_ZN14DisplayHandler12DrawFlashHubEi
 2666              	.LVL247:
 2667              	.L117:
 2668              		.cfi_restore_state
 300:Display/displayHandler.cpp ****             else if (ui_data.cursor_state == MenuManager::LOAD_CONFIG) cursor_idx = 1;
 2669              		.loc 2 300 78 view .LVU718
 2670 0106 0021     		movs	r1, #0
 2671              	.LVL248:
 300:Display/displayHandler.cpp ****             else if (ui_data.cursor_state == MenuManager::LOAD_CONFIG) cursor_idx = 1;
 2672              		.loc 2 300 78 view .LVU719
 2673 0108 F8E7     		b	.L97
 2674              	.LVL249:
 2675              	.L118:
 301:Display/displayHandler.cpp ****             else if (ui_data.cursor_state == MenuManager::BACK) cursor_idx = 2;
 2676              		.loc 2 301 83 view .LVU720
 2677 010a 0121     		movs	r1, #1
 2678              	.LVL250:
 301:Display/displayHandler.cpp ****             else if (ui_data.cursor_state == MenuManager::BACK) cursor_idx = 2;
 2679              		.loc 2 301 83 view .LVU721
 2680 010c F6E7     		b	.L97
 2681              	.LVL251:
 2682              	.L79:
 307:Display/displayHandler.cpp ****             DrawIntParameter("TOUCHTHS_VALUE", ui_data.touchths_value);
 2683              		.loc 2 307 9 is_stmt 1 view .LVU722
 308:Display/displayHandler.cpp ****             break;
 2684              		.loc 2 308 13 view .LVU723
 308:Display/displayHandler.cpp ****             break;
 2685              		.loc 2 308 29 is_stmt 0 view .LVU724
 2686 010e 0023     		movs	r3, #0
 2687 0110 0A9A     		ldr	r2, [sp, #40]
 2688 0112 2049     		ldr	r1, .L126
 2689              	.LVL252:
 2690              	.L123:
 2691              		.loc 2 351 1 view .LVU725
 2692 0114 5DF8044B 		ldr	r4, [sp], #4
 2693              		.cfi_remember_state
 2694              		.cfi_restore 4
 2695              		.cfi_def_cfa_offset 16
 2696 0118 04B0     		add	sp, sp, #16
 2697              		.cfi_def_cfa_offset 0
 345:Display/displayHandler.cpp ****             break;
 2698              		.loc 2 345 29 view .LVU726
 2699 011a FFF7FEBF 		b	_ZN14DisplayHandler16DrawIntParameterEPKciS1_
 2700              	.LVL253:
ARM GAS  C:\Users\skipi\AppData\Local\Temp\ccgC1a2T.s 			page 63


 2701              	.L78:
 2702              		.cfi_restore_state
 310:Display/displayHandler.cpp ****             DrawIntParameter("RELTHS_VALUE", ui_data.relths_value);
 2703              		.loc 2 310 9 is_stmt 1 view .LVU727
 311:Display/displayHandler.cpp ****             break;
 2704              		.loc 2 311 13 view .LVU728
 311:Display/displayHandler.cpp ****             break;
 2705              		.loc 2 311 29 is_stmt 0 view .LVU729
 2706 011e 0023     		movs	r3, #0
 2707 0120 0B9A     		ldr	r2, [sp, #44]
 2708 0122 1D49     		ldr	r1, .L126+4
 2709              	.LVL254:
 311:Display/displayHandler.cpp ****             break;
 2710              		.loc 2 311 29 view .LVU730
 2711 0124 F6E7     		b	.L123
 2712              	.LVL255:
 2713              	.L85:
 313:Display/displayHandler.cpp ****             DrawFloatParameter("DELTA", ui_data.delta);
 2714              		.loc 2 313 9 is_stmt 1 view .LVU731
 314:Display/displayHandler.cpp ****             break;
 2715              		.loc 2 314 13 view .LVU732
 314:Display/displayHandler.cpp ****             break;
 2716              		.loc 2 314 31 is_stmt 0 view .LVU733
 2717 0126 9DED030A 		vldr.32	s0, [sp, #12]
 2718 012a 1C49     		ldr	r1, .L126+8
 2719              	.LVL256:
 2720              	.L124:
 2721              		.loc 2 351 1 view .LVU734
 2722 012c 5DF8044B 		ldr	r4, [sp], #4
 2723              		.cfi_remember_state
 2724              		.cfi_restore 4
 2725              		.cfi_def_cfa_offset 16
 2726 0130 04B0     		add	sp, sp, #16
 2727              		.cfi_def_cfa_offset 0
 317:Display/displayHandler.cpp ****             break;
 2728              		.loc 2 317 31 view .LVU735
 2729 0132 FFF7FEBF 		b	_ZN14DisplayHandler18DrawFloatParameterEPKcf
 2730              	.LVL257:
 2731              	.L86:
 2732              		.cfi_restore_state
 316:Display/displayHandler.cpp ****             DrawFloatParameter("CURVE", ui_data.curve);
 2733              		.loc 2 316 9 is_stmt 1 view .LVU736
 317:Display/displayHandler.cpp ****             break;
 2734              		.loc 2 317 13 view .LVU737
 317:Display/displayHandler.cpp ****             break;
 2735              		.loc 2 317 31 is_stmt 0 view .LVU738
 2736 0136 9DED040A 		vldr.32	s0, [sp, #16]
 2737 013a 1949     		ldr	r1, .L126+12
 2738              	.LVL258:
 317:Display/displayHandler.cpp ****             break;
 2739              		.loc 2 317 31 view .LVU739
 2740 013c F6E7     		b	.L124
 2741              	.LVL259:
 2742              	.L84:
 319:Display/displayHandler.cpp ****             DrawIntParameter("HYSTERESIS", ui_data.hysteresis);
 2743              		.loc 2 319 9 is_stmt 1 view .LVU740
 320:Display/displayHandler.cpp ****             break;
ARM GAS  C:\Users\skipi\AppData\Local\Temp\ccgC1a2T.s 			page 64


 2744              		.loc 2 320 13 view .LVU741
 320:Display/displayHandler.cpp ****             break;
 2745              		.loc 2 320 29 is_stmt 0 view .LVU742
 2746 013e 0023     		movs	r3, #0
 2747 0140 069A     		ldr	r2, [sp, #24]
 2748 0142 1849     		ldr	r1, .L126+16
 2749              	.LVL260:
 320:Display/displayHandler.cpp ****             break;
 2750              		.loc 2 320 29 view .LVU743
 2751 0144 E6E7     		b	.L123
 2752              	.LVL261:
 2753              	.L83:
 322:Display/displayHandler.cpp ****             DrawIntParameter("FILTER TYPE", ui_data.filter_type);
 2754              		.loc 2 322 9 is_stmt 1 view .LVU744
 323:Display/displayHandler.cpp ****             break;
 2755              		.loc 2 323 13 view .LVU745
 323:Display/displayHandler.cpp ****             break;
 2756              		.loc 2 323 29 is_stmt 0 view .LVU746
 2757 0146 0023     		movs	r3, #0
 2758 0148 079A     		ldr	r2, [sp, #28]
 2759 014a 1749     		ldr	r1, .L126+20
 2760              	.LVL262:
 323:Display/displayHandler.cpp ****             break;
 2761              		.loc 2 323 29 view .LVU747
 2762 014c E2E7     		b	.L123
 2763              	.LVL263:
 2764              	.L82:
 325:Display/displayHandler.cpp ****             DrawIntParameter("ROOT", ui_data.root);
 2765              		.loc 2 325 9 is_stmt 1 view .LVU748
 326:Display/displayHandler.cpp ****             break;
 2766              		.loc 2 326 13 view .LVU749
 326:Display/displayHandler.cpp ****             break;
 2767              		.loc 2 326 29 is_stmt 0 view .LVU750
 2768 014e 0023     		movs	r3, #0
 2769 0150 059A     		ldr	r2, [sp, #20]
 2770 0152 1649     		ldr	r1, .L126+24
 2771              	.LVL264:
 326:Display/displayHandler.cpp ****             break;
 2772              		.loc 2 326 29 view .LVU751
 2773 0154 DEE7     		b	.L123
 2774              	.LVL265:
 2775              	.L81:
 328:Display/displayHandler.cpp ****             DrawIntParameter("SCALE", ui_data.scale);
 2776              		.loc 2 328 9 is_stmt 1 view .LVU752
 329:Display/displayHandler.cpp ****             break;
 2777              		.loc 2 329 13 view .LVU753
 329:Display/displayHandler.cpp ****             break;
 2778              		.loc 2 329 29 is_stmt 0 view .LVU754
 2779 0156 0023     		movs	r3, #0
 2780 0158 089A     		ldr	r2, [sp, #32]
 2781 015a 1549     		ldr	r1, .L126+28
 2782              	.LVL266:
 329:Display/displayHandler.cpp ****             break;
 2783              		.loc 2 329 29 view .LVU755
 2784 015c DAE7     		b	.L123
 2785              	.LVL267:
 2786              	.L80:
ARM GAS  C:\Users\skipi\AppData\Local\Temp\ccgC1a2T.s 			page 65


 331:Display/displayHandler.cpp ****             DrawIntParameter("OCTAVE", ui_data.octave);
 2787              		.loc 2 331 9 is_stmt 1 view .LVU756
 332:Display/displayHandler.cpp ****             break;
 2788              		.loc 2 332 13 view .LVU757
 332:Display/displayHandler.cpp ****             break;
 2789              		.loc 2 332 29 is_stmt 0 view .LVU758
 2790 015e 0023     		movs	r3, #0
 2791 0160 099A     		ldr	r2, [sp, #36]
 2792 0162 1449     		ldr	r1, .L126+32
 2793              	.LVL268:
 332:Display/displayHandler.cpp ****             break;
 2794              		.loc 2 332 29 view .LVU759
 2795 0164 D6E7     		b	.L123
 2796              	.LVL269:
 2797              	.L89:
 332:Display/displayHandler.cpp ****             break;
 2798              		.loc 2 332 29 view .LVU760
 2799 0166 0C9A     		ldr	r2, [sp, #48]
 334:Display/displayHandler.cpp ****             if(presets_array != nullptr && ui_data.preset < PRESET_NUM) {
 2800              		.loc 2 334 9 is_stmt 1 view .LVU761
 335:Display/displayHandler.cpp ****                 DrawIntParameter("PRESET", ui_data.preset, presets_array[ui_data.preset].name);
 2801              		.loc 2 335 13 view .LVU762
 2802 0168 3BB1     		cbz	r3, .L98
 335:Display/displayHandler.cpp ****                 DrawIntParameter("PRESET", ui_data.preset, presets_array[ui_data.preset].name);
 2803              		.loc 2 335 41 is_stmt 0 discriminator 1 view .LVU763
 2804 016a 0F2A     		cmp	r2, #15
 2805 016c 05DC     		bgt	.L98
 336:Display/displayHandler.cpp ****             } else {
 2806              		.loc 2 336 17 is_stmt 1 view .LVU764
 336:Display/displayHandler.cpp ****             } else {
 2807              		.loc 2 336 88 is_stmt 0 view .LVU765
 2808 016e 7021     		movs	r1, #112
 2809              	.LVL270:
 336:Display/displayHandler.cpp ****             } else {
 2810              		.loc 2 336 88 view .LVU766
 2811 0170 01FB0233 		mla	r3, r1, r2, r3
 336:Display/displayHandler.cpp ****             } else {
 2812              		.loc 2 336 33 view .LVU767
 2813 0174 0133     		adds	r3, r3, #1
 2814              	.L125:
 338:Display/displayHandler.cpp ****             }
 2815              		.loc 2 338 33 view .LVU768
 2816 0176 1049     		ldr	r1, .L126+36
 2817 0178 CCE7     		b	.L123
 2818              	.LVL271:
 2819              	.L98:
 338:Display/displayHandler.cpp ****             }
 2820              		.loc 2 338 17 is_stmt 1 view .LVU769
 338:Display/displayHandler.cpp ****             }
 2821              		.loc 2 338 33 is_stmt 0 view .LVU770
 2822 017a 0023     		movs	r3, #0
 2823 017c FBE7     		b	.L125
 2824              	.L75:
 341:Display/displayHandler.cpp ****             DrawIntParameter("SAVE CFG", ui_data.configs_idx);
 2825              		.loc 2 341 9 is_stmt 1 view .LVU771
 342:Display/displayHandler.cpp ****             break;
 2826              		.loc 2 342 13 view .LVU772
ARM GAS  C:\Users\skipi\AppData\Local\Temp\ccgC1a2T.s 			page 66


 342:Display/displayHandler.cpp ****             break;
 2827              		.loc 2 342 29 is_stmt 0 view .LVU773
 2828 017e 0023     		movs	r3, #0
 2829 0180 0E49     		ldr	r1, .L126+40
 2830              	.LVL272:
 342:Display/displayHandler.cpp ****             break;
 2831              		.loc 2 342 29 view .LVU774
 2832 0182 C7E7     		b	.L123
 2833              	.LVL273:
 2834              	.L77:
 344:Display/displayHandler.cpp ****             DrawIntParameter("LOAD CFG", ui_data.configs_idx);
 2835              		.loc 2 344 9 is_stmt 1 view .LVU775
 345:Display/displayHandler.cpp ****             break;
 2836              		.loc 2 345 13 view .LVU776
 345:Display/displayHandler.cpp ****             break;
 2837              		.loc 2 345 29 is_stmt 0 view .LVU777
 2838 0184 0023     		movs	r3, #0
 2839 0186 0E49     		ldr	r1, .L126+44
 2840              	.LVL274:
 345:Display/displayHandler.cpp ****             break;
 2841              		.loc 2 345 29 view .LVU778
 2842 0188 C4E7     		b	.L123
 2843              	.LVL275:
 2844              	.L73:
 2845              		.loc 2 351 1 view .LVU779
 2846 018a 5DF8044B 		ldr	r4, [sp], #4
 2847              		.cfi_restore 4
 2848              		.cfi_def_cfa_offset 16
 2849 018e 04B0     		add	sp, sp, #16
 2850              		.cfi_def_cfa_offset 0
 2851 0190 7047     		bx	lr
 2852              	.L127:
 2853 0192 00BF     		.align	2
 2854              	.L126:
 2855 0194 00000000 		.word	.LC36
 2856 0198 0F000000 		.word	.LC37
 2857 019c 1C000000 		.word	.LC38
 2858 01a0 22000000 		.word	.LC39
 2859 01a4 25000000 		.word	.LC32
 2860 01a8 36000000 		.word	.LC34
 2861 01ac 09000000 		.word	.LC28
 2862 01b0 0E000000 		.word	.LC29
 2863 01b4 28000000 		.word	.LC40
 2864 01b8 14000000 		.word	.LC30
 2865 01bc 2F000000 		.word	.LC41
 2866 01c0 38000000 		.word	.LC42
 2867              		.cfi_endproc
 2868              	.LFE5157:
 2870              		.section	.rodata.str1.1,"aMS",%progbits,1
 2871              	.LC43:
 2872 0000 42747277 		.ascii	"Btrwth 2nd\000"
 2872      74682032 
 2872      6E6400
 2873              	.LC44:
 2874 000b 42747277 		.ascii	"Btrwth 4th\000"
 2874      74682034 
 2874      746800
ARM GAS  C:\Users\skipi\AppData\Local\Temp\ccgC1a2T.s 			page 67


 2875              	.LC45:
 2876 0016 42657373 		.ascii	"Bessel 2nd\000"
 2876      656C2032 
 2876      6E6400
 2877              	.LC46:
 2878 0021 42657373 		.ascii	"Bessel 4th\000"
 2878      656C2034 
 2878      746800
 2879              	.LC47:
 2880 002c 4D616A6F 		.ascii	"Major\000"
 2880      7200
 2881              	.LC48:
 2882 0032 4D696E6F 		.ascii	"MinorN\000"
 2882      724E00
 2883              	.LC49:
 2884 0039 4D696E6F 		.ascii	"MinorA\000"
 2884      724100
 2885              	.LC50:
 2886 0040 4D696E6F 		.ascii	"MinorM\000"
 2886      724D00
 2887              	.LC51:
 2888 0047 50656E74 		.ascii	"Penta\000"
 2888      6100
 2889              	.LC52:
 2890 004d 4368726F 		.ascii	"Chrom\000"
 2890      6D00
 2891              	.LC53:
 2892 0053 45736174 		.ascii	"Esat\000"
 2892      00
 2893              	.LC54:
 2894 0058 4300     		.ascii	"C\000"
 2895              	.LC55:
 2896 005a 432300   		.ascii	"C#\000"
 2897              	.LC56:
 2898 005d 4400     		.ascii	"D\000"
 2899              	.LC57:
 2900 005f 442300   		.ascii	"D#\000"
 2901              	.LC58:
 2902 0062 4500     		.ascii	"E\000"
 2903              	.LC59:
 2904 0064 4600     		.ascii	"F\000"
 2905              	.LC60:
 2906 0066 462300   		.ascii	"F#\000"
 2907              	.LC61:
 2908 0069 4700     		.ascii	"G\000"
 2909              	.LC62:
 2910 006b 472300   		.ascii	"G#\000"
 2911              	.LC63:
 2912 006e 4100     		.ascii	"A\000"
 2913              	.LC64:
 2914 0070 412300   		.ascii	"A#\000"
 2915              	.LC65:
 2916 0073 4200     		.ascii	"B\000"
 2917              		.section	.bss._ZZN14DisplayHandler11findTriggerEvE7trigIdx,"aw",%nobits
 2918              		.align	2
 2919              		.set	.LANCHOR0,. + 0
 2922              	_ZZN14DisplayHandler11findTriggerEvE7trigIdx:
ARM GAS  C:\Users\skipi\AppData\Local\Temp\ccgC1a2T.s 			page 68


 2923 0000 00000000 		.space	4
 2924              		.section	.rodata._ZZN14DisplayHandler16DrawIntParameterEPKciS1_E5notes,"a"
 2925              		.align	2
 2926              		.set	.LANCHOR1,. + 0
 2929              	_ZZN14DisplayHandler16DrawIntParameterEPKciS1_E5notes:
 2930 0000 58000000 		.word	.LC54
 2931 0004 5A000000 		.word	.LC55
 2932 0008 5D000000 		.word	.LC56
 2933 000c 5F000000 		.word	.LC57
 2934 0010 62000000 		.word	.LC58
 2935 0014 64000000 		.word	.LC59
 2936 0018 66000000 		.word	.LC60
 2937 001c 69000000 		.word	.LC61
 2938 0020 6B000000 		.word	.LC62
 2939 0024 6E000000 		.word	.LC63
 2940 0028 70000000 		.word	.LC64
 2941 002c 73000000 		.word	.LC65
 2942              		.section	.rodata._ZZN14DisplayHandler16DrawIntParameterEPKciS1_E6scales,"a"
 2943              		.align	2
 2944              		.set	.LANCHOR2,. + 0
 2947              	_ZZN14DisplayHandler16DrawIntParameterEPKciS1_E6scales:
 2948 0000 2C000000 		.word	.LC47
 2949 0004 32000000 		.word	.LC48
 2950 0008 39000000 		.word	.LC49
 2951 000c 40000000 		.word	.LC50
 2952 0010 47000000 		.word	.LC51
 2953 0014 4D000000 		.word	.LC52
 2954 0018 53000000 		.word	.LC53
 2955              		.section	.rodata._ZZN14DisplayHandler16DrawIntParameterEPKciS1_E7filters,"a"
 2956              		.align	2
 2957              		.set	.LANCHOR3,. + 0
 2960              	_ZZN14DisplayHandler16DrawIntParameterEPKciS1_E7filters:
 2961 0000 00000000 		.word	.LC43
 2962 0004 0B000000 		.word	.LC44
 2963 0008 16000000 		.word	.LC45
 2964 000c 21000000 		.word	.LC46
 2965              		.text
 2966              	.Letext0:
 2967              		.file 3 "c:\\program files\\daisytoolchain\\arm-none-eabi\\include\\machine\\_default_types.h"
 2968              		.file 4 "c:\\program files\\daisytoolchain\\arm-none-eabi\\include\\sys\\_stdint.h"
 2969              		.file 5 "c:\\program files\\daisytoolchain\\arm-none-eabi\\include\\stdint.h"
 2970              		.file 6 "c:\\program files\\daisytoolchain\\lib\\gcc\\arm-none-eabi\\10.2.1\\include\\stddef.h"
 2971              		.file 7 "c:\\program files\\daisytoolchain\\arm-none-eabi\\include\\c++\\10.2.1\\cmath"
 2972              		.file 8 "c:\\program files\\daisytoolchain\\arm-none-eabi\\include\\c++\\10.2.1\\bits\\std_abs.h"
 2973              		.file 9 "c:\\program files\\daisytoolchain\\arm-none-eabi\\include\\c++\\10.2.1\\cstdlib"
 2974              		.file 10 "c:\\program files\\daisytoolchain\\arm-none-eabi\\include\\c++\\10.2.1\\cstdint"
 2975              		.file 11 "c:\\program files\\daisytoolchain\\arm-none-eabi\\include\\c++\\10.2.1\\type_traits"
 2976              		.file 12 "c:\\program files\\daisytoolchain\\arm-none-eabi\\include\\c++\\10.2.1\\debug\\debug.h"
 2977              		.file 13 "c:\\program files\\daisytoolchain\\arm-none-eabi\\include\\c++\\10.2.1\\arm-none-eabi\\t
 2978              		.file 14 "c:\\program files\\daisytoolchain\\arm-none-eabi\\include\\c++\\10.2.1\\bits\\algorithmf
 2979              		.file 15 "c:\\program files\\daisytoolchain\\arm-none-eabi\\include\\c++\\10.2.1\\bits\\stl_pair.h
 2980              		.file 16 "c:\\program files\\daisytoolchain\\arm-none-eabi\\include\\c++\\10.2.1\\bits\\exception_
 2981              		.file 17 "c:\\program files\\daisytoolchain\\arm-none-eabi\\include\\c++\\10.2.1\\cstdarg"
 2982              		.file 18 "c:\\program files\\daisytoolchain\\arm-none-eabi\\include\\c++\\10.2.1\\cstdio"
 2983              		.file 19 "c:\\program files\\daisytoolchain\\arm-none-eabi\\include\\c++\\10.2.1\\cstring"
 2984              		.file 20 "c:\\program files\\daisytoolchain\\arm-none-eabi\\include\\c++\\10.2.1\\cstddef"
 2985              		.file 21 "c:\\program files\\daisytoolchain\\arm-none-eabi\\include\\c++\\10.2.1\\cwchar"
ARM GAS  C:\Users\skipi\AppData\Local\Temp\ccgC1a2T.s 			page 69


 2986              		.file 22 "c:\\program files\\daisytoolchain\\arm-none-eabi\\include\\c++\\10.2.1\\clocale"
 2987              		.file 23 "c:\\program files\\daisytoolchain\\arm-none-eabi\\include\\c++\\10.2.1\\bits\\basic_stri
 2988              		.file 24 "c:\\program files\\daisytoolchain\\arm-none-eabi\\include\\c++\\10.2.1\\bits\\stl_tempbu
 2989              		.file 25 "c:\\program files\\daisytoolchain\\arm-none-eabi\\include\\c++\\10.2.1\\bits\\predefined
 2990              		.file 26 "c:\\program files\\daisytoolchain\\arm-none-eabi\\include\\sys\\_types.h"
 2991              		.file 27 "c:\\program files\\daisytoolchain\\arm-none-eabi\\include\\sys\\reent.h"
 2992              		.file 28 "c:\\program files\\daisytoolchain\\arm-none-eabi\\include\\sys\\lock.h"
 2993              		.file 29 "c:\\program files\\daisytoolchain\\arm-none-eabi\\include\\math.h"
 2994              		.file 30 "c:\\program files\\daisytoolchain\\arm-none-eabi\\include\\stdlib.h"
 2995              		.file 31 "c:\\program files\\daisytoolchain\\arm-none-eabi\\include\\c++\\10.2.1\\math.h"
 2996              		.file 32 "c:\\program files\\daisytoolchain\\arm-none-eabi\\include\\c++\\10.2.1\\stdlib.h"
 2997              		.file 33 "../libs/PoliTeKDSP/libs/libDaisy/src/daisy_core.h"
 2998              		.file 34 "../libs/PoliTeKDSP/libs/libDaisy/src/per/i2c.h"
 2999              		.file 35 "../libs/PoliTeKDSP/libs/libDaisy/src/hid/disp/graphics_common.h"
 3000              		.file 36 "../libs/PoliTeKDSP/libs/libDaisy/src/dev/max11300.h"
 3001              		.file 37 "../libs/PoliTeKDSP/libs/libDaisy/src/dev/sr_595.h"
 3002              		.file 38 "../libs/PoliTeKDSP/libs/libDaisy/src/util/wav_format.h"
 3003              		.file 39 "../libs/PoliTeKDSP/libs/libDaisy/src/daisy_seed.h"
 3004              		.file 40 "Display/../Components/oled_ssd130xDMA.h"
 3005              		.file 41 "../libs/PoliTeKDSP/libs/libDaisy/src/hid/disp/oled_display.h"
 3006              		.file 42 "c:\\program files\\daisytoolchain\\lib\\gcc\\arm-none-eabi\\10.2.1\\include\\stdarg.h"
 3007              		.file 43 "c:\\program files\\daisytoolchain\\arm-none-eabi\\include\\stdio.h"
 3008              		.file 44 "../libs/PoliTeKDSP/libs/libDaisy/src/util/oled_fonts.h"
 3009              		.file 45 "c:\\program files\\daisytoolchain\\arm-none-eabi\\include\\string.h"
 3010              		.file 46 "../libs/PoliTeKDSP/libs/libDaisy/Middlewares/Third_Party/FatFs/src/integer.h"
 3011              		.file 47 "../libs/PoliTeKDSP/libs/libDaisy/Middlewares/Third_Party/FatFs/src/ff.h"
 3012              		.file 48 "../libs/PoliTeKDSP/libs/DaisySP/Source/Control/adenv.h"
 3013              		.file 49 "../libs/PoliTeKDSP/libs/DaisySP/Source/Utility/dsp.h"
 3014              		.file 50 "c:\\program files\\daisytoolchain\\arm-none-eabi\\include\\wchar.h"
 3015              		.file 51 "c:\\program files\\daisytoolchain\\arm-none-eabi\\include\\locale.h"
 3016              		.file 52 "Display/../PSP/AudioEngine.h"
 3017              		.file 53 "Display/MenuManager.h"
 3018              		.file 54 "Display/displayHandler.h"
 3019              		.file 55 "<built-in>"
ARM GAS  C:\Users\skipi\AppData\Local\Temp\ccgC1a2T.s 			page 70


DEFINED SYMBOLS
                            *ABS*:00000000 displayHandler.cpp
C:\Users\skipi\AppData\Local\Temp\ccgC1a2T.s:17     .text._ZN5daisy21OneBitGraphicsDisplay9SetCursorEtt:00000000 $t
C:\Users\skipi\AppData\Local\Temp\ccgC1a2T.s:25     .text._ZN5daisy21OneBitGraphicsDisplay9SetCursorEtt:00000000 _ZN5daisy21OneBitGraphicsDisplay9SetCursorEtt
C:\Users\skipi\AppData\Local\Temp\ccgC1a2T.s:104    .text._ZN14DisplayHandlerC2EPN5daisy11OledDisplayINS0_16SSD1306DmaDriverILj128ELj64EEEEEb:00000000 $t
C:\Users\skipi\AppData\Local\Temp\ccgC1a2T.s:111    .text._ZN14DisplayHandlerC2EPN5daisy11OledDisplayINS0_16SSD1306DmaDriverILj128ELj64EEEEEb:00000000 _ZN14DisplayHandlerC2EPN5daisy11OledDisplayINS0_16SSD1306DmaDriverILj128ELj64EEEEEb
C:\Users\skipi\AppData\Local\Temp\ccgC1a2T.s:203    .text._ZN14DisplayHandlerC2EPN5daisy11OledDisplayINS0_16SSD1306DmaDriverILj128ELj64EEEEEb:0000004c $d
C:\Users\skipi\AppData\Local\Temp\ccgC1a2T.s:111    .text._ZN14DisplayHandlerC2EPN5daisy11OledDisplayINS0_16SSD1306DmaDriverILj128ELj64EEEEEb:00000000 _ZN14DisplayHandlerC1EPN5daisy11OledDisplayINS0_16SSD1306DmaDriverILj128ELj64EEEEEb
C:\Users\skipi\AppData\Local\Temp\ccgC1a2T.s:210    .text._ZN14DisplayHandler8SetStateE12DisplayState:00000000 $t
C:\Users\skipi\AppData\Local\Temp\ccgC1a2T.s:217    .text._ZN14DisplayHandler8SetStateE12DisplayState:00000000 _ZN14DisplayHandler8SetStateE12DisplayState
C:\Users\skipi\AppData\Local\Temp\ccgC1a2T.s:258    .text._ZN14DisplayHandler14SetStandbyTextEPKc:00000000 $t
C:\Users\skipi\AppData\Local\Temp\ccgC1a2T.s:265    .text._ZN14DisplayHandler14SetStandbyTextEPKc:00000000 _ZN14DisplayHandler14SetStandbyTextEPKc
C:\Users\skipi\AppData\Local\Temp\ccgC1a2T.s:299    .text._ZN14DisplayHandler15pushAudioSampleEf:00000000 $t
C:\Users\skipi\AppData\Local\Temp\ccgC1a2T.s:306    .text._ZN14DisplayHandler15pushAudioSampleEf:00000000 _ZN14DisplayHandler15pushAudioSampleEf
C:\Users\skipi\AppData\Local\Temp\ccgC1a2T.s:338    .text._ZN14DisplayHandler11findTriggerEv:00000000 $t
C:\Users\skipi\AppData\Local\Temp\ccgC1a2T.s:345    .text._ZN14DisplayHandler11findTriggerEv:00000000 _ZN14DisplayHandler11findTriggerEv
C:\Users\skipi\AppData\Local\Temp\ccgC1a2T.s:450    .text._ZN14DisplayHandler11findTriggerEv:00000064 $d
C:\Users\skipi\AppData\Local\Temp\ccgC1a2T.s:455    .text._ZN14DisplayHandler12drawWaveFormEv:00000000 $t
C:\Users\skipi\AppData\Local\Temp\ccgC1a2T.s:462    .text._ZN14DisplayHandler12drawWaveFormEv:00000000 _ZN14DisplayHandler12drawWaveFormEv
C:\Users\skipi\AppData\Local\Temp\ccgC1a2T.s:621    .text._ZN14DisplayHandler9SetYscaleEi:00000000 $t
C:\Users\skipi\AppData\Local\Temp\ccgC1a2T.s:628    .text._ZN14DisplayHandler9SetYscaleEi:00000000 _ZN14DisplayHandler9SetYscaleEi
C:\Users\skipi\AppData\Local\Temp\ccgC1a2T.s:645    .text._ZN14DisplayHandler17drawStandbyScreenEv:00000000 $t
C:\Users\skipi\AppData\Local\Temp\ccgC1a2T.s:652    .text._ZN14DisplayHandler17drawStandbyScreenEv:00000000 _ZN14DisplayHandler17drawStandbyScreenEv
C:\Users\skipi\AppData\Local\Temp\ccgC1a2T.s:701    .text._ZN14DisplayHandler17drawStandbyScreenEv:00000028 $d
C:\Users\skipi\AppData\Local\Temp\ccgC1a2T.s:706    .text._ZN14DisplayHandler6UpdateEv:00000000 $t
C:\Users\skipi\AppData\Local\Temp\ccgC1a2T.s:713    .text._ZN14DisplayHandler6UpdateEv:00000000 _ZN14DisplayHandler6UpdateEv
C:\Users\skipi\AppData\Local\Temp\ccgC1a2T.s:788    .text._ZN14DisplayHandler12DrawMainMenuEi:00000000 $t
C:\Users\skipi\AppData\Local\Temp\ccgC1a2T.s:795    .text._ZN14DisplayHandler12DrawMainMenuEi:00000000 _ZN14DisplayHandler12DrawMainMenuEi
C:\Users\skipi\AppData\Local\Temp\ccgC1a2T.s:987    .text._ZN14DisplayHandler12DrawMainMenuEi:000000e4 $d
C:\Users\skipi\AppData\Local\Temp\ccgC1a2T.s:1014   .text._ZN14DisplayHandler18DrawCalibrationHubEi:00000000 $t
C:\Users\skipi\AppData\Local\Temp\ccgC1a2T.s:1021   .text._ZN14DisplayHandler18DrawCalibrationHubEi:00000000 _ZN14DisplayHandler18DrawCalibrationHubEi
C:\Users\skipi\AppData\Local\Temp\ccgC1a2T.s:1242   .text._ZN14DisplayHandler18DrawCalibrationHubEi:0000010c $d
C:\Users\skipi\AppData\Local\Temp\ccgC1a2T.s:1264   .text._ZN14DisplayHandler13DrawScalesHubEi:00000000 $t
C:\Users\skipi\AppData\Local\Temp\ccgC1a2T.s:1271   .text._ZN14DisplayHandler13DrawScalesHubEi:00000000 _ZN14DisplayHandler13DrawScalesHubEi
C:\Users\skipi\AppData\Local\Temp\ccgC1a2T.s:1444   .text._ZN14DisplayHandler13DrawScalesHubEi:000000c8 $d
C:\Users\skipi\AppData\Local\Temp\ccgC1a2T.s:1462   .text._ZN14DisplayHandler17DrawThresholdsHubEi:00000000 $t
C:\Users\skipi\AppData\Local\Temp\ccgC1a2T.s:1469   .text._ZN14DisplayHandler17DrawThresholdsHubEi:00000000 _ZN14DisplayHandler17DrawThresholdsHubEi
C:\Users\skipi\AppData\Local\Temp\ccgC1a2T.s:1623   .text._ZN14DisplayHandler17DrawThresholdsHubEi:000000ac $d
C:\Users\skipi\AppData\Local\Temp\ccgC1a2T.s:1640   .text._ZN14DisplayHandler12DrawFlashHubEi:00000000 $t
C:\Users\skipi\AppData\Local\Temp\ccgC1a2T.s:1647   .text._ZN14DisplayHandler12DrawFlashHubEi:00000000 _ZN14DisplayHandler12DrawFlashHubEi
C:\Users\skipi\AppData\Local\Temp\ccgC1a2T.s:1801   .text._ZN14DisplayHandler12DrawFlashHubEi:000000ac $d
C:\Users\skipi\AppData\Local\Temp\ccgC1a2T.s:1816   .text._ZN14DisplayHandler18DrawFloatParameterEPKcf:00000000 $t
C:\Users\skipi\AppData\Local\Temp\ccgC1a2T.s:1823   .text._ZN14DisplayHandler18DrawFloatParameterEPKcf:00000000 _ZN14DisplayHandler18DrawFloatParameterEPKcf
C:\Users\skipi\AppData\Local\Temp\ccgC1a2T.s:1978   .text._ZN14DisplayHandler18DrawFloatParameterEPKcf:000000a8 $d
C:\Users\skipi\AppData\Local\Temp\ccgC1a2T.s:2006   .text._ZN14DisplayHandler16DrawIntParameterEPKciS1_:00000000 $t
C:\Users\skipi\AppData\Local\Temp\ccgC1a2T.s:2013   .text._ZN14DisplayHandler16DrawIntParameterEPKciS1_:00000000 _ZN14DisplayHandler16DrawIntParameterEPKciS1_
C:\Users\skipi\AppData\Local\Temp\ccgC1a2T.s:2308   .text._ZN14DisplayHandler16DrawIntParameterEPKciS1_:00000110 $d
C:\Users\skipi\AppData\Local\Temp\ccgC1a2T.s:2346   .text._ZN14DisplayHandler10DrawStateWEN11MenuManager8MenuDataEPK8Preset_s:00000000 $t
C:\Users\skipi\AppData\Local\Temp\ccgC1a2T.s:2353   .text._ZN14DisplayHandler10DrawStateWEN11MenuManager8MenuDataEPK8Preset_s:00000000 _ZN14DisplayHandler10DrawStateWEN11MenuManager8MenuDataEPK8Preset_s
C:\Users\skipi\AppData\Local\Temp\ccgC1a2T.s:2384   .text._ZN14DisplayHandler10DrawStateWEN11MenuManager8MenuDataEPK8Preset_s:00000022 $d
C:\Users\skipi\AppData\Local\Temp\ccgC1a2T.s:2855   .text._ZN14DisplayHandler10DrawStateWEN11MenuManager8MenuDataEPK8Preset_s:00000194 $d
C:\Users\skipi\AppData\Local\Temp\ccgC1a2T.s:2918   .bss._ZZN14DisplayHandler11findTriggerEvE7trigIdx:00000000 $d
C:\Users\skipi\AppData\Local\Temp\ccgC1a2T.s:2922   .bss._ZZN14DisplayHandler11findTriggerEvE7trigIdx:00000000 _ZZN14DisplayHandler11findTriggerEvE7trigIdx
C:\Users\skipi\AppData\Local\Temp\ccgC1a2T.s:2925   .rodata._ZZN14DisplayHandler16DrawIntParameterEPKciS1_E5notes:00000000 $d
C:\Users\skipi\AppData\Local\Temp\ccgC1a2T.s:2929   .rodata._ZZN14DisplayHandler16DrawIntParameterEPKciS1_E5notes:00000000 _ZZN14DisplayHandler16DrawIntParameterEPKciS1_E5notes
C:\Users\skipi\AppData\Local\Temp\ccgC1a2T.s:2943   .rodata._ZZN14DisplayHandler16DrawIntParameterEPKciS1_E6scales:00000000 $d
C:\Users\skipi\AppData\Local\Temp\ccgC1a2T.s:2947   .rodata._ZZN14DisplayHandler16DrawIntParameterEPKciS1_E6scales:00000000 _ZZN14DisplayHandler16DrawIntParameterEPKciS1_E6scales
ARM GAS  C:\Users\skipi\AppData\Local\Temp\ccgC1a2T.s 			page 71


C:\Users\skipi\AppData\Local\Temp\ccgC1a2T.s:2956   .rodata._ZZN14DisplayHandler16DrawIntParameterEPKciS1_E7filters:00000000 $d
C:\Users\skipi\AppData\Local\Temp\ccgC1a2T.s:2960   .rodata._ZZN14DisplayHandler16DrawIntParameterEPKciS1_E7filters:00000000 _ZZN14DisplayHandler16DrawIntParameterEPKciS1_E7filters
C:\Users\skipi\AppData\Local\Temp\ccgC1a2T.s:2401   .text._ZN14DisplayHandler10DrawStateWEN11MenuManager8MenuDataEPK8Preset_s:00000033 $d
C:\Users\skipi\AppData\Local\Temp\ccgC1a2T.s:2401   .text._ZN14DisplayHandler10DrawStateWEN11MenuManager8MenuDataEPK8Preset_s:00000034 $t

UNDEFINED SYMBOLS
memset
Font_11x18
Font_7x10
sprintf
strcmp
strcpy
snprintf
