:020000040800F2
:1000000000000220290A00081D0A0008C18D00080E
:100010001D0A00081D0A00081D0A00080000000053
:100020000000000000000000000000001D0A0008A1
:100030001D0A0008000000001D0A0008458D000888
:100040001D0A00081D0A00081D0A00081D0A0008F4
:100050001D0A00081D0A00081D0A00081D0A0008E4
:100060001D0A00081D0A00081D0A00082584000852
:10007000318400081D0A00083D84000849840008F6
:100080008D690108416700081D0A00081D0A000863
:100090001D0A00081D0A00081D0A00081D0A0008A4
:1000A0001D0A00081D0A00081D0A00081D0A000894
:1000B000798A0008858A0008918A00087567000817
:1000C0001D0A0008816700081D0A0008D5560108AE
:1000D000E1560108C1670108ED67010821680108C0
:1000E0001D0A00081D0A0008000000001D0A000883
:1000F0001D0A00081D0A00081D0A00081D0A000844
:100100001D0A00081D0A00089D8A0008ED56010816
:1001100055680108896801081D0A00081D0A0008C1
:100120001D0A00081D0A000811570108455701085B
:10013000C16901081D0A00081D0A00081D0A0008FF
:1001400000000000000000000000000000000000AF
:100150001D0A00081D0A00081D0A0008BD680108E4
:100160008D6700081D0A0008558D0008798D00086C
:100170001D0A00089D8D00081D0A00081D0A0008C0
:100180001D0A00081D0A0008F16801082569010818
:10019000F9560108055701081D0A00081D0A000844
:1001A0001D0A00081D0A00081D0A00081D0A000893
:1001B000198100081D0A00081D0A00081D0A000810
:1001C0001D0A00081D0A00082D49010839490108C7
:1001D0001D0A0008454901081D0A00081D0A0008FB
:1001E0001D0A00081D0A00081D0A00081D0A000853
:1001F0001D0A00081D0A00081D0A00081D0A000843
:100200001D0A00081D0A00081D0A00081D0A000832
:100210001D0A00081D0A00081D0A00081D0A000822
:100220001D0A00081D0A00081D0A00080000000041
:100230001D0A00081D0A0008000000001D0A000831
:100240001D0A00081D0A00081D0A00081D0A0008F2
:100250001D0A00081D0A00081D0A00081D0A0008E2
:100260001D0A00081D0A00081D0A00081D0A0008D2
:100270001D0A00081D0A0008596901080000000055
:100280001D0A00081D0A00081D0A000800000000E1
:08029000000000001D0A000837
:1002A00010B5054C237833B9044B13B10448AFF3B0
:1002B00000800123237010BD3006002400000000E0
:1002C00080DE010808B5034B1BB103490348AFF3B7
:1002D000008008BD000000003406002480DE010814
:1002E00010F8012B11F8013B012A28BF9A42F7D0E0
:1002F000D01A70470000000000000000000000005D
:1003000001F0FF01102A2BDB10F0070F08D010F8C6
:10031000013B013A8B422DD010F0070F42B3F6D1CA
:10032000F0B441EA012141EA014122F007047FF0E3
:1003300000070023F0E80256083C85EA010586EA3A
:10034000010685FA47F5A3FA87F586FA47F6A5FA76
:1003500087F68EB9EED1F0BC01F0FF0102F0070282
:1003600032B110F8013B013A83EA010313B1F8D12D
:100370000020704701387047002D06BF354603380E
:10038000073815F0010F07D1013015F4807F02BF47
:10039000013015F4C03F0130F0BC0138704700BF98
:1003A00081F0004102E000BF83F0004330B54FEA26
:1003B00041044FEA430594EA050F08BF90EA020F93
:1003C0001FBF54EA000C55EA020C7FEA645C7FEA26
:1003D000655C00F0E2804FEA5454D4EB5555B8BF49
:1003E0006D420CDD2C4480EA020281EA030382EABA
:1003F000000083EA010180EA020281EA0303362D4C
:1004000088BF30BD11F0004F4FEA01314FF4801C1E
:100410004CEA113102D0404261EB410113F0004F30
:100420004FEA03334CEA133302D0524263EB4303E7
:1004300094EA050F00F0A780A4F10104D5F1200E85
:100440000DDB02FA0EFC22FA05F2801841F10001E0
:1004500003FA0EF2801843FA05F359410EE0A5F1B4
:1004600020050EF1200E012A03FA0EFC28BF4CF0E5
:10047000020C43FA05F3C01851EBE37101F000459B
:1004800007D54FF0000EDCF1000C7EEB00006EEBA8
:100490000101B1F5801F1BD3B1F5001F0CD3490832
:1004A0005FEA30004FEA3C0C04F101044FEA445289
:1004B00012F5800F80F09A80BCF1004F08BF5FEA10
:1004C000500C50F1000041EB045141EA050130BDF0
:1004D0005FEA4C0C404141EB0101013C28BFB1F502
:1004E000801FE9D291F0000F04BF01460020B1FA4D
:1004F00081F308BF2033A3F10B03B3F120020CDA20
:100500000C3208DD02F1140CC2F10C0201FA0CF0FD
:1005100021FA02F10CE002F11402D8BFC2F1200C62
:1005200001FA02F120FA0CFCDCBF41EA0C01904018
:10053000E41AA2BF01EB0451294330BD6FEA040461
:100540001F3C1CDA0C340EDC04F11404C4F120024C
:1005500020FA04F001FA02F340EA030021FA04F35E
:1005600045EA030130BDC4F10C04C4F1200220FAB5
:1005700002F001FA04F340EA0300294630BD21FAF3
:1005800004F0294630BD94F0000F83F4801306BFB9
:1005900081F480110134013D4EE77FEA645C18BFAD
:1005A0007FEA655C29D094EA050F08BF90EA020F44
:1005B00005D054EA000C04BF1946104630BD91EA3C
:1005C000030F1EBF0021002030BD5FEA545C05D13F
:1005D0004000494128BF41F0004130BD14F580047E
:1005E0003CBF01F5801130BD01F0004545F0FE41F2
:1005F00041F470014FF0000030BD7FEA645C1ABF27
:10060000194610467FEA655C1CBF0B46024650EA5D
:10061000013406BF52EA033591EA030F41F4002189
:1006200030BD00BF90F0000F04BF0021704730B50F
:100630004FF4806404F132044FF000054FF00001E4
:1006400050E700BF90F0000F04BF0021704730B5A5
:100650004FF4806404F1320410F0004548BF40427A
:100660004FF000013EE700BF42004FEAE2014FEACF
:1006700031014FEA02701FBF12F07F4393F07F4FAA
:1006800081F06051704732F07F4208BF704793F0AD
:100690007F4F04BF41F40021704730B54FF46074C0
:1006A00001F0004521F000411CE700BF50EA0102C3
:1006B00008BF704730B54FF000050AE050EA01026C
:1006C00008BF704730B511F0004502D5404261EBDC
:1006D00041014FF4806404F132045FEA915C3FF41D
:1006E000D8AE4FF003025FEADC0C18BF03325FEABA
:1006F000DC0C18BF033202EBDC02C2F1200300FA6B
:1007000003FC20FA02F001FA03FE40EA0E0021FA8F
:1007100002F11444BDE600BF53B94AB9002908BF2D
:1007200000281CBF4FF0FF314FF0FF3000F074B9CC
:10073000ADF1080C6DE904CE00F006F8DDF804E038
:10074000DDE9022304B070472DE9F047089D044617
:100750008E46002B4DD18A42944669D9B2FA82F274
:1007600052B101FA02F3C2F1200120FA01F10CFAB0
:1007700002FC41EA030E94404FEA1C48210CBEFBE8
:10078000F8F61FFA8CF708FB16E341EA034306FB71
:1007900007F199420AD91CEB030306F1FF3080F000
:1007A0001F81994240F21C81023E63445B1AA4B24D
:1007B000B3FBF8F008FB103344EA034400FB07F7EF
:1007C000A7420AD91CEB040400F1FF3380F00A8130
:1007D000A74240F207816444023840EA0640E41B25
:1007E00000261DB1D4400023C5E900433146BDE8D1
:1007F000F0878B4209D9002D00F0EF800026C5E973
:10080000000130463146BDE8F087B3FA83F6002E8A
:100810004AD18B4202D3824200F2F980841A61EB02
:10082000030301209E46002DE0D0C5E9004EDDE720
:1008300002B9FFDEB2FA82F2002A40F09280A1EB08
:100840000C014FEA1C471FFA8CFE0126200CB1FB5D
:10085000F7F307FB131140EA01410EFB03F0884256
:1008600008D91CEB010103F1FF3802D2884200F2E3
:10087000CB804346091AA4B2B1FBF7F007FB101175
:1008800044EA01440EFB00FEA64508D91CEB040413
:1008900000F1FF3102D2A64500F2BB800846A4EB6E
:1008A0000E0440EA03409CE7C6F12007B34022FA59
:1008B00007FC4CEA030C20FA07F401FA06F31C4388
:1008C000F9404FEA1C4900FA06F3B1FBF9F8200C95
:1008D0001FFA8CFE09FB181140EA014108FB0EF0DB
:1008E000884202FA06F20BD91CEB010108F1FF3A2B
:1008F00080F08880884240F28580A8F10208614437
:10090000091AA4B2B1FBF9F009FB101144EA014144
:1009100000FB0EFE8E4508D91CEB010100F1FF34EF
:100920006CD28E456AD90238614440EA0840A0FB87
:100930000294A1EB0E01A142C846A64656D353D05D
:100940005DB1B3EB080261EB0E0101FA07F722FA81
:1009500006F3F1401F43C5E9007100263146BDE8AA
:10096000F087C2F12003D8400CFA02FC21FA03F30D
:10097000914001434FEA1C471FFA8CFEB3FBF7F08E
:1009800007FB10360B0C43EA064300FB0EF69E42B3
:1009900004FA02F408D91CEB030300F1FF382FD24C
:1009A0009E422DD9023863449B1B89B2B3FBF7F6F4
:1009B00007FB163341EA034106FB0EF38B4208D9CD
:1009C0001CEB010106F1FF3816D28B4214D9023E0E
:1009D0006144C91A46EA004638E72E46284605E72C
:1009E0000646E3E61846F8E64B45A9D2B9EB0208FD
:1009F00064EB0C0E0138A3E74646EAE7204694E78D
:100A00004046D1E7D0467BE7023B614432E73046BF
:100A100009E76444023842E7704700BF684620F0A7
:100A200007018D46FEE7000009480A4A0A49121AE2
:100A300008B519F0AFFE0948094A0021121A19F049
:100A4000B7FE08F073FC19F061FE00F037FAFEE71C
:100A5000000000242C060024C0DE0108300600241B
:100A6000203007247047704770477047014B0122C0
:100A70001A70704778AD002470474020704780207E
:100A8000704790F8100880F001007047704700230D
:100A900080F8083870470000F8B500240D460D486E
:100AA00016460D4902F016FFB44212D00948A700BD
:100AB000D5E9001202EB840201EB8401013403F05A
:100AC0004FF82B6805483B4493ED000A01F054FAB7
:100AD000EAE7F8BD08C0002404000024640E0024E6
:100AE00000294FF4806200F5826014BFFF210021CD
:100AF00019F05EBE10B5044640F6140119F07DF9F8
:100B0000204610BD10B5104C204604F0A9FF2379F3
:100B100003B1A36D0D4ABFF35B8F52E8001F194468
:100B200042E800100028F8D1BFF35B8F237B53B15C
:100B300094F824307F2B06D1054B0122BFF35B8F45
:100B40001A70BFF35B8F10BD84160024E8160024D2
:100B5000E416002470B51446A4B005464618B54204
:100B600025D06A4615F8011B04F1080004F0B6FF11
:100B70000028F4D0D4F8A820D4E92B03C31A48BF26
:100B80009B18013A9A42EAD0421CD4F8A430694634
:100B9000C4F8AC20902202FB003019F0FBFDD4E930
:100BA0002A239342DBD39B1AC4F8AC30D7E724B096
:100BB00070BD30B50C4685B00A25017D00922246F5
:100BC000CDE90135012306F077F8003818BF012080
:100BD00005B030BD036870B50E46DB6804461546A7
:100BE0009847B04205D823682046DB68984701380B
:100BF00086B223682046A6809B689847A84205D8FD
:100C0000236820469B689847013885B2E58070BD0F
:100C10001FB500238DF80D1003AA01798DF80C3053
:100C200064230093022305F0C5FF05B05DF804FBC3
:100C300090F81038F0B5044687B003F0FF057BBB91
:100C4000012300F1080604AF80F81038154B18682E
:100C50009B880490ADF81430013517F8011B30461D
:100C6000FFF7D6FF062DF7D140234FF4806204F53D
:100C7000826104F10E00637319F08CFD04F10D0222
:100C800040F201411046039208F030F8064B039AF7
:100C90003046009340F20143217B019605F0B2FFFC
:100CA00007B0F0BD58BD01088F0A00082DE9F041DA
:100CB0005E2988B004460E4600F118078DF817200B
:100CC00048D0A1F17303072B44D901250A230DF164
:100CD0001F085E22CDE90153CDF800802B4690F825
:100CE0002C10384605F0C0FF94F8303042465E21A3
:100CF000002818BF43F00103384684F830309DF8CF
:100D00001F308DF81E3000238DF81F302B46FFF763
:100D100050FF94F83030184384F8300001230DF16F
:100D2000170231463846FFF744FF94F83030184335
:100D300084F830005DB101230DF11E025E213846BA
:100D4000FFF737FF94F83030184384F8300008B0CC
:100D5000BDE8F0810025E1E784B038B505AD044673
:100D600085E80E009DF828302946037105F08AFEBB
:100D70002046AE21FFF74CFF2046D521FFF748FF64
:100D800020468021FFF744FF2046A821FFF740FFBF
:100D900020463F21FFF73CFF2046D321FFF738FFD5
:100DA00020460021FFF734FF20464021FFF730FFA7
:100DB00020468D21FFF72CFF20461421FFF728FF46
:100DC00020462021FFF724FF20460021FFF720FFC7
:100DD0002046A121FFF71CFF2046C821FFF718FF7E
:100DE0002046DA21FFF714FF20461221FFF710FFFB
:100DF00020468121FFF70CFF2046CF21FFF708FF97
:100E00002046D921FFF704FF2046F121FFF700FF1C
:100E10002046DB21FFF7FCFE20464021FFF7F8FECD
:100E20002046A421FFF7F4FE2046A621FFF7F0FE9E
:100E30002046AF21FFF7ECFEBDE8384004B0704714
:100E400000F580534FF41462F0B500F64816ADF685
:100E50004C1DD3F888320446314602A8019319F09C
:100E600099FCD4E9000107F049F8054608F014FAA6
:100E700020B140F64411284607F04EFF04F5945780
:100E80000435083794222946304619F073FC30B9EE
:100E900094369435BE42F5D10DF64C1DF0BD616817
:100EA000206801F6441206F03FFF01AB40F6441201
:100EB000D4E9000106F032FFEEE700002DE9F04F23
:100EC000D54DADF6942D0021D44803F03BFC4FF4F2
:100ED0004073284654AF2B80002650F8041B022490
:100EE00004F094FF05F1080004F0B0FE0E2003F0BA
:100EF00041FBADF830000D20B04603F03BFBADF8F0
:100F000034000A2003F036FB9FEDC50A0C99ADF8BA
:100F10003800C448DDE90D2304F074FDC24801F037
:100F200025FDC24BC7E9006310233B743C233B758E
:100F300057ABC7E9024693E807008DE80700BC48B5
:100F400097E80E00FFF708FF6421BA4801F0AFF8F8
:100F50000121B84800F0FCFF2146B04A3C46B648A3
:100F600002F0DAF9AD4803F027FBB44802F036FC92
:100F700020464646B2494FF07C5900F8018B08F1F3
:100F80000108424619F082FD94231022002103FB40
:100F9000067606F1140019F00BFC0223C4F8189031
:100FA00010222375002106F1240019F001FC04230E
:100FB000C4F828904FF0000984F824304FF07E5395
:100FC000C6F83C9004F1540EB8F1100FC6E90D9923
:100FD000A363C6F84890C6E910999A4E63640FCE91
:100FE000B44606F11806AEE80F005CF8043BCEF8F4
:100FF000003004F1680EBCE80F00AEE80F00DCF82A
:101000000030CEF80030904BE367904BC4F880304E
:1010100004F1840304F1940496E8070083E80700D0
:10102000A6D18B4E4FF41462394606F1080006F63D
:10103000481A19F0AFFB4FF41462394606F648100F
:1010400019F0A8FB49463068C6F8049006F056FF30
:10105000036806F580595A1E012A40F2E9810123EE
:101060003046C9F88832FFF7EBFE7A4F08F012F9E4
:10107000002403234FF001080FA9B0FBF7F0CDE9DE
:101080000F34471E40F2E733734811938DF84880C0
:1010900007F00AFD3946704807F080FD22466F4987
:1010A0006D4807F081FD22460421322003F084F9C7
:1010B000694807F061FD41F2873313A96848159329
:1010C0008DF85880CDE9138407F0EEFC394664486A
:1010D00007F064FD22466349614807F065FD22463A
:1010E00004211D2003F068F95D4807F045FD4E49D5
:1010F00017A801F02CFE9DED180A4F4801F0DAFF09
:101100009DED190A4C4801F0D1FF1B9B4A4807EEA0
:10111000903A0A93B8EEE70A02F002F89DF87810C8
:10112000454801F0F0FE9DF874209DF86810424893
:1011300001F016FF9DF870103F4801F0E1FE4A49AA
:10114000364803F031FA07F0ABFE0A90354F07F04E
:10115000A7FE464C804697F82430FF2B40F088814C
:1011600007F09EFE07EE900A97ED0A7A41F26F7241
:10117000F8EE677A77EEC77AFCEEE77A17EE903AE8
:10118000C4ED007A934240F25C813949294800F06D
:10119000E9FE0021274800F0DBFE264800F0A0FF12
:1011A000C82007F07FFE002007F07EFE314B0022B2
:1011B000BFF35B8F23ACD3F800B0BFF35B8FBFF3FB
:1011C0005B8F1A602C4BBFF35B8FBFF35B8F1649AD
:1011D0001F782046BFF35B8FBFF35B8F1A70BFF39E
:1011E0005B8FFFB201F0B3FDBBF1000F00F0B781E0
:1011F0000D4801F022FC002800F05E8159460A48A3
:1012000001F0DCFC17B1084801F0CAFB0649204692
:1012100001F09DFD32E000BF98170024EC16002479
:101220000000000084160024601700240108010952
:1012300058060024640E0024DCA8002408C0002402
:1012400052BF010860BD010800007A44CDCCCC3DFE
:101250007CAD002440420F00E0160024050B00087E
:1012600074AD00246D0A0008990A00084C06002499
:101270005CBF0108E8160024E41600246268D4ED7F
:10128000047A2F92A268F8EEE77A23783092E26926
:10129000D4F828B08DF8C820E2680B938DF8C920E7
:1012A000A269CDED317A8DF8CA2062698DF8CB2024
:1012B00072B6AD482FA901F010FF94215FFA8BFBA5
:1012C000AA4801FB0B6101F6481102F087F962B6EA
:1012D000C7B10B9B052B15D194F82030412794F80A
:1012E00024B01A463946A2480B93FFF7DFFC791C5D
:1012F00002375A469E48FFB2C9B2FFF7D7FC592FB2
:101300000B9BEED141469B4801F014FD9A4B1A7895
:101310005AB1002294492FA81A7001F017FF974B79
:101320002F9A1A609DF8C0201A71954B0A9A1B6873
:10133000A8EB02029A4210D38E49204601F007FD25
:101340002378002B40F0D38001218E4800F000FE6E
:101350008C4800F0C5FECDF828808B4804F0A0FD35
:1013600050B98A4804F072FC874804F09DFD884A11
:101370008849101D04F086FDD5E92B23D11A44BFFE
:10138000D5F8A800091800293FF4E0AE9A42F3D03E
:101390009022D5F8A4005A4301338118805CD5F817
:1013A000A82091F80880934291F809B0C5F8B030B0
:1013B00024BF9B1AC5F8B0300328DDD1B8F1770FF0
:1013C00040F0AF80BBF13F0F40F2AB8072496D48F7
:1013D00000F0C8FD00216B4800F0BAFD694800F03C
:1013E0007FFE72B66D48022403F0E2F86C48C9F83B
:1013F0008842FFF725FD6B49684803F0D5F862B6CF
:101400006949604800F0AEFD5E4800F069FE4FF4A7
:10141000167007F047FD57492FA801F098FC9DF87A
:10142000BC30002B7BD10121564800F091FDA3E791
:10143000011D4FF414625046C9F8883219F0AAF918
:1014400013E6B3F5FA6FFFF4B1AE58494D4800F01A
:1014500089FD00214B4800F07BFD4A4800F040FE2A
:10146000534B0022BFF35B8F1A70BFF35B8F9DE677
:101470002368A3F5FA63B3F57A6F1AD24D49414850
:1014800000F070FD00213F4800F062FD3D4800F093
:1014900027FEC82007F006FDBFF34F8F4649474B94
:1014A000CA6802F4E0621343CB60BFF34F8F00BF02
:1014B000FDE70023236079E65B46002B0FDCBBF1E0
:1014C000000FA8BFABEB0B0BBBF1000F47D04FF0E9
:1014D000FF3128480BF1010B01F0B9FAF4E70121C3
:1014E00024480B9301F0B3FA0B9B013BE5E7022183
:1014F000244800F02DFD0DF1980CCDF824A06F4686
:10150000BCE80F000FC7BCE80F000FC7DCF80030C5
:101510001C483B6094E80E0001F046F918E72146AC
:1015200082E714492FA801F012FC399C72B6942767
:10153000E4B22FA807FB04643A4604F64814214697
:1015400019F028F92FAB5A464146084802F0DEF957
:101550003A462FA9204619F01DF962B60CE7002F74
:101560007FF451AECEE600BFDCA8002408C0002402
:10157000F8A800246017002478AD0024040000249B
:101580000C000024640E00249C170024A0170024E3
:1015900098170024550B000888BF0108EC1600249A
:1015A0007CAD0024990A000892BF01086CBF0108B5
:1015B000E41600247BBF010800ED00E00400FA05FA
:1015C0007F2910B511D83F2A0FD8D40802F007029E
:1015D00001EBC4110124084404FA02F290F9081442
:1015E00052B21BB1114380F8081410BD21EA020168
:1015F000F9E7083008B5FFF7E3FF08BD2DE9F04F24
:101600000E4685B0044604A9A6F120059DF838B021
:1016100001E90C00EBB25E2B04D90026304605B080
:10162000BDE8F08F03689DF80870DB689DF809A09D
:101630009847A3883B449842EFDB236820469B6889
:101640009847E38853449842E7DB0AFB05F54FF0DF
:1016500000096D00CA451DD9039B4FF000085B5B74
:1016600001934745A188E28810D9019B41444A442F
:1016700004F1080003FA08F308F101081B044CBF49
:101680005B468BF00103FFF79BFFEAE709F10109D5
:101690000235DFE7A1882046E288394489B2FFF7A6
:1016A00099FABBE7F0B585B006464C1E02AD9DF831
:1016B000287085E80C0014F8011F41B100973046EE
:1016C00095E80C00FFF79AFF21788842F3D008468E
:1016D00005B0F0BD2DE9F043914685B0044698462B
:1016E00008464B46DDE90C52A3EB090C13F8011B2D
:1016F0000029F9D198F8006098F8011016FB0CF653
:101700000F4636B226EAE676082A76D8DFE802F0F7
:101710006B05270B35453C536100B5F90020B5F941
:101720000230228053E02B88A988B5F902200B44AF
:1017300062809B1B2380A680E780628821880390BB
:10174000FFF748FA9DF8383049460398009398E827
:101750000C00FFF7A7FF204605B0BDE8F083B5F900
:101760000430B5F9021003EBD3722B88618003EBD0
:101770006203A3EB66032380DDE76B88B5F90020E5
:10178000ED882B445B1ACCE76B88EA8813445B1A1C
:101790002A88A9880A44921BC3E76B88EA88134405
:1017A0005B1AB5F9042002EBD2712A8802EB6102C0
:1017B000A2EB6602B5E7B5F90630B5F9001003EB08
:1017C000D3726B88218003EB6203A3EB5703638022
:1017D000B1E7B5F9063003EBD3726B8803EB620314
:1017E000A3EB5103D4E7B5F9063003EBD3726B8852
:1017F00003EB6203A3EB5103D3E700232380638051
:10180000A380E38099E700002DE9F04F2DED068BD2
:1018100087B01C4603929DF86030DDE916289FEDE5
:10182000B64BB8F1000F0493BCBF4244C8F10008A6
:1018300007EE902A02EB0803B8EEE76B07EE103ACA
:101840009FEDAF5B26EE046BB8EEC77BCDE90101DF
:1018500086EE050B27EE047BF7EEC08B87EE050BBB
:10186000F7EEC09BB0EE680A18F0CEFA07EE904A89
:10187000B8EE67AA2AEE008AB0EE680A18F0F8FD02
:1018800060EE4A8AB0EE690A18F0BEFA2AEE009AB3
:10189000B0EE690A18F0ECFD20EE4AAA39EE487A5B
:1018A000049B7AEE687A67EEA77AE7EE077AB0EEE5
:1018B000007AF4EEC77AF1EE10FA08D5B8F1B40F59
:1018C00000F3CA8007B0BDEC068BBDE8F08F0022A4
:1018D00001276542C4F101040026BB46BA466400F4
:1018E000B9460492049A002A6ED107EE906A7242B9
:1018F000B8F1B40FF8EEE76A07EE905AB8EEE77A5F
:1019000007EE902AC5F1000266EE884AF8EEE77A03
:1019100006EE102A27EE285A66EE896AB8EEC66AE5
:1019200067EE885A27EE0A7A66EE283A67EE897AD9
:1019300026EE0A6A34EEE34A74EEC54A35EEC55A1D
:10194000B5EEC04A75EEE35A40F39180F1EE10FA1D
:1019500000F1848036EEC64AB5EEC04AF1EE10FAC8
:10196000CCBF4FF001094FF00009F5EEC04AF1EE8F
:1019700010FA76D476EEC76AF5EEC06AF1EE10FA88
:10198000CCBF4FF0010A4FF0000AB5EEC05AF1EE9D
:1019900010FA69D437EEC77AB5EEC07AF1EE10FAD4
:1019A000CCBF4FF0010B4FF0000BF5EEC05AF1EE3B
:1019B00010FA00F19B8077EEC67AF5EEC07AF1EE70
:1019C00010FACCBF01270027B9F1000F09D0039A04
:1019D00002990198B218491B05930830FFF7F0FDF2
:1019E000059BBAF1000F09D0039A02990198B21829
:1019F000691805930830FFF7E3FD059BBBF1000F65
:101A000009D0039A02990198921B6918059308302E
:101A1000FFF7D6FD059B4FB1039A02990198921BDF
:101A2000491B05930830FFF7CBFD059BA6425FDB02
:101A3000013604EB4602EE4202F1010202D1A54258
:101A400002DB0024A54255DA013502EB4502541CA5
:101A5000002D7FF747AF35E7012239E74FF0010945
:101A600083E74FF0010A90E74FF0010B9DE7F1EE9D
:101A700010FA32D536EEC64AB5EEC04AF1EE10FA8B
:101A8000CCBF4FF001094FF00009F5EEC04AF1EE6E
:101A900010FA25D576EEC76AF5EEC06AF1EE10FAB7
:101AA000CCBF4FF0010A4FF0000AB5EEC05AF1EE7C
:101AB00010FA18D537EEC77AB5EEC07AF1EE10FA03
:101AC000CCBF4FF0010B4FF0000BF5EEC05AF1EE1A
:101AD00010FA3FF570AF002776E7DDF81090D4E7F5
:101AE0004FF0000AE1E74FF0000BEEE701276BE74C
:101AF0002246A7E71446ABE77A008BFCFA2109409F
:101B000000000000008066402DE9F04F1F4685B0C0
:101B100014460830DDF838A0A7EB01089DF83C30EA
:101B20000D46AAEB0209B8F1000F0393B8BFC8F144
:101B30000008B9F1000F0290B8BFC9F10009924541
:101B40008CBF01224FF0FF328F428CBF4FF0010B50
:101B50004FF0FF3B394601925246FFF731FDA8EBAB
:101B60000906DDE90203BD4201D1544516D02946DC
:101B7000224603930290FFF723FDC9F10001720092
:101B8000B1EB460FBCBFA6EB09065D449045DDE90D
:101B90000203E8DD019A46441444E4E705B0BDE8D9
:101BA000F08F2DE9F3479DF830C005460C461646E8
:101BB0001F46DDF828809DF82C90BCF1000F10D056
:101BC000A7422AD3B246D04509D352464B462146B6
:101BD00005F108000AF1010AFFF7F2FCF3E701340E
:101BE000EEE7CDE90029FFF78FFF3B463246394645
:101BF0002846CDE90089FFF787FF2346424639464C
:101C00002846CDE90089FFF77FFF2346424621465B
:101C10002846CDE90069FFF777FF02B0BDE8F087FD
:101C20002DE9F041994F0024DFF8CC824FF60B7577
:101C30006FF0F4139649424638467C613C623C673B
:101C4000944EC7E90043C7E90233C7E90A54C7E91C
:101C50000F54C7E91654C7E90C44C7E91144C7E952
:101C6000184418F0C5F88C4842468C49C0E9045421
:101C7000C0E90B54C0E91054C0E90644C0E90D4462
:101C8000C0E9124418F0B4F8854D864B4246AC606A
:101C900028462B6085F81048834918F0A9F8294692
:101CA000824D0122824800F02BF9284601F072F89B
:101CB00042468049284618F09BF87F4A0023214677
:101CC000C6F8C42006F59470C6F8CC2006F5C025E9
:101CD000C6F8D020C6F8D420C6F8F420C6F8FC20F8
:101CE000C6F80021C6F804211022C6F8BC30C6F898
:101CF000C030C6F8C830C6F8D830C6F8DC30C6F8F0
:101D0000E030C6F8EC30C6F8F030C6F8F830C6F867
:101D10000831C6F80C31C6F81031A6F8E840A6F82C
:101D2000184118F045FD2146102206F59C7018F068
:101D30003FFD2146102206F5A47018F039FD21461A
:101D4000942205F5556018F033FD5C4A05F668519C
:101D5000DFF8A8C1D36B05F6AC5E5948C5F8513D14
:101D6000136C0222C5F8594DC5F8553D4FF07E530E
:101D700085F8642D85F8742D05F678520B6005F50D
:101D80005A61136005F68852C5F85D4D136005F67B
:101D90009452136005F69C5213604FF07C520A6017
:101DA00005F6A451C1F800C005F6A85108604549E0
:101DB000CEF8001005F55B6ECEF8002005F6B45E97
:101DC000CEF8003005F6B85ECEF800C005F6BC5C73
:101DD000CCF8000005F55C60016005F6C4513046A2
:101DE0000A6005F6C8510B6005F6CC5336491960F8
:101DF00005F55D6335491A6005F6D453344A1A6017
:101E000005F6D853334A05F6DC551A604246324B84
:101E10002B6017F0EDFF31484FF44073304A314DDD
:101E20003149C0F8B040C0E9003440F20F73C0E956
:101E3000272300F1B4034246C0F8A43040F2011356
:101E4000C0E92A3417F0D4FF21464FF4146205F19B
:101E50000800C5E9007418F0ABFC21464FF4146289
:101E600005F6481018F0A4FC05F580551F484246B9
:101E70001F49C5F88842046017F0BAFF1D48424662
:101E80001B490460BDE8F04117F0B2BFEC16002416
:101E9000690A000808C0002484160024670A0008A4
:101EA00050060024A8BF0108790A0008DCA8002415
:101EB000640E0024D12E0008000080BF58BD010828
:101EC000CDCCCC3DCDCC4C3F00007A446B0A000811
:101ED0009A99993E00A08C469A99593F98170024E8
:101EE0000080707F7CAD00248D0A0008E01600247D
:101EF000650A000874AD0024000000240AD7233CC2
:101F0000F8B580230D4601270021C0F808380446A3
:101F10000E4B1646C0F80C184FF48062C0F8143807
:101F20000830C0F8147818F043FC4FF480620021A8
:101F300004F5816018F03CFC1423204684F81068F6
:101F400025602771C4F81838F8BD00BFE0BF01084C
:101F500038B5044600680D46002103681B699847A0
:101F6000257138BD39B1C0F81418017919B9006864
:101F700003681B6918477047D0F80C3800EB8302E0
:101F8000013382ED020A5A42DBB2D2B258BF534249
:101F9000C0F80C387047000090F8103830B54BB3DB
:101FA000D0F80C38D0F8082801339D189D4221DD67
:101FB0005942DAB203F10103C9B258BF4A4200EBF9
:101FC0008201D1ED027AF5EEC07AF1EE10FAEDD58C
:101FD0005C42D9B2E4B258BF614200EB8101D1ED5D
:101FE000027AF5EEC07AF1EE10FADFDB034B1A60ED
:101FF000104630BD014B1A68FAE700BFF4CD062445
:102000002DE9F3410546202200210068FEF7E2FD9C
:102010002868002103681B6998472846FFF7BCFF22
:10202000002107460646D5F8083801F101083B446F
:10203000B34239DD7242D5F8183828684FF0010CE8
:10204000D2B207EE903AF3B206F1010658BF5342FE
:10205000F8EEE77AF4B205EB830393ED027A73426C
:1020600027EE877ADBB258BF5C420368BDEEC77AC1
:1020700005EB840417EE102A94ED027ACDF804C023
:1020800067EE877AC2F1200282F30602FDEEE77A5C
:1020900017EE904AC4F1200484F3060400949C696E
:1020A0004346A0474146BEE702B0BDE8F081C0F814
:1020B0001818704737B50022044600681146FEF72D
:1020C00089FD20680121054B02680091D4F814189D
:1020D000956A0CCBA84703B030BD00BF6000002458
:1020E000037910B504463BB1012B08D02068036882
:1020F000BDE810401B6B1847FFF7DCFFF6E7FFF762
:102100007FFFF3E72DE9F341044600680F46002105
:1021100003680126344D1B69984700222068114648
:10212000FEF758FD2068314903680096D3F82880EF
:1021300095E80C00C04720680D220A21FEF74AFDF1
:1021400020682B4903680096D3F8288095E80C0096
:10215000C047206817220A21FEF73CFD2068254968
:1021600003680096D3F8288095E80C00C0472068E3
:1021700021220A21FEF72EFD20681F4903680096E0
:10218000D3F8288095E80C00C04720682B220A214C
:10219000FEF720FD2068194903680096D3F82880CF
:1021A00095E80C00C047206835220A21FEF712FD91
:1021B0002068134903680096D3F8288095E80C003E
:1021C000C0470A22206800217A430D3292B2FEF7FE
:1021D00001FD20680B49036800969C6A95E80C0095
:1021E000A04702B0BDE8F08168000024ECBF010800
:1021F000FABF010806C001080DC0010815C001089A
:1022000027C001082CC001082DE9F34104460068ED
:102210000E460021036801273E4D1B6998470022A6
:1022200020681146FEF7D6FC20683B4903680097FA
:10223000D3F8288095E80C00C047042E4FF00D021B
:102240004FF00A0120685BDCFEF7C4FC20683349CC
:1022500003680097D3F8288095E80C00C047172240
:102260000A212068FEF7B6FC20682D490368009714
:10227000D3F8288095E80C00C04721220A21206865
:10228000FEF7A8FC2068274903680097D3F8288048
:1022900095E80C00C0472B220A212068FEF79AFC23
:1022A0002068214903680097D3F8288095E80C003E
:1022B000C04735220A212068FEF78CFC20681B49A4
:1022C000036800979F6A95E80C00B84705222068CC
:1022D000002196FBF2F202EB8202B21A0A26724346
:1022E0000D3292B2FEF776FC206801221049036895
:1022F00000929C6A95E80C00A04702B0BDE8F0810E
:10230000FEF768FC20680B49036800979F6A95E810
:102310000C00DAE7680000242EC001083EC0010866
:1023200044C001084AC0010855C00108B5C00108F1
:102330002CC0010861C001082DE9F3410446006882
:102340000E460021036801272D4D1B699847002286
:1023500020681146FEF73EFC20682A490368009772
:10236000D3F8288095E80C00C04720680D220A2188
:10237000FEF730FC2068244903680097D3F82880D2
:1023800095E80C00C047206817220A21FEF722FCBE
:1023900020681E4903680097D3F8288095E80C0050
:1023A000C047206821220A21FEF714FC2068184942
:1023B00003680097D3F8288095E80C00C047206890
:1023C0002B220A21FEF706FC2068124903680097B9
:1023D000D3F8288095E80C00C0470A222068002125
:1023E00072430D3292B2FEF7F5FB20680A4903688A
:1023F00000979C6A95E80C00A04702B0BDE8F08108
:102400006800002466C0010871C001087BC0010893
:1024100086C0010861C001082CC001082DE9F34104
:10242000044600680E46002103680127264D1B69FB
:102430009847002220681146FEF7CCFB206823490C
:1024400003680097D3F8288095E80C00C0472068FF
:102450000D220A21FEF7BEFB20681D490368009784
:10246000D3F8288095E80C00C047206817220A217D
:10247000FEF7B0FB2068174903680097D3F828805F
:1024800095E80C00C047206821220A21FEF7A2FB34
:102490002068114903680097D3F8288095E80C005C
:1024A000C0470A222068002172430D3292B2FEF723
:1024B00091FB20680949036800979C6A95E80C0025
:1024C000A04702B0BDE8F081680000248DC001087B
:1024D0009CC00108ADC0010861C001082CC0010802
:1024E0002DE9F341044600680E46002103680127E8
:1024F000264D1B699847002220681146FEF76AFBAB
:102500002068234903680097D3F8288095E80C00D9
:10251000C04720680D220A21FEF75CFB20681D4998
:1025200003680097D3F8288095E80C00C04720681E
:1025300017220A21FEF74EFB20681749036800970F
:10254000D3F8288095E80C00C047206821220A2192
:10255000FEF740FB2068114903680097D3F82880F4
:1025600095E80C00C0470A222068002172430D3212
:1025700092B2FEF72FFB20680949036800979C6A16
:1025800095E80C00A04702B0BDE8F0816800002487
:10259000C0C00108D6C00108E3C0010861C001083D
:1025A0002CC001082DE9F041044600680F460021C7
:1025B000036801262DED028B1B6986B0B0EE408AC0
:1025C0009847002220681146FEF704FB20681F4B45
:1025D00002681F490096956A0CCBA84720680C2218
:1025E0000021FEF7F7FA20681A4D39460368009675
:1025F000D3F8288095E80C00C047FDEEC87A16494C
:1026000002A8B8EEE70A17EE902A38EE408A9FED4E
:10261000130A28EE008ABDEEC87A17EE103A002B96
:10262000B8BF5B4218F032FA206823220021FEF77F
:10263000D1FA206802A9036800969C6A95E80C000C
:10264000A04706B0BDEC028BBDE8F0816800002415
:10265000F0C0010860000024F6C001080000C84274
:102660002DE9F04305460068984687B003680E469A
:10267000002114461B694FF0010998470022286881
:102680001146FEF7A7FA2868394B02683949CDF898
:102690000090976A0CCBB8470F2200212868FEF7FC
:1026A00099FA2868344F31460368CDF80090D3F882
:1026B000289097E80C00C84730493046FDF710FED7
:1026C00040B90C2394FBF3F203FB12442C4B53F858
:1026D000241015E02B493046FDF702FE38B90722D9
:1026E000294B94FBF2F2C2EBC202A41AEFE727498E
:1026F0003046FDF7F5FDF0B9B8F1000F14D04146B2
:1027000002A818F0E3F9286826220021FEF762FAF1
:102710002868012202A9036800929C6A97E80C00CD
:10272000A04707B0BDE8F083631C194A102102A836
:1027300018F078F9E7E717493046FDF7D1FD28B9D9
:102740002246154902A818F0A1F9DCE713493046E2
:10275000FDF7C6FD40B9634204F0030403F0030330
:1027600058BF5C420E4BB2E722460E49EAE700BF73
:1027700068000024FEC001086000002407C10108B1
:10278000E4C101080CC1010814C2010812C101080A
:1027900052BF010819C1010824C101082AC101085A
:1027A00030C2010859BF010884B010B402AC84E8FB
:1027B0000E009DF808400E9B013C9DF809100D9AF3
:1027C000102C00F2B680DFE804F009223FA2546525
:1027D0008A828E92969A9E767EB1AE0002290ED0A3
:1027E00003290ED004290ED006290ED0122914BFB9
:1027F000002104215DF8044B04B0FFF783BC0021E5
:10280000F8E70121F6E70221F4E70321F2E70829BE
:1028100010D0072910D0092910D00A2910D0052975
:1028200010D0122914BF002105215DF8044B04B01B
:10283000FFF7EABC0021F8E70121F6E70221F4E7FF
:102840000321F2E70421F0E70B290CD00C290CD06E
:102850000D290CD0122914BF002103215DF8044B6F
:1028600004B0FFF769BD0021F8E70121F6E7022176
:10287000F4E70E290AD00F290AD0122914BF00212B
:1028800002215DF8044B04B0FFF7C8BD0021F8E752
:102890000121F6E711290AD010290AD0122914BF04
:1028A000002102215DF8044B04B0FFF719BE00219E
:1028B000F8E70121F6E700230A9A20495DF8044B66
:1028C00004B0FFF7CDBE00230B9A1D49F6E79DED3E
:1028D000030A1C495DF8044B04B0FFF763BE9DED8D
:1028E000040A1949F6E70023069A1849E6E7002387
:1028F000079A1749E2E70023059A1649DEE7002305
:10290000089A1549DAE70023099A1449D6E70C9A80
:102910003BB10F2A05DC942101FB0233013310493E
:10292000CCE70023FBE700230E49C7E700230E494D
:10293000C4E75DF8044B04B0704700BF36C101081E
:1029400045C1010852C1010858C1010819C1010857
:102950002AC1010807C101080CC101085EC10108B4
:1029600012C1010865C101086EC1010810B5044615
:1029700006F096FA094A00236063A2604FF07E5287
:102980002380E26002222361E361E362C4E905235C
:10299000042201232262C4E9093310BD0000484229
:1029A00010B5044606F07CFA237860631BB940F248
:1029B0000123238004E0DA1F032A02D802232370B4
:1029C00010BDA3F10B02022A01D80323F7E7A3F1FC
:1029D0000E02012A01D80523F1E7A3F11002012A12
:1029E00001D80623EBE7042B01D10123E7E7627846
:1029F000122A11D1012B01D10023DAE79A1E012AF4
:102A000001D9062B03D1012222706370D8E7052B70
:102A1000D6D140F20253CCE7022A227001D108231A
:102A2000F3E7032A01D10B23EFE7052A01D10E2397
:102A3000EBE7062AC4D11123E7E70078C31F0A2B6E
:102A400003D9031F5842584170470120704738B5D9
:102A500004460D4606F024FA22786063531E052BC7
:102A600026D8DFE803F0033056257084002D637804
:102A700014DD022B02D10323637019E0032B01D173
:102A80000423F9E7042B01D10623F5E7062B01D136
:102A90001223F1E7122B0BD10223EDE7122BF3D017
:102AA000062BEDD0042BE6D0032BF5D0022BEFD074
:102AB000D31F032B6FD802236370A2F11003012BE5
:102AC00077D806236CE0002D637815DD082B01D143
:102AD0000723D1E7072B01D10923CDE7092B01D12A
:102AE0000A23C9E70A2B01D10523C5E7052BCFD05F
:102AF000122BDDD10823BFE7082BC9D0072BF9D053
:102B0000092BE5D00A2BE7D0052BE9D0122BCFD12A
:102B1000EAE7002D63780DDD0B2B01D10C23ABE729
:102B20000C2B01D10D23A7E70D2BB1D0122BBFD158
:102B30000B23A1E70B2BABD00C2BF9D00D2BEDD039
:102B4000122BB5D1EEE7002D637809DD0E2B01D1F4
:102B50000F2391E70F2B9BD0122BA9D10E238BE7CC
:102B60000E2B95D00F2BF9D0122BA1D1F0E7002D11
:102B7000637809DD112B01D110237DE7102B87D05D
:102B8000122B95D1112377E7112B81D0102BF9D07F
:102B9000122B8DD1F0E7A2F10B03022B03D80323F4
:102BA0006370607838BDA2F10E03012B85D8052330
:102BB000F6E7042AF5D10123F2E7000038B5044610
:102BC0000D4606F06DF923786063043B0D2B1BD88E
:102BD000DFE803F0981A1A2607434F5B6773808C6F
:102BE000A4A407EE905AB1EE047AF8EEE76AD4EDA9
:102BF000027AE6EE877AB7EE007AF4EEC77AF1EE63
:102C000010FA02D584ED027A38BD9FED487AF4EED1
:102C1000C77AF1EE10FA77FE277AC4ED027AF3E76D
:102C200007EE905A9FED427AF8EEE76AD4ED037A08
:102C3000E6EE877AF4EEC77AF1EE10FA02D584ED6B
:102C4000037AE1E7B0EE007AF4EEC77AF1EE10FA1B
:102C500077FE277AC4ED037AD6E76169691802D551
:102C600000236361D0E7142901DC6161CCE7142300
:102C7000F7E7A169691802D50023A361C4E7032916
:102C800001DCA161C0E70323F7E72169691802D5D8
:102C900000232361B8E70B2901DC2161B4E70B2392
:102CA000F7E7E169691802D50023E361ACE706297B
:102CB00001DCE161A8E70623F7E7216A0D44002D56
:102CC00002DC012323629FE7082D01DC25629BE7DC
:102CD0000823F7E7616A691802D50023636293E766
:102CE000FF2901DC61628FE7FF23F7E7A16A69181A
:102CF00002D50023A36287E7FF2901DCA16283E7F5
:102D0000FF23F7E7E16A691802D50023E3627BE756
:102D10000F2901DCE16277E70F23F7E7216B6D18DC
:102D20004ABF0023256323636EE700BF0000C8424B
:102D3000CDCCCC3D03784BB1436B41F28732CB1AFB
:102D4000934282BF4FF4807341630380704770B534
:102D50000B880C460646054624F8043F0FCC0FC5E9
:102D60000FCC0FC594E80F0085E80F00304670BD0A
:102D700030B50C4685B00A25017D00922246CDE98A
:102D80000135012303F070FF003818BF012005B0A2
:102D900030BD0000F8B5012104464A4A00255A23F7
:102DA00004F57376C2600375C0E9015140F2032057
:102DB00084F82C3084F848300323626284F8503061
:102DC0002083208604F15400C4E90751C4E90F129E
:102DD000C4E90D5501F052F804F5847001F04EF885
:102DE00004F5DE7001F04AF804F51C7001F046F8B5
:102DF00004F5497000F0F2FF4FF0804284F83D5333
:102E00004FF0FF33C4F848234FF07E522E4DC4F8E4
:102E10004C2340F20472C4F840332F460023A4F838
:102E200050232A4AC4F84433C4F85433C4F858230E
:102E3000C4F85C23C4F86033C4F864330FCF0FC602
:102E400097E8070005F11C0786E807000FCF04F597
:102E50007A760FC697E8070005F1380786E807007D
:102E60000FCF04F204460FC697E8070005F1540798
:102E700086E807000FCF04F584660FC697E80700C1
:102E800005F1700786E807000FCF04F23C460FC635
:102E90003B6805F18407B435336004F58A660FCFCB
:102EA0000FC60FCF0FC697E80F0086E80F000FCDB3
:102EB00004F590660FC695E8030086E803002046F7
:102EC000F8BD00BF01080109A4BD01080000484287
:102ED00010B5044600F5497000F08EFF04F51C7033
:102EE00001F026F804F5DE7001F022F804F5847094
:102EF00001F01EF804F1540001F01AF8204610BD4C
:102F000080F83C1370474FF0FF3380F85013C0F83F
:102F10004033704770B5044600F55A7600252DED14
:102F2000028B94F85133AB4217DB07EE905A07EE51
:102F3000103A94EDD58A0135F8EEE77AD4EDD78AC8
:102F4000B8EEC70AD4EDD30A87EE800A17F0FCF872
:102F5000A8EE808AA6EC018AE3E7BDEC028B70BD87
:102F600038B500EE901A044600F56775062A00F29F
:102F70008580DFE802F0042938475665740007238E
:102F80002A4600F57A7180F8513300F5737353F8CF
:102F9000040B8B4242F8040BF9D1F2EE087AF8EEFA
:102FA000600AB0EE000AC0EEA70A17F0CDF894F858
:102FB000512300239A4270DDD5ED007A013367EE8C
:102FC000807AE5EC017AF5E707232A4600F204410E
:102FD00080F8513300F57A7353F8040B8B4242F8B2
:102FE000040BF9D1D9E707232A4600F5846180F85C
:102FF000513300F2044353F8040B8B4242F8040BA4
:10300000F9D1CAE707232A4600F23C4180F8513340
:1030100000F5846353F8040B8B4242F8040BF9D19A
:10302000BBE705232A4600F58A6180F8513300F298
:103030003C4353F8040B8B4242F8040BF9D1ACE744
:103040000C232A4600F5906180F8513300F58A631D
:1030500053F8040B8B4242F8040BF9D19DE7062389
:103060002A4600F5936180F8513300F5906353F8D8
:10307000040B8B4242F8040BF9D18EE707232A4652
:1030800000F57A7180F8513300F5737353F8040B2F
:103090008B4242F8040BF9D17FE74FF0FF33204613
:1030A000C4F84033BDE83840FFF734BF80EDD30AA1
:1030B000FFF730BFD0EDD57AF4EEC07AF1EE10FA1A
:1030C000A4BFB7EE000A37EE800A80EDD60A30EED4
:1030D000670A80EDD70AFFF71DBF38B50D4691EDA1
:1030E000000A0446FFF7E6FF6B682046C4F84C333D
:1030F000FFF710FFAB682046C4F84833FFF70AFF1C
:103100002B7B204684F850334FF0FF33AA7BC4F862
:103110004033697BFFF724FFEB7B84F83C3338BDF9
:1031200080EDD20AFFF7F6BE13B5044601230DF178
:1031300007021830FFF71CFE94F83030184384F86B
:1031400030009DF8070002B010BD0000F0B501F19D
:1031500034070C460223064638462DED028B83B019
:1031600091EDD18A00210DF10602FFF701FE94F8DE
:103170004C3094F83D231843BDF8063013F001039A
:1031800084F84C0000F0BE8012B9012384F83D336E
:103190001E2104F11C00FFF7C7FF054602230DF1B5
:1031A000060204213846FFF7E3FD94F84C30AD00E9
:1031B0001843BDF80630ADB200EE103A94F8503026
:1031C00007EE905A84F84C00B8EE400A04F54970B6
:1031D000B8EE677A77EE407A00EE103AB8EE400A21
:1031E00037EEC00A84EDD80A00F00EFE94F83C33A6
:1031F000012B6CD0032B04D0002B6BD104F5DE70B7
:1032000001E004F5847000F0ADFED4F8403394ED95
:10321000D57A84EDD90A002BD4EDD97ADFED3C6A5A
:10322000C7FE877A94EDD67A94F8511337EE667A12
:10323000C7FEC77AC4EDD97A16DB8B4214DADFED0C
:10324000356A04EB830394EDD76A86EE267AD4EDD3
:10325000D26A27EE267AD3EDDA6A76EEC76AF4EE02
:10326000E76AF1EE10FA38D9481E04F55B720023C4
:103270008B4227DA1546B2EC017A55ED016AF4EE7D
:10328000E76AF1EE10FA04D8B4EEE77AF1EE10FA3C
:1032900006DC984234D1B4EEE77AF1EE10FA2FD87A
:1032A00094F8501301228A4008EE102A04EB83029E
:1032B000B8EEC88AD2EDE77AC4F8403328EE278A00
:1032C00084EDD18A94F83D3386ED008A12E004F54E
:1032D0001C7098E704F1540095E7D3EDDB6A37EEF4
:1032E000267AB4EEE77AF1EE10FABDDD94F83D33BC
:1032F00086ED008A3046337103B0BDEC028BF0BD21
:103300000133B5E7002ADDD084F83D33DAE700BFAA
:103310006F12833A0000C8422DE9F04190B00123BA
:10332000026004460AAE836000F11C05021D00F134
:10333000140C33461068083252F8041C37466245B4
:1033400003C73E46F6D1106838609288BA802A4694
:103350000EAF1E46083203CEBE4242F8080C42F8B9
:10336000041C3346F5D130682F460DF1100C106067
:10337000B3886E4693800FCF0FC63B68E769336012
:103380006E4604F1380300973246083303CA62459B
:1033900043F8080C43F8041C1646F5D112780026B1
:1033A00005A904F134001A701023059701278DF840
:1033B0002430BDF808300896ADF81830BDF80A3052
:1033C0000797ADF81A3003F05DFB94F84C30632298
:1033D0008021B04218BF43F00103284684F84C30E6
:1033E000FDF764FC384605F05DFD32465E21284657
:1033F000FDF75CFC5D212846FFF796FE242864D18A
:1034000094F83080412694F831703146424628467F
:10341000FDF74CFC711C02363A46C9B22846F6B29A
:10342000FDF744FC592EF0D101222B212846FDF74F
:103430003DFC01222C212846FDF738FC0E222D21CF
:103440002846FDF733FC00222E212846FDF72EFCEE
:1034500001222F212846FDF729FC0522302128468C
:10346000FDF724FC012231212846FDF71FFC002234
:1034700032212846FDF71AFC002233212846FDF7A9
:1034800015FC002234212846FDF710FC00223521CE
:103490002846FDF70BFC00225B212846FDF706FCC1
:1034A00010225C212846FDF701FC20225D212846E0
:1034B000FDF7FCFB8C225E212846FDF7F7FB94F814
:1034C0004C60002384F84C3086B12068012101F063
:1034D00077F82068642101F063F82068002101F08A
:1034E0006FF86421206801F05BF8EEE725460121C2
:1034F00055F8540B01F064F80221284600F019FD3C
:1035000004F58470032100F014FD314604F5DE70EB
:1035100000F00FFD012104F51C7000F00AFD04F518
:10352000497000F06AFC0023C4F86033C4F86433C7
:10353000042384F85033054BC4F844334FF0FF3371
:10354000C4F8403310B0BDE8F08100BF0000DC4398
:10355000B7EE007A00234FF07C5280ED050A03613C
:10356000C7EE007A9FED0A0AC36180ED020A42604D
:10357000C26010B50446C0ED067A00F005FF0023D6
:1035800084ED080A237040F20113A38510BD00BF2B
:103590000000C842D0ED040ADFED0A7A10B50446F7
:1035A000C0EEA70A80ED020AB0EE000A16F0CCFDCC
:1035B000D4ED027A204620EE270A00F0E5FE84EDE5
:1035C000080A10BD0000964410B5044680ED020ABA
:1035D00016F052F984ED070A10BD0000F0B500F5B1
:1035E000C0250446942205F6BC4005F5506705F653
:1035F00004562DED028B83B0DFED758A17F0CAF803
:1036000095F8D03CB7EE008A94ED020A082B2046CC
:1036100028BF0023237005F6D4431B68636005F6BA
:10362000D84393ED007A05F6DC4387FE287A87FEBF
:10363000487A84ED037A1B682361FFF7ABFF95F8A6
:10364000E03C94ED0E0A04F13000082B28BF002363
:1036500084F8303005F6E4431B68636305F6E843FD
:1036600093ED007A05F6EC4387FE287A87FE487AC8
:1036700084ED0F7A1B682364FFF78CFF95F8F03C0C
:1036800004F18C00082B019028BF002384F86030DF
:103690003B68C4F8903096ED000AFFF795FF95F867
:1036A000FC3C0198082B28BF002384F88C303B6831
:1036B000C4F8903096ED000AFFF786FF9FED457A3B
:1036C00005F60C5304F1BC000121D3ED007A05F599
:1036D0005163C7FEA87AC7FEC87A67EE877A019061
:1036E000C4ED2E7A93ED000A15F0D8FD05F61453BB
:1036F0000198022193ED000A15F0D0FD05F618534C
:103700000198D3ED007AF4EEE87AF1EE10FA59D987
:10371000F4EE487AF1EE10FA78FE277A05F61C539B
:10372000C4ED2F7A042193ED000A15F0B7FD05F6DC
:10373000245304F1EC00012193ED000A019015F0EF
:10374000ADFD05F628530198022193ED000A15F00E
:10375000A5FD05F62C530198D3ED007AF5EEC07A5D
:10376000F1EE10FA31D9F4EE487AB7EE007AF1EEC4
:1037700010FA77FE277A05F55363C4ED3B7A0421EE
:1037800093ED000A15F08AFD05F63C5304F58E70A2
:1037900093ED000A019016F05BF805F63853019896
:1037A00093ED000A15F0F6FF05F6445305F648556B
:1037B0001B68C4F87C312B68C4F8783103B0BDECC9
:1037C000028BF0BDDFED047AA8E7DFED037AD2E7E4
:1037D000000000009A99993E0AD723BC2DE9F041D8
:1037E0002DED048BB0EE408A0446FFF7B1FEDFED0D
:1037F000378A04F130004FF07C55B0EE480A4FF0A4
:103800000008FFF7A5FEF7EE007A002640F2011748
:1038100004F1600084ED1C8A87EE889AC4ED1A8A50
:103820006566E566C4F87880B0EE680A84ED1D9A96
:1038300016F022F804F18C0084ED1F0AB0EE680A3D
:1038400084ED278A84ED289AC4ED258A84F8606087
:10385000A4F88870C4F89050C4F89850C4F8A480B4
:1038600016F00AF804F1BC0084ED2A0A0121B0EE3A
:10387000480A84F88C60A4F8B47015F097FC012114
:10388000B0EE480A04F1EC0015F090FCB0EE480AE6
:1038900004F58E7015F0E2FDB0EE480A04F5BC7038
:1038A00016F076F804F5C02304F5C121084A83F820
:1038B000E46D03F6E853204601F5AA611A60BDECF9
:1038C000048BBDE8F041FFF789BE00BF0000C8428D
:1038D0000000DC4373B500F5C0260A6805460C46B7
:1038E00006F6E8531A600B795BB196F8E41D41B90E
:1038F000BC30019115F0CAFC019905F1EC0015F0FE
:10390000C5FC237986F8E43D02B070BD07EE902A2D
:103910009FED877AF8EE676A33B4C6EE877A9FED3B
:10392000857A0E3927EE877ABCEEC77A8DED017A5B
:103930009FED817A9DF8045027EE877ABCEEC77A16
:103940008DED017A9DF80440572900F2EE80DFE802
:1039500001F02C33363F42454E5053565F62656846
:103960007174ECECECECECECECECECECECECECEC8A
:10397000ECECECECECECECECECECECECECECECEC87
:10398000ECECECECECECECECECECEC829E89779261
:10399000ECECEC9BA7AAB3BCBFC8ECECECECECCB1A
:1039A000ECCED5ECECECECECDEE583F834501946CB
:1039B00002B030BCFFF712BEC3ED0E7AF7E7F3EEAC
:1039C000046A9FED5E7AA7EEA67A83ED0F7AEEE7A2
:1039D00083F84050EBE7C3ED117AE8E7F3EE046AB1
:1039E0009FED567AA7EEA67A83ED127ADFE71C7573
:1039F000DDE7C3ED067ADAE7C3ED077AD7E7DFED57
:103A0000506A9FED507AA7EEA67A83ED087ACEE74A
:103A100083F82440CBE7C3ED0A7AC8E7C3ED0B7AFD
:103A2000C5E7DFED476A9FED477AA7EEA67A83EDFB
:103A30000C7ABCE7C3ED137AB9E7C3ED147AB6E7A5
:103A400067EEA77ADFED406AB3EE047AA7EEA67AB6
:103A500083ED1F7AABE79FED3D7A67EE877AC3ED82
:103A6000207AA4E7F1EE006A9FED397AA7EEA67AF4
:103A700083ED157A9BE7F1EE006A9FED357AA7EEAC
:103A8000A67A83ED167A92E7C3ED177A8FE7F1EE07
:103A9000046A9FED2F7AA7EEA67A83ED187A86E75F
:103AA000C3ED197A83E7F1EE006A9FED297AA7EE5C
:103AB000A67A83ED1A7A7AE7F1EE006A9FED247A0E
:103AC000A7EEA67A83ED1B7A71E7C3ED1C7A6EE749
:103AD000F1EE046A9FED1E7AA7EEA67A83ED1D7AB9
:103AE00065E7C3ED1E7A62E7C3ED217A5FE79FEDDC
:103AF000197A67EE877AC3ED237A58E7DFED166A05
:103B00009FED167AA7EEA67A83ED227A4FE73F2A39
:103B100094BF0022012283F8902048E73F2A94BFF7
:103B20000022012283F8912041E702B030BC7047A7
:103B30000000FE429EEF7F409EEF3F40CDCCCC3D4B
:103B40000000C842000048C200A08C463333733FD7
:103B50000AD7233CA4707D3F00B888460000FA4392
:103B60002DE9F04300F5C02504460F46BC3095F81A
:103B7000E41D164604F1300805F6E8592DED088BD2
:103B800089B0F7EE008A15F011FC95F8E41D04F1F8
:103B9000EC00B0EE409A15F009FC95F8D03C2046B8
:103BA000F0EE40AA082B94ED020ADFED889A28BFB8
:103BB0000023237095F8E03C082B28BF002384F8ED
:103BC000303005F6DC431B682361FFF7E3FC05F6A4
:103BD000EC4394ED0E0A40461B682364FFF7DAFCC1
:103BE00099ED000A2046FFF7D5FC99ED000A404602
:103BF000FFF7D0FC05F6D44304F160001B68636056
:103C000005F6E4431B68636305F6D843D3ED007AF9
:103C100005F6E843C7FEA97AC7FEE87AC4ED037A41
:103C2000D3ED007AC7FEA97AC7FEE87AC4ED0F7A11
:103C300095F8F03C082B28BF002384F8603095F8F5
:103C4000FC3C082B28BF002384F88C3005F6F44395
:103C50001B68636605F550631B68C4F8903005F671
:103C6000F84393ED000AFFF7AFFC05F6045304F1A7
:103C70008C0093ED000AFFF7A7FC05F60C539FEDAF
:103C8000547AD3ED007AC7FEA97AC7FEE87A67EEC8
:103C9000877A95F84C3DC4ED2E7A23B194F82D30F7
:103CA0000BB1C4ED139A204600F042FA05F6D44356
:103CB000404693ED00AA20EE0AAA00F039FA05F674
:103CC000E443D4ED2EBA93ED00BA20EE0BBA16F011
:103CD0005BFE08EE100AD4ED2E7A05F60853BAEE14
:103CE000E08AB4EEE78AF1EE10FA4ABFC8EEAB7A8A
:103CF0009FED368A27EE888AD3ED007A95F84D3D00
:103D000028EE278A002B5ED13AEE0BAA3AEE088AFB
:103D100005F63453DFED2F7A04F58E7093ED000A2B
:103D200005F6385303906AEE80AA93ED000AAAEED6
:103D3000A70AF3EE047A80FE270ADFED277A80FED9
:103D4000670A15F027FD05F63C53039893ED000A2A
:103D500015F07EFD0398B0EE480A15F025FC05F538
:103D6000526329EE000A05AA93ED009A07AB05F508
:103D70005465114620EE090A009304F5BC7006ABA9
:103D8000CDED069A8DED050ACDED079A15F0C0FE32
:103D9000D5ED007A9DED067A78EEE78ADDED056ACD
:103DA00027EE877AA8EEA67A87ED007A9DED077A4E
:103DB00067EE877AE8EEA67AC6ED007A09B0BDEC28
:103DC000088BBDE8F083AAEE0B8AA1E70000000093
:103DD0009A99993E00401C4600409C46054B14228F
:103DE000002110B5044640F8043B16F0E1FC2046E3
:103DF00010BD00BF0000C8427047002343608360CD
:103E0000C3600361436170470369024630B5436193
:103E100087B0C368043201AC03618368C360436840
:103E200080ED010A836000F114031068083252F833
:103E3000041C25469A4203C52C46F6D1106802A9F7
:103E400000222860F1EC017A1346084610ED027A50
:103E5000B4EEE77AF1EE10FA03DD013B20ED017AD2
:103E6000F4D206A8013200EB8303042A43ED047A5E
:103E7000E8D19DED030A07B030BD00002DE9F843FD
:103E80002A4C0546031D4FF0000804F1180705F100
:103E900024064FF0100994E8070083E8070004F1B6
:103EA0000C0205F1100307CA83E807000FCFC5F81D
:103EB0001C80C5F820800FC63B6804F12C073360D6
:103EC00005F138060FCF0FC63B684A46002105F1C1
:103ED0004C00336004F1580716F06AFC04F140020C
:103EE00005F15C0305F17C0607CA83E8070004F1CD
:103EF0004C0205F168036C3407CA83E807000FCF52
:103F0000C5F87480C5F878800FC63B68336005F14A
:103F100090060FCC0FC623684A46002105F1A40085
:103F2000336016F045FC2846BDE8F88370BE0108F2
:103F3000704738B5002503460446102203F81C1BC1
:103F40004C3040F8305C29465D6016F031FC294663
:103F500004F1A4006567A5671022BDE8384016F09B
:103F600027BC00000378032B00F2B080DFE803F0E9
:103F700058770221D0ED086AD0ED067A90ED077AE5
:103F800066EEA77A90ED056A80ED087AE6EE077A8C
:103F900090ED016A70EE677A90ED020A27EE000A52
:103FA000C0ED077AA6EE270A90ED036AA6EE860A10
:103FB000704790ED146AD0ED107AD0ED136A66EE7A
:103FC000277A90ED0F7AD0ED155A90ED165AE7EE5C
:103FD000267A90ED117AD0ED124AC0ED165A80ED96
:103FE000156AC0ED146AE7EE257A90ED097AE4EEE1
:103FF000857A70EE677A90ED0A0A26EE800AC0EDA7
:10400000137AA7EE270A90ED0B7AA6EE070A90ED39
:104010000C7AA5EE870A90ED0D7AA5EE070A704797
:10402000D0ED1E6AD0ED1C7A90ED1D7A66EEA77A6F
:1040300090ED1B6A80ED1E7AE6EE077A90ED176A26
:1040400070EE677A90ED180A27EE000AC0ED1D7A2F
:10405000A6EE270A90ED196AA6EE860A7047D0ED03
:104060002A6AD0ED267A90ED297A66EEA77A90ED4D
:10407000256AD0ED275A90ED285AE6EE077A90EDA2
:104080002B6A80ED2A7AC0ED2B6AE5EE867AD0EDB8
:104090002C5A80ED2C6AE5EE257A90ED1F5A70EED1
:1040A000677A90ED200A27EE000AC0ED297AA5EE86
:1040B000270A90ED215AA6EE850A90ED225AA6EE27
:1040C000050A90ED235AA5EE850A70479FED010A77
:1040D000704700BF00000000B4EEE00AF7EE007A7F
:1040E000F1EE10FA0ADD80EE807AF0EE006A27EE3B
:1040F000470AA7EE260A30EE670A704737EEC07A05
:10410000B4EEE07AF1EE10FA41BF70EEE70A80EE0D
:10411000807AB0EE470AA7EE070A46BF37EE000ADC
:1041200030EE270A9FED010A704700BF0000000033
:10413000037810B504462DED048BF6EE008AD0ED21
:10414000089AB7EE008A90ED079A072B00F20D81CE
:10415000DFE803F00435649198A5D5E69FED850A64
:1041600029EE000A16F084F939EE899AB4EEC89A5D
:1041700084ED079AF1EE10FAC5BF39EE489A012393
:10418000002384ED079AD4ED077A84F82D3077EE7A
:10419000E99AF4EEE89AF1EE10FA40F1E980F4EED3
:1041A000E87AF1EE10FAACBF01230023D4ED017AD6
:1041B00084F82C3020EE270ABDEC048B10BDFFEEF6
:1041C000007AD0ED035AB0EE007AB1EE006AB0EE9C
:1041D000670AF0EE486AA9EE070AE5EE866AB0EED5
:1041E000C00A30EE680A30EE000A20EE260AB4EE6D
:1041F000C80AF1EE10FA09DCB4EEE70AF1EE10FAA3
:10420000B2D5F8EE006A36EEC00AF0E737EE400AA3
:10421000B4EEE70AF1EE10FAE9D5F2E7D0ED037A51
:104220009FED557AF4EEC77AF1EE10FA20D49FEDA7
:10423000537AF4EE477AF1EE10FA77FE277AF4EE2D
:10424000C97AB0EE007AF1EE10FADBBF39EE676A98
:1042500078EE677AC9EE276AC6EE276ACBBFBFEE53
:10426000000AB0EE480AA6EE870AA6EEC70A7BE768
:10427000F0EE477AE3E7F0EE007ABFEE000AA9EE2F
:10428000270A71E7D0ED037AB7EE000AF4EEC97A97
:10429000FFEE007AF1EE10FA30FE270A64E7B4EE82
:1042A000E89AB7EE006AFFEE005AF1EE10FAF0EE6F
:1042B000490AB0EE690A58BFB0EE656AFFF70CFF15
:1042C00079EE287A36EE006AFBFE670AB0EE690ADC
:1042D00077EEE00AFFF700FF78EE697A36EE406A83
:1042E00090ED090A27EE800AF0EE407AB1EE000A5E
:1042F000E6EE297AC0ED097A20EE270A34E7F0EEDF
:10430000007ABFEE006AF0EE490AB0EE690AA9EE43
:10431000276AFFF7E1FE36EE400AB1EE400A23E7D6
:1043200090ED035AB7EE006AFFEE005AB4EEC95A98
:1043300038EE455AF0EE490AF1EE10FA35EE095A18
:10434000B0EE690A76FE255AFFF7C6FE75EE805A72
:10435000FBFE450AB0EE690A75EE600AFFF7BCFE87
:10436000DFED077A35EEC00AC6E79FED060AFBE6E9
:1043700000231BE7DB0FC9400AD7233CA4707D3F15
:10438000F4FD343F00000000D0ED067A20EE270A4D
:104390007047000006494FF6FF0C0002054BCA6843
:1043A00000F4E06002EA0C0210430343CB60704764
:1043B00000ED00E00000FA051B4BDB68C3F30223AD
:1043C00000B5C3F1070E03F1040CBEF1040F28BFC2
:1043D0004FF0040EBCF1060F1AD9033B4FF0FF3C1F
:1043E0000CFA03FC22EA0C024FF0FF3C00280CFA06
:1043F0000EFC21EA0C0101FA03F141EA02010ADB99
:1044000009010A4BC9B2034483F800135DF804FBA9
:1044100000221346E8E700F00F000901044BC9B27F
:10442000034419765DF804FB00ED00E000E100E0D4
:10443000FCEC00E0002807DB012300F01F01034A29
:1044400040098B4042F82030704700BF00E100E097
:1044500000280DDB4309012200F01F00054920332D
:1044600002FA00F041F82300BFF34F8FBFF36F8FC4
:10447000704700BF00E100E0BFF34F8F0549064BD6
:10448000CA6802F4E0621343CB60BFF34F8F00BFF2
:10449000FDE700BF00ED00E00400FA05431EB3F1A4
:1044A000807F0CD24FF0E022002006494FF0F00C44
:1044B0005361072381F823C0906113617047012085
:1044C000704700BF00ED00E0BFF35F8F044B002199
:1044D0005A6A22F480325A62C3F89410704700BFBF
:1044E00000ED00E0064B40F00100C3F894005A6A6A
:1044F00042F480325A62BFF34F8FBFF36F8F704721
:1045000000ED00E0174A4378C2F89830017821B3F3
:10451000436800B5C2F89C30C37A90F80CC01B0603
:1045200090F80FE043EA0C7390F80AC00B43817BCC
:1045300043EACC4390F80DC043EA8C4390F809C09D
:1045400043EA4143017A43EA0E4343EA0C2343EA38
:104550004103C2F8A0305DF804FBC2F89C10C2F819
:10456000A010704700ED00E0704700BF08B5FFF7EE
:10457000FBFF08BD202882B009D8084B03EB40029E
:1045800013F81030507843EA002002B0704701233E
:104590000C2043EA002002B0704700BF40C201086F
:1045A000084604F07FBC00BF143001F0E7B900BF3B
:1045B000143001F005BA00BF143001F0DBB900BFC0
:1045C000283001F07FBE00BF10B540F203338EB03B
:1045D00000244FF60B7240F20341ADF8083009A8F1
:1045E0000123ADF81020ADF824202246ADF80C10C0
:1045F0000094029907940C94CDE90544CDE90A444E
:1046000001F06EFD04A8012322460399009401F0F5
:1046100067FD09A801F04AFE10B901200EB010BDD7
:1046200004A801F043FEA0420CBF022020460EB0B9
:1046300010BD00BF2DE9F04103239AB04FF00108EF
:1046400000254FF60B740746CDE91438394BADF809
:104650004C40CDE91053A3F19F63A3F57D43CDE911
:1046600016581293FFF7B0FF4045064623D00228A4
:1046700042D040F60132304B07F158000BACADF898
:104680002C200B991895CDF86480CDF84A3000F0B5
:10469000DBF810A907F1700003F052FF274B0FCB96
:1046A00084E80F003A6F214607F1140001F026F963
:1046B0001AB0BDE8F08110231F4A06A906908DF8B4
:1046C00028300BAC1E4BCDF84A2007930295CDE95C
:1046D0001805CDE9080502A802F0D4F90823029ACA
:1046E00003A92046ADF80C608DF80E500496059392
:1046F0000B9500F0E9F8CCE740F60133ADF82C401B
:1047000000200BACADF8183001210B4B4246009550
:10471000CDF84A302B460E95CDE918010699204672
:10472000CDE90C5501F0DCFC2946204601F0CAFD1C
:10473000AFE700BF0402040404060403F0BE01084E
:104740000704010B2DE9F04704462DED028B82B0E2
:10475000002949D0012140F2011200230091ADF857
:1047600004208DF80630354A0127354B04F1040941
:10477000344904F13C08626040F20272A36040F6E2
:104780000663E16004F1280A2285A3872782E76295
:10479000276404F081FD054604F0D4FB6946064613
:1047A00050BB4DB304F150008DF8067004F0F4FCDA
:1047B000072D3ED104F114052046FFF73BFF2846A4
:1047C00001F0D8F82846B0EE408A01F0CFF8D0EDDD
:1047D000007AF8EE677A88EE277A84ED1B7A02B0C9
:1047E000BDEC028BBDE8F08740F2011300918DF81B
:1047F0000610ADF80430B6E704F1500004F0CCFC2C
:10480000072D13D04946204603F0AEF90EB9002D0E
:10481000D0D15146504601F07DFB4046414601F063
:1048200079FB04F1120000F079F9C3E7002EF0D112
:10483000C0E74946204603F097F9BBE7050805099C
:1048400005070506050A060630B585B000250446AD
:104850000122ADF80C102B460399009501F040FCA5
:104860000121204601F02EFD012004F01BFB29460A
:10487000204601F027FD012004F014FB0121204611
:1048800005B0BDE8304001F01DBD00BF10B5C2F35A
:10489000002384B00C46017C8DF80D2043EA4402CD
:1048A000FA2402238DF80C2003AA009402F082F966
:1048B00018B10124204604B010BD04460A2004F0BB
:1048C000F1FA204604B010BD034670B543F8042B3E
:1048D000044684B007C983E80700A37983B91A2185
:1048E0000B461E22FA2523742046ADF80C20022325
:1048F00003AA009502F05EF928B1012004B070BD52
:104900001B210B46EDE70A2004F0CCFA4FF4B85215
:1049100000950223ADF80C20204603AA217C02F06A
:1049200049F90028E9D10A2004F0BCFA41F20272E8
:1049300000950223ADF80C20204603AA217C02F04A
:1049400039F90028D9D10A2004F0ACFA04220095E4
:104950000223ADF80C20204603AA217C02F02AF99C
:104960000028CAD10A2004F09DFA062200950223ED
:10497000ADF80C20204603AA217C02F01BF9002888
:10498000BBD10A2004F08EFA41F2082200950223DE
:10499000ADF80C20204603AA217C02F00BF9002878
:1049A000ABD10A20064604F07DFA0095022303AA43
:1049B000217C2046ADF80C6002F0FCF800289CD168
:1049C000304604F06FFA009522790C232046002A25
:1049D0008DF80C3003AA4FF0020314BF622142216C
:1049E0008DF80D10217C02F0E5F8002885D13046C5
:1049F00004F058FA2279D4E902310B43DBB20AB948
:104A000043F0400362790AB143F020030E22FA25F5
:104A10008DF80D302046009502238DF80C2003AA56
:104A2000217C02F0C7F800287FF467AF0A2004F069
:104A300039FA102200950223ADF80C20204603AA73
:104A4000217C02F0B7F800287FF457AF0A2004F069
:104A500029FA122100950223ADF80C1003AA217C3B
:104A6000204602F0A7F800287FF447AF0A2004F0A0
:104A700019FA012209212046FFF708FF003818BF64
:104A800001203BE7F0B5102387B0234C012200251D
:104A90000126002702A920460195CDE902234FF403
:104AA0008052CDE904670DF04FFD642004F016FF3D
:104AB00002A94FF480522046CDE904670226102750
:104AC000CDE902670DF040FD0322102302A9204624
:104AD000CDE9022300230422CDE904234FF48052C0
:104AE0000DF032FD40F23223042202A9019310237B
:104AF0002046CDE90223019A012305924FF480520A
:104B000004930DF021FD40F6060120460DF03CFD1A
:104B1000284607B0F0BD00BF00CE06241C4B002283
:104B20001C494FF0400C30B5054689B00220596051
:104B300007219A601A620124DA620A224FF4006E99
:104B4000DC6006922022CDE9000104200821CDE995
:104B5000020103201021CDE9040108206946C3E9C0
:104B600004024FF4C072181DC3E906C24FF480520C
:104B7000C3E909E20DF0BEFC38B92846FFF782FF11
:104B8000003818BF012009B030BD204609B030BD43
:104B9000FCCD062440410052614A0021D0B5136883
:104BA0008EB00A91002B40F0B9805E4B01214FF688
:104BB00083700C2411600221D3F8D420002603272F
:104BC00042F48052C3F8D420D3F8D42002F48052A7
:104BD0000092009AD3F8E02042F01002C3F8E020DF
:104BE000D3F8E02002F010020192019AD3F8E020FD
:104BF00042F04002C3F8E020D3F8E02002F0400287
:104C00000292029AD3F8E02042F00802C3F8E020B2
:104C1000D3F8E02002F008020392039AD3F8E020D0
:104C200042F48072C3F8E020D3F8E02002F48072EE
:104C30000492049AD3F8E02042F08002C3F8E02006
:104C4000D3F8E02002F080020592059AD3F8E02024
:104C500042F02002C3F8E020D3F8E02002F0200266
:104C60000692069AD3F8E02042F00402C3F8E0204E
:104C7000D3F8E0300C9403F0040307930323079A5E
:104C80000B93CDE9080108A9274806F0CDF848F2B2
:104C90003712022308A925480C94CDE90823CDE951
:104CA0000A6706F0C1F84CF20372022308A92048F3
:104CB0000C94CDE90823CDE90A6706F0B5F840F277
:104CC000FF62022308A91B480C94CDE90823CDE913
:104CD0000A6706F0A9F84FF60C72022308A91648D5
:104CE0000C94CDE90823CDE90A6706F09DF84FF64C
:104CF0003F02022308A911480C94CDE90823CDE90D
:104D00000A6706F091F82022022308A90A480C94A9
:104D1000CDE90A67CDE9082306F086F80EB0D0BDCC
:104D2000F8CD06240044025800100258001802581A
:104D3000000C025800200258001C025800140258AF
:104D40002DE9F04FDFF8108406460D46144608F1B1
:104D500018002DED028B89B000AF03F0E9FCD8F804
:104D6000183073B3D8F81C30D8F80490002B43697E
:104D70000BBF4FF0080A4FF0100A4FF0020B4FF034
:104D8000040BB9F1000F2AD0A200EA46012B02F170
:104D9000070222F00702ADEB020D6846ADEB020DF3
:104DA000694600F03F81022B00F0D680002B6FD0C7
:104DB0002246C847D5462437BD46BDEC028BBDE828
:104DC000F08FD8F81C30002BF5D0D8F804904FF0B5
:104DD000080A4FF0020B4369B9F1000FD4D1FB610F
:104DE000D8F80030BB61002BE5D0D54803F01EFD9C
:104DF0006B46BBF1020F786108EE103AFB6900F0D8
:104E000083816A465146A2EBC40295466200EA4697
:104E1000B2FBFBF2AAEBC40085460AEB8200EE4629
:104E2000F861ADEB010DF8690EEB820CC7F810C00C
:104E3000EC46ADEB010D00EB8201CCF80400CCF8A0
:104E4000081001EB82013869E946CCF80C1000EB40
:104E50008201CCF800A001EB8202C9E900E0C9E9B7
:104E60000212012B00F06483022B00F06C82002BF5
:104E700000F08081620849466046BB69984718EE99
:104E8000103A24379D46BD46BDEC028BBDE8F08F3D
:104E9000002C8DD01A46D8ED0C6A9FEDB27A84466C
:104EA000331D36F922E00CF1080C07EE90EA33F9D5
:104EB00022E00232F8EEE77A944267EE877A67EEF4
:104EC000A67A4CED027A07EE90EAF8EEE77A67EE02
:104ED000877A67EEA67A4CED017AE2D8F96122462C
:104EE000C847984ED8ED0D6A0020F9692B1D9FED3B
:104EF0009E7A9FED9E6ADFED9E5A22E0F4EEC67A1E
:104F0000F1EE10FAC0F2C88447F6FE72D1ED017AD4
:104F100045F8202066EEA77AF4EEC77AF1EE10FA93
:104F200040F2F080F4EEC67AF1EE10FAC0F2D584C9
:104F300047F6FE7243F820200230083184427FF6A3
:104F400039AFD1ED007A66EEA77AF4EEC77AF1EECA
:104F500010FAD3D83246D9E7002C3FF429AFD8ED68
:104F60000C6A84469FED787A0022331D8E4656F8EF
:104F700022100CF1080C07EE901A53F8221002329E
:104F8000F8EEE77A944267EE877A67EEA67A4CED00
:104F9000027A07EE901AF8EEE77A67EE877A67EE04
:104FA000A67A4CED017AE2D871462246C7F81CE099
:104FB000C847664ED8ED0D6A0020F9692B1D9FED9C
:104FC0006A7A9FED6A6ADFF894C120E0F4EEC67A4F
:104FD000F1EE10FAC0F279843246D1ED017A45F84B
:104FE000202066EEA77AF4EEC77AF1EE10FA40F2CE
:104FF0008780F4EEC67AF1EE10FAC0F25E84324693
:1050000043F820200230083184427FF6D3AED1ED40
:10501000007A66EEA77AF4EEC77AF1EE10FAD5D8E8
:105020006246DAE7002C3FF4C3AED8ED0C6A864640
:105030009FED477A4FF0000C331D56F82C200EF1EF
:10504000080E82F40002A2F5000207EE902A53F83F
:105050002C200CF1020CF8EEE77A82F40002644591
:10506000A2F5000267EE877A67EEA67A4EED027A25
:1050700007EE902AF8EEE77A67EE877A67EEA67A6F
:105080004EED017AD9D8F9612246C847314ED8EDA4
:105090000D6A0020F9692B1D9FED337A9FED336A6D
:1050A000DFF8BCC01FE0F4EEC67AF1EE10FAC0F2F1
:1050B000FC833246D1ED017A45F8202066EEA77ACE
:1050C000F4EEC77AF1EE10FA18D9F4EEC67AF1EEE2
:1050D00010FAC0F2DA83324643F820200230083159
:1050E00084427FF667AED1ED007A66EEA77AF4EEE1
:1050F000C77AF1EE10FAD6D86246DBE76246EBE7F4
:1051000062467DE7324615E7A100D64662080731C0
:1051100021F00701ADEB010DEA46ADEB010D69464B
:10512000ADEB0E0D0AEB8200EC46ADEB0E0D01EB84
:105130008202F861E946CCE900A0C9E9001290E6D4
:1051400050CE06240280FFFF000000300082FF7F67
:105150000000003482FF7F0034CE0624007E0080F1
:105160007E0080FF0000003804FF7FBF04FF7F3F08
:1051700000FEFF46002C00F0C982BBF1020FD8F8F8
:10518000242000F0FA827969C7F8049002EB810EBE
:105190005FED0C5A8A00DCF808100EF104007A6109
:1051A0001A46DCF80C303B61331DD7F810903D6196
:1051B000FD69C7E902CB8C46834636F92210D8ED4B
:1051C0000C7A06EE101A33F9221006EE901A3EF908
:1051D0002210B8EEC66A07EE101AF8EEE66A3BF93E
:1051E0002210B8EEC77A26EE256A66EEA56A27EE8B
:1051F000257A26EE276A66EEA76A27EE277A07EE5B
:10520000901A51080232F8EEE77A0AEB81009442D4
:1052100080ED006A05EB810067EEA57AC0ED006ABB
:105220000CEB810009EB810180ED007A98ED0C7A9E
:1052300067EE877AC1ED007ABFD8D7F804903D6950
:10524000D7E902CB60466208BB6949469847D8F85F
:105250002C307A69D8ED0D6A1A441FED3D7A1FEDA6
:105260003D6A2B1D904602F1040A5FED3F5A002271
:10527000A84ED9E900EC51E0F4EEC67AF1EE10FA4E
:10528000C0F2C78247F6FE7045F822000CEB010021
:10529000D0ED007A66EEA77AF4EEC77AF1EE10FA56
:1052A0004BD9F4EEC67AF1EE10FAC0F2BA8247F6A4
:1052B000FE70BBF1020F43F822002BD0D9F8080092
:1052C0000844D0ED007A66EEA77AF4EEC77AF1EEE4
:1052D00010FA36D9F4EEC67AF1EE10FAC0F2CD82A9
:1052E00047F6FE7048F82200D9F80C000144D1EDD1
:1052F000007A66EEA77AF4EEC77AF1EE10FA1ED9BC
:10530000F4EEC67AF1EE10FAC0F2AF8247F6FE7103
:105310004AF82210023294427FF6B1AD51080EEBEA
:1053200081008900D0ED007A66EEA77AF4EEC77AA4
:10533000F1EE10FAA0D83046A6E73046B9E731467C
:10534000E6E73046CEE7002C00F0E081BBF1020F2B
:10535000D8F8243000F0E1817A69DCF8081003EB1A
:10536000820EC7F804909300DFED6B5A0EF1040033
:1053700000227B61DCF80C303B61331DD7F81090C4
:105380003D61FD69C7E902CB8C46834656F8221081
:10539000D8ED0C7A07EE101A53F82210B8EEC76A4F
:1053A00007EE101A5EF82210F8EEC76A07EE101A20
:1053B00026EE256A5BF82210B8EEC77A66EEA56A7B
:1053C00026EE276A27EE257A66EEA76A27EE277A69
:1053D00007EE901A51080232F8EEE77A0AEB8100E4
:1053E000944280ED006A05EB810067EEA57AC0ED7E
:1053F000006A0CEB810009EB810180ED007A98EDE9
:105400000C7A67EE877AC1ED007ABFD8D7F804909E
:105410003D69D7E902CB60466208BB6949469847B7
:10542000D8F82C307A69D8ED0D6A1A449FED3E7A8F
:105430009FED3E6A131D9246DFF8E4C00022FB6137
:105440002B1D364ED9E9008E4EE0F4EEC67AF1EE11
:1054500010FAC0F2FC81304645F822000EEB010044
:10546000D0ED007A66EEA77AF4EEC77AF1EE10FA84
:1054700049D9F4EEC67AF1EE10FAC0F2EF81304667
:10548000BBF1020F43F822002AD0D9F808000844E3
:10549000D0ED007A66EEA77AF4EEC77AF1EE10FA54
:1054A00035D9F4EEC67AF1EE10FAC0F2C981304671
:1054B0004AF82200D9F80C000144D1ED007A66EEDA
:1054C000A77AF4EEC77AF1EE10FA1ED9F4EEC67A96
:1054D000F1EE10FAC0F2AD813146F86940F82210C1
:1054E000023294427FF6CBAC510808EB8100890070
:1054F000D0ED007A66EEA77AF4EEC77AF1EE10FAF4
:10550000A3D86046A8E76046BAE76146E5E760468B
:10551000CEE700BF0280FFFF000000300082FF7F67
:10552000007E00800000003404FF7FBF04FF7F3F47
:10553000002C00F0EB807A690021D8F82430C7F8FD
:10554000109003EB820ED7F81C909300FD610EF1D2
:1055500004021FED0C6A7B61331D154656F82120AD
:105560004808D8ED0C6ABBF1020F82F40002A2F5E4
:10557000000207EE902A53F8212082F40002B8EED0
:10558000E77AA2F5000227EE067A07EE902A0AEBE8
:105590008002F8EEE77A27EE267A67EE867A82EDC9
:1055A000007A09EB80024FEA800067EEA67AC2ED2E
:1055B000007A27D05EF8212082F40002A2F50002D2
:1055C00007EE902A55F8212082F40002B8EEE77A1F
:1055D000A2F5000227EE067A07EE902ADCF80820F2
:1055E000F8EEE77A024427EE267A67EE867A82EDB5
:1055F000007A98ED0C7ADCF80C2067EE877A02448A
:10560000C2ED007A02318C42A8D8D7F810906046DB
:105610006208BB694946FD699847D8F82C307A6919
:10562000D8ED0D6A1A441FED407A1FED406A131D34
:105630009246DFF8C4C20022FB612B1DAB4ED9E9B4
:10564000008E4EE0F4EEC67AF1EE10FAC0F2C5809C
:10565000304645F822000EEB0100D0ED007A66EEF0
:10566000A77AF4EEC77AF1EE10FA49D9F4EEC67AC9
:10567000F1EE10FAC0F2BF803046BBF1020F43F8E2
:1056800022002AD0D9F808000844D0ED007A66EE4E
:10569000A77AF4EEC77AF1EE10FA35D9F4EEC67AAD
:1056A000F1EE10FAC0F2AE8030464AF82200D9F886
:1056B0000C000144D1ED007A66EEA77AF4EEC77AC9
:1056C000F1EE10FA1ED9F4EEC67AF1EE10FAC0F23D
:1056D0008B803146F86940F82210023294427FF6FE
:1056E000CEAB510808EB81008900D0ED007A66EE60
:1056F000A77AF4EEC77AF1EE10FAA3D86046A8E7CD
:105700006046BAE76146E5E76046CEE7224649468D
:105710006046BB699847FFF7B2BBC7F810B00022DC
:1057200098ED0C6A331DDFED726AD7F81CB078690A
:1057300056F8221007EE901A53F82210B8EEE77AC6
:1057400007EE901A51080232F8EEE77A27EE267A31
:105750000AEB810E94420BEB810167EEA67A27EEED
:10576000067A67EE867A8EED007AC1ED007ADFD890
:105770008300D7F810B07B614DE61A46C7F810B029
:1057800098ED0C6A331DDFED5B6AD7F81CB07869C1
:1057900036F9221007EE101A33F9221007EE901A8C
:1057A000B8EEC77A51080232F8EEE77A27EE267A89
:1057B0000AEB810E94420BEB810167EEA67A27EE8D
:1057C000067A67EE867A8EED007AC1ED007ADFD830
:1057D0008300D7F810B07B6134E5F0EE675AFEEE37
:1057E000E45A15EE900A34E7F0EE675AFEEEE45AFA
:1057F00015EE901A6EE7F0EE675AFEEEE45A15EEDB
:10580000900A3AE7F0EE675AFEEEE45A15EE900A77
:105810004BE767EEA57AFDEEE77A17EE900A00B245
:1058200032E567EEA57AFDEEE77A17EE900A00B250
:105830003FE5F0EE675AFEEEE05A15EE901A4CE6A0
:10584000F0EE675AFEEEE05A15EE900A30E6F0EE02
:10585000675AFEEEE05A15EE900AFDE5F0EE675A43
:10586000FEEEE05A15EE900A0AE667EEA57AFDEE26
:10587000E77A17EE901A09B24AE567EEA57AFDEECF
:10588000E77A17EE900A00B22CE5F0EE675AFEEECA
:10589000E45A15EE902A1FE467EEA57AFDEEE77A4A
:1058A00017EE902A12B2FFF731BBF0EE675AFEEE08
:1058B000E45A15EE902AFFF7FDBBF0EE675AFEEEB4
:1058C000E05A15EE902AFFF79BBBF0EE675AFEEE0A
:1058D000E05A15EE902AFFF780BB67EEA57AFDEE41
:1058E000E77A17EE902A12B2FFF724BB82FF7F00FF
:1058F00000000030000000387E0080FF30B5184CFA
:10590000154685B0046004F1080EEC460FC98EE818
:105910000F00D4ED047AF5EEC07A8CE80F00F1EEBA
:1059200010FA1ADDB7EE006A94ED057A27EE277AB1
:10593000C6EE276A84ED0D7AC4ED0C6A6DB120467F
:1059400040F8185F02F0F4FE064903690020064A99
:105950002162A262E36005B030BD012005B030BD18
:1059600034CE0624002000300000003000680830EB
:10597000704700BF0068183002F046BF30B50468B9
:1059800083B00D46E3694BB1A3680020E26A616A07
:105990009B00009004F11C0002F0CCFEA3680748B5
:1059A000A26A9B00216A009004F1180002F0C2FE76
:1059B0000020C4E9005003B030BD00BF414D0008D5
:1059C00010B50468A3691BB104F1180002F010FFC0
:1059D000E3691BB104F11C0002F00AFF002010BDB6
:1059E00010B4074B4FF07E51302400220320196180
:1059F0009C60D8605DF8044B5961C3E9062270478A
:105A000034CE062430B5044687B00025ADF8141016
:105A1000ADF81020ADF80C3003F042FA2A462060B1
:105A2000059904F12C0025710123009500F058FB25
:105A300001232A46049904F14000009500F050FB30
:105A40009FED060A039904F1080000F005F94FF6EE
:105A5000FF73A565A4F8543007B030BD0000000006
:105A6000F8B5044603F01CFA002623682671834229
:105A700005D104F10800BDE8F84000F005B90127A0
:105A800094F85450206004F12C00BD40277100F0C0
:105A90000DFC6DB2284394F85550BD4084F8540075
:105AA00004F1400000F002FC94F854306DB2A66599
:105AB00003F003032843022BC0B284F8550009D039
:105AC00000F003000228D4D1002BD2D14FF0FF33D5
:105AD000A365CEE78307CCD1A765CAE738B50446EE
:105AE000104694F895301942237815D0032B19D01D
:105AF00094F89820002594F896300A4025700B40C1
:105B0000A26001F0F8021B09F82A237100F08680D8
:105B1000092B73D9002038BD032BFBD8DFE803F035
:105B2000112A5102F7291CD094F98E2094F88E3056
:105B3000002AEFDBE21801330020917384F88E30E5
:105B400038BD94F8942094F8973022711940131FAF
:105B5000012B217305D994F88F3003F0FD03012B3D
:105B600045D10023237018B19022211D14F012FE9C
:105B7000012038BD94F8973094F894201940131FF1
:105B80002173012B05D994F88F3003F0FD03012B0D
:105B900029D10023237000284CD09022211D14F01D
:105BA000F9FD94F894200120032AB4D1237B772BAC
:105BB000B1D90922783B227184F8942084F891307D
:105BC00038BD94F8973094F894201940012A6173F5
:105BD00000D181B118B19022211D14F0DBFD00230A
:105BE0000120237038BD022300202370DCE702234C
:105BF0000020237038BD00232371EBE70122072B1F
:105C0000227019D101F00703A56084F88F30CBB959
:105C10000322184684F88E30227038BD0823237181
:105C200094F8993000221940227084F890100028CE
:105C30009AD19DE70120B7E7082BF1D0284684F8D8
:105C4000943038BD4B077FF565AF8AE700220A2301
:105C500002700371704700BF10B586B00446ADF8FE
:105C60000C10ADF8141003F01BF94FF480710022F2
:105C700020600123A18004F10800A183059900920E
:105C800000F02EFA06B010BD10B5044603F008F976
:105C9000002122682171824200D110BD03460122F9
:105CA00004F108002360227100F000FB227F617F75
:105CB00053005BB281B180F0010252B21343DBB2F8
:105CC0007F2B2377E9D103F0EBF807EE900AF8EE8B
:105CD000677AC4ED087A10BD42B2EFE7704700BFA3
:105CE00030B5D0F80C44ADF2044D3CB3D0F80824E4
:105CF000D0F804349A4224D0EC460021E646013123
:105D0000D0F80834D0F804249B1AC3F30903002BFD
:105D1000F6D0D0F804345A1C0344C2F309021D79AA
:105D2000C0F80424D0F80824D0F804340EF8015B3D
:105D30009A42E4D1D0F810246046A0470DF2044DF9
:105D400030BD0021EC46F5E7F8B50B68002B41D0DB
:105D50000E4600210546214C0F465B1A032B30D915
:105D60006B5C294413F00E0F2BD003F00F03234478
:105D700093F818382BB3013B481C50FA83F0D4F841
:105D80000434D4F80824013B9B1AC3F3090313B36A
:105D900011F801CFD4F80434D4F80824013B9B1A3D
:105DA000C3F30903002BF5D0D4F80834814203F182
:105DB00001022344C2F3090283F804C0C4F8082492
:105DC000DDD104372046FFF78BFF3368BFB29F4217
:105DD0003946C2D3F8BDE370F3E700BF6CCE0624AA
:105DE000024BDB780BB1FFF7AFBF70476CCE0624D8
:105DF000054B00B5DB7883B0019113B101A9FFF722
:105E0000A3FF03B05DF804FB6CCE0624CBB230B523
:105E1000022B174C83B04FF00005ADF8041004605E
:105E2000A4F80110E57017D0A3F101020125114B70
:105E30002046B2FA82F21D705209114600920EF00D
:105E4000D3FC0A2003F02EF8009A0B49204603B039
:105E5000BDE830400EF04EBD0A2003F023F82A467C
:105E60000649074803B0BDE830400EF06FBC00BFE4
:105E70006CCE062404F40624E15D0008F15D000800
:105E80000040003003684FF0010CD3F8040483F89D
:105E900003C0C3F80C14C3F81024C3F808047047F7
:105EA0000368D878704700BF0368D3F80424C3F8A8
:105EB0000824704730B54FF44072114C114BA4F8D0
:105EC000012004F61805104A03F1100E04F6280C00
:105ED000C4F838284FF60F02A4F83C28072284F8AB
:105EE0003E280FCB85E80F009EE80F008CE80F00DE
:105EF0002046064A0649BDE8304013F079BF00BF8E
:105F00006CCE062400BF010880707FF000000024E2
:105F1000DD5C000884460FC98CE80F009CF8003057
:105F20000B2B30D09CF801200F2A2CD8022900B569
:105F300091B041D0032902D0012900D000210C9159
:105F4000DCF80810012902D0022918BF00210D91A8
:105F5000DCF80C10022904D0032902D0012918BF53
:105F600000210A2B0E910FD85B4800EB8320CCF860
:105F700010000A2B17D8DFE803F0A0928476685A45
:105F80004C3E3022090070470020F0E7534BD3F815
:105F9000E01041F48061C3F8E010D3F8E03003F47E
:105FA00080630A930A9B01230BA993400B9304F08F
:105FB0003BFF11B05DF804FB11210C91C0E7474B8A
:105FC000D3F8E01041F40071C3F8E010D3F8E030EA
:105FD00003F400730993099BE5E7404BD3F8E01005
:105FE00041F48071C3F8E010D3F8E03003F480731B
:105FF0000893089BD7E7394BD3F8E01041F08001B4
:10600000C3F8E010D3F8E03003F080030793079B58
:10601000C9E7324BD3F8E01041F04001C3F8E0107B
:10602000D3F8E03003F040030693069BBBE72B4B0D
:10603000D3F8E01041F02001C3F8E010D3F8E030CD
:1060400003F020030593059BADE7244BD3F8E01044
:1060500041F01001C3F8E010D3F8E03003F0100372
:106060000493049B9FE71D4BD3F8E01041F0080117
:10607000C3F8E010D3F8E03003F008030393039B68
:1060800091E7164BD3F8E01041F00401C3F8E0109B
:10609000D3F8E03003F004030293029B83E70F4B35
:1060A000D3F8E01041F00201C3F8E010D3F8E0307B
:1060B00003F002030193019B75E7084BD3F8E0104E
:1060C00041F00101C3F8E010D3F8E03003F0010320
:1060D0000093009B67E700BF00000258004402588D
:1060E00010B592B0ADF804100180C9B2149C0B2910
:1060F000C460C0E901233FD090F801C0BCF10F0F8C
:106100003AD8022A3FD0032A02D0012A00D0002226
:106110000E92012B02D0022B18BF0023022C0F93EA
:106120002CD0032C2AD0012C28D000230A2910932C
:1061300027D85C4A02EB812202610A2914D8DFE8E1
:1061400001F0A39587796B5D4F4133250600564BCF
:10615000D3F8E01041F48061C3F8E010D3F8E030E8
:1061600003F480630C930C9B01230DA9104603FAE2
:106170000CF30D9304F058FE12B010BD0A291094D0
:10618000D7D90022D8E711220E92C2E7464BD3F8A6
:10619000E01041F40071C3F8E010D3F8E03003F4EC
:1061A00000730B930B9BDFE73F4BD3F8E01041F4F8
:1061B0008071C3F8E010D3F8E03003F480730A93E1
:1061C0000A9BD1E7384BD3F8E01041F08001C3F8C7
:1061D000E010D3F8E03003F080030993099BC3E794
:1061E000314BD3F8E01041F04001C3F8E010D3F890
:1061F000E03003F040030893089BB5E72A4BD3F83F
:10620000E01041F02001C3F8E010D3F8E03003F0D3
:1062100020030793079BA7E7234BD3F8E01041F037
:106220001001C3F8E010D3F8E03003F01003069338
:10623000069B99E71C4BD3F8E01041F00801C3F826
:10624000E010D3F8E03003F008030593059B8BE7DB
:10625000154BD3F8E01041F00401C3F8E010D3F877
:10626000E03003F004030493049B7DE70E4BD3F866
:10627000E01041F00201C3F8E010D3F8E03003F081
:1062800002030393039B6FE7074BD3F8E01041F041
:106290000101C3F8E010D3F8E03003F001030293EA
:1062A000029B61E7000002580044025808B5012132
:1062B00043780069994089B204F0B8FF003818BFEC
:1062C000012008BD01230A464178006903FA01F163
:1062D00089B204F0B1BF00BF2DE9F84F04460E4665
:1062E0001746984600F18C05284607F01BFE20282B
:1062F000FAD120682E4B0128636106D0022843D0D2
:1063000000283ED00120BDE8F88F2423A36140235C
:10631000002004F11409E3614FF480632062A0635C
:106320006362C4E90A00C4E90C00C4E910004846ED
:1063300003F0D2FB08B1FFBEFEE7C4F8C490E564E9
:10634000EFF3108A72B6DFF8709094F900300A9A71
:10635000DFF868B089F80030CBF80020E3680B9ACA
:10636000144C22609BB9710043463A46284689B2D4
:1063700006F09CF890B9BAF1000FC4D162B6BDE83E
:10638000F88F2223A361C2E74A23A361BFE74246F5
:106390003946284606F0ECF90028ECD0FF2301200E
:1063A00089F800300023CBF800302360E3E700BF1A
:1063B000A0000240B4D60624B0D60624ACD60624EB
:1063C0002DE9F84F04460E461746984600F18C0515
:1063D000284607F0A7FD2028FAD120682D4B012878
:1063E000636106D0022842D000283DD00120BDE8DC
:1063F000F88F2323A36100204FF4806304F1140974
:10640000A0636362C4E90700C4E90A00C4E90C00A0
:10641000C4E91000484603F05FFB08B1FFBEFEE789
:10642000C4F8C890E564EFF3108A72B6DFF86C9098
:1064300094F900300A9ADFF868B089F80030CBF898
:106440000020E3680B9A144C22609BB9710043460C
:106450003A46284689B206F0E9F890B9BAF1000F39
:10646000C5D162B6BDE8F88F2123A361C3E74923F4
:10647000A361C0E742463946284606F009FA0028DB
:10648000ECD0FF23012089F800300023CBF8003046
:106490002360E3E7A0000240B4D60624B0D6062469
:1064A000ACD6062410B5002386B01222044604930D
:1064B000CDE902230368022B1FDC002B01DB042340
:1064C000059323790A2B1FD8114800EB83206279AA
:1064D000012301A99340019304F0A6FCA3790A2BA0
:1064E00014D80B4800EB8320E279012301A99340E3
:1064F000019304F099FC06B010BD032BE1D10623F3
:10650000059323790A2BDFD90020E0E70020EBE791
:1065100000000258634A0368934210B58CB028D03B
:10652000614A934258D0614A934200F09480604A95
:10653000934201D00CB010BD5E4C5F48D4F8E030FF
:1065400043F00203C4F8E030D4F8E03003F0020373
:106550000A930A9BFFF7A6FFD4F8F43043F08003B8
:10656000C4F8F430D4F8F43003F080030B930B9BA1
:10657000E0E7504C5148D4F8E03043F00203C4F84F
:10658000E030D4F8E03003F002030193019BFFF701
:1065900089FFD4F8E83000221F2043F4001311468D
:1065A000C4F8E830D4F8E83003F400130293029BF7
:1065B000D4F8D83043F00103C4F8D830D4F8D83038
:1065C00003F001030393039BFDF7F6FE1F200CB0BD
:1065D000BDE81040FDF72EBF364C3948D4F8E03006
:1065E00043F08003C4F8E030D4F8E03003F08003D7
:1065F0000493049BD4F8E03043F00203C4F8E03085
:10660000D4F8E03003F002030593059BFFF74AFF3F
:10661000D4F8E8300022212043F480031146C4F866
:10662000E830D4F8E83003F480030693069BD4F8EE
:10663000D83043F00103C4F8D830D4F8D83003F090
:1066400001030793079BFDF7B7FE21200CB0BDE8BF
:106650001040FDF7EFBE1B48FFF724FF154B00224B
:106660004820D3F8E840114644F40004C3F8E84059
:10667000D3F8E84004F400040894089CD3F8D84008
:1066800044F00104C3F8D840D3F8D83003F0010334
:106690000993099BFDF790FE48200CB0BDE810401F
:1066A000FDF7C8BE0054004000580040005C0040A8
:1066B000001C00580044025858D90624B8D60624B5
:1066C00098D7062478D806242DE9F0431A4B87B0D2
:1066D00000254FF010099E46EC46184BFF22E0467D
:1066E00067461A700EF118060EF13004CDE9005518
:1066F000CDE90255ADF80090BCE80F00CDE9045596
:10670000AEE80F009CE803000095ADF800908EE81D
:106710000300B8E80F000FC69CE803000095ADF831
:10672000009086E803000FCF0FC49CE8030084E8C4
:10673000030007B0BDE8F08310000024B0D60624A3
:1067400010B5EFF3108472B6084B1A78120602D512
:1067500004B962B610BD1878054B40B2C0EBC0005A
:1067600003EB4010143004F009F8F1E7B0D606242A
:10677000B8D60624014806F093BB00BF44D70624D0
:10678000014806F08DBB00BF24D80624014806F05E
:1067900087BB00BF04D906242DE9F04182B0EFF396
:1067A000108772B61C4AFF211C4C1368217023B15C
:1067B000002111601A4A1068984723781B0617D5E4
:1067C000DFF864800025174E444662685AB1636959
:1067D000304693B923690193E368009323892188A4
:1067E000FFF77AFD90B101351834E036032DECD176
:1067F00007B962B602B0BDE8F081D4E90331CDE952
:10680000003123892188FFF7DBFDEBE705EB450528
:1068100008EBC5056860EBE7ACD60624B0D60624C5
:10682000B4D60624B8D60624100000242DE9F04181
:1068300082B0EFF3108772B61C4AFF211C4C13681C
:10684000217023B1002111601A4A106898472378FB
:106850001B0617D5DFF864800025174E4446626892
:106860005AB16369304693B923690193E368009391
:1068700023892188FFF730FD90B101351834E036C7
:10688000032DECD107B962B602B0BDE8F081D4E9BE
:106890000331CDE9003123892188FFF791FDEBE732
:1068A00005EB450508EBC5056860EBE7ACD60624AB
:1068B000B0D60624B4D60624B8D606241000002488
:1068C0002DE9F04182B0EFF3108772B61C4AFF2128
:1068D0001C4C1368217023B1002111601A4A106802
:1068E000984723781B0617D5DFF864800025174EDC
:1068F000444662685AB16369304693B9236901938B
:10690000E368009323892188FFF7E6FC90B1013505
:106910001834E036032DECD107B962B602B0BDE8F9
:10692000F081D4E90331CDE9003123892188FFF7D3
:1069300047FDEBE705EB450508EBC5056860EBE7B0
:10694000ACD60624B0D60624B4D60624B8D606247F
:10695000100000242DE9F04182B0EFF3108772B6E9
:106960001C4AFF211C4C1368217023B100211160C7
:106970001A4A1068984723781B0617D5DFF86480F9
:106980000025174E444662685AB16369304693B990
:1069900023690193E368009323892188FFF79CFC16
:1069A00090B101351834E036032DECD107B962B649
:1069B00002B0BDE8F081D4E90331CDE9003123898B
:1069C0002188FFF7FDFCEBE705EB450508EBC50566
:1069D0006860EBE7ACD60624B0D60624B4D606240D
:1069E000B8D60624100000242DE9F04182B0EFF360
:1069F000108772B605F01CFA1D4A1E4CFF21136861
:106A000021702BB10021116001211B4A10689847A9
:106A100023781B0617D5DFF868800025174E4446FB
:106A200062685AB16369304693B923690193E36898
:106A3000009323892188FFF74FFC90B1013518346A
:106A4000E036032DECD107B962B602B0BDE8F081A3
:106A5000D4E90331CDE9003123892188FFF7B0FC67
:106A6000EBE705EB450508EBC5056860EBE700BF04
:106A7000ACD60624B0D60624B4D60624B8D606244E
:106A8000100000242DE9F0430D6885B0404EC5EBA1
:106A9000C503032D4FEA431706EB4313036041DCA4
:106AA000CA680C46012A3DD84FEAC5084CD0206878
:106AB0009C466168A8EB0509A2680DF1100EE36819
:106AC00006EB4919ACE80F00324B227C8CF8002011
:106AD000D9F808C00FCB0EE90F000EEB8503BCF10F
:106AE000010F53F8103CC9F88C3032D0BCF1020FC2
:106AF00043D0BCF1000F36D0227C8C37A8EB0505C3
:106B000000233744520006EB451601213846C6F8EB
:106B1000AC30C6E92521C6E92733C6E9293305F09B
:106B200087F918B1012005B0BDE8F0830146384669
:106B300007F0FCF90028F5D10146384607F020FAA5
:106B4000003818BF0120EEE70A7C103A672AAED958
:106B5000E8E702F09DFB104B98420CBF0F4B104B27
:106B6000C9F89030C8E702F093FB0B4B98420CBF7A
:106B70000C4B0D4BC9F89030BEE702F089FB064B79
:106B800098420CBF094B0A4BC9F89030B4E700BFDC
:106B9000B8D6062420BF0108000E27072D0FB030FD
:106BA0003211D0205F4390608A62E030200BA01049
:106BB0001A0980102DE9F041D0F8008082B00D460E
:106BC00017461E4608F18C04204607F0ABF9202832
:106BD000FAD1D8F80C3073B96D002046089C3346C2
:106BE0003A46A9B2009405F079F9003818BF01209F
:106BF00002B0BDE8F081089B32463946204605F0D8
:106C00002BFBF2E700682DE9F0410468032CDDE975
:106C1000067821D0124D2D782D0617D48E469C462D
:106C2000EFF3108372B60F4D04EB4404002025F8F7
:106C3000341005EBC4046260A4F808C06061C4E9C4
:106C400003780BB962B61846BDE8F081CDE9067845
:106C5000BDE8F041FFF740BB0120BDE8F08100BF77
:106C6000B0D60624100000242DE9F041046884B059
:106C70009846E368BDF82C70CBB90D4616468C34A7
:106C8000204607F04FF92028FAD120460C9C6900D5
:106C90004346324689B2CDE901740A9C009405F05E
:106CA00099FF003818BF012004B0BDE8F081012031
:106CB00004B0BDE8F08100BF2DE9F041046884B064
:106CC0009846E368BDF82C70CBB90D4616468C3457
:106CD000204607F027F92028FAD120460C9C6900AD
:106CE0004346324689B2CDE901740A9C009405F00E
:106CF0003DFE003818BF012004B0BDE8F08101203E
:106D000004B0BDE8F08100BF094B6FF0F411102210
:106D10005960C3F8E4101A7483F8F020C3F8C41162
:106D200083F8D021C3F8A41283F8B022704700BFC3
:106D3000B8D6062430B5002395B04FF480710622F2
:106D400004460B9306921393CDE90C13CDE90E3351
:106D5000CDE9113302F0A0FA07282BD004F1100579
:106D600041F2883206A9284608F080FA28B10123AA
:106D7000184684F85C3015B030BD0222022306A903
:106D80002846CDE9002310220123CDE90223002269
:106D90004FF48003CDE9042305224FF0807306925F
:106DA0006A460F9341F2883308F0CCFB0028DED10D
:106DB00015B030BD0323012084F85C3015B030BD20
:106DC00070B50023A4B04FF080724FF48075044674
:106DD000ADF806300D93CDE910320122CDE90E5306
:106DE000CDE91223CDE91433002943D0F02300F17B
:106DF000100508AEADF80630C02341F288323146A6
:106E00002846089308F032FA28B10123184684F87E
:106E10005C3024B070BD41F288320DF10601284685
:106E200008F08EFA03460028EFD105224FF4807156
:106E30001E93284616924FF080721B9321931F9247
:106E400002AA9FED1F7BCDE91C13CDE922338DED06
:106E5000027B9FED1D7B41F2883316A98DED047BEB
:106E60009FED1B7B8DED067B08F06CFB0028CCD1E1
:106E700024B070BD00F1100508AE612341F28832E4
:106E800031462846089308F0F1F90028BDD141F2B7
:106E900088320DF10601284608F0D0FA0028B4D156
:106EA000BDF80630204623F0780343F04003ADF8E8
:106EB0000630FFF73FFF00289ED0A6E7AFF3008023
:106EC00000000000010000001000000001000000B0
:106ED00000000000000040002DE9F04F00234FF4B7
:106EE000807501264FF0807804462DED028BABB003
:106EF0008DF8073013932193299314950E96CDF8AE
:106F00005C80CDE91533CDE91863CDE91A33CDE9BD
:106F10002253CDE92433CDE9273306231C9302F015
:106F2000BBF9072808D004F1100741F288321CA9E8
:106F3000384608F09BF940B10123184684F85C30CC
:106F40002BB0BDEC028BBDE8F08F4FF0020A4FF082
:106F5000020B4FF0050941F2883308AA1CA93846F4
:106F6000CDF89480CDF870909FED2F8BCDE908ABD4
:106F70004FF0000A4FF4800B8DED0A8BCDE90CAB7E
:106F800008F0E0FA0028D7D141F2883238460EA93D
:106F900008F06CF90028CFD1402341F288320DF17E
:106FA000070138468DF8073008F0CAF90028C3D128
:106FB00041F288330EA902AA3846CDF83890CDF8B0
:106FC0005C809FED1B7BCDE906AB8DED027B9FEDD9
:106FD0001A7B8DED047B08F0B5FA03460028ABD18F
:106FE000CDF870904FF00109CDF894804FF0000873
:106FF000219308AA29931CA938462295CDE9233369
:10700000CDE9273341F288338DED0A8BCDE90CAB06
:10701000CDE9088908F096FA002891D0304684F826
:107020005C608DE7AFF300801000000001000000FD
:10703000400000004300000000800000010000004C
:107040002DE9F04F00234FF4807601254FF0807832
:1070500004462DED028BABB0CDE91533139321938C
:10706000299314960E95CDF85C80CDE91853CDE99F
:107070001A33CDE92263CDE92433CDE92733062342
:107080001C9302F009F9072808D004F1100741F217
:1070900088321CA9384608F0E9F840B101231846A7
:1070A00084F85C302BB0BDEC028BBDE8F08F4FF064
:1070B000020A4FF0020B4FF0050941F2883308AA8B
:1070C0001CA93846CDF89480CDF870909FED308B98
:1070D000CDE908AB4FF0000A4FF4800B8DED0A8B21
:1070E000CDE90CAB08F02EFA0028D7D141F2883256
:1070F00038460EA908F0BAF80028CFD1402341F253
:1071000088320DF1070138468DF8073008F018F97C
:107110000028C3D19DF8073008AA0C90FF200893DF
:107120004FF400430EA90B95CDF83890CDF85C8054
:10713000CDE909034FF4800338460D9341F28833BB
:1071400008F000FA03460028A8D1002221932993D1
:107150001CA938462296CDF87090CDF89480CDE9E0
:107160002333CDE927330123CDE9022341F28833CC
:1071700002AA8DED048BCDE906AB08F0E3F90028F7
:1071800090D0284684F85C508CE700BFAFF30080B5
:10719000100000000100000070B50122AAB00446F2
:1071A0000D465F48C02104F047F800265D4B069667
:1071B0005B4895FAA5F5CDE90466D3F8E02042F0E6
:1071C0002002C3F8E020C022D3F8E03003F020030F
:1071D00001930123019902A9CDE9022303F024FEC2
:1071E000142002F07BFB3246C0214D4804F024F805
:1071F000142002F073FB0122C021494804F01CF85E
:10720000142002F06BFB0123474AE6612261C4E9C6
:107210000533002D77D0B5FA85F1013900234FF4FD
:10722000807604F11005C4E908162846C4E90B333A
:1072300007F0AEFF30B101231D4684F85C302846CC
:107240002AB070BD66231690179041F288321390D1
:107250000EA91B900E93CDE91460CDE919002846C4
:1072600008F004F80028E6D199230EA941F28832EB
:1072700028460E9307F0FAFF0028DCD105230121F0
:10728000249008AA219027901C934FF08073CDE999
:107290002260CDE928001020259341F28833CDE902
:1072A0000A019FED1D7B00204FF48001CDE90C0108
:1072B0001CA928468DED087B08F044F90028BAD1B6
:1072C0002046FFF7BDFE0028B5D1284607F0BCFFD9
:1072D00005460028AFD123790A2B18D963790121FB
:1072E000994003F0DBFEA3790A2B0ED80F4800EB80
:1072F00083200126E17906FA01F103F0CFFE26662C
:1073000084F864609BE71F2188E70020F1E70748C5
:1073100000EB8320E2E700BF000000000100000056
:107320000014025800440258005000520000025855
:107330002DE9F043A3B004460D4601F0ADFF072848
:107340004ED028682346AA6804F11006696807C36E
:10735000AA8930461A80277B94F80D8007F074FFC5
:10736000002835D1012F94F8643014BF4FF48015F4
:107370004FF400052366002B3AD0012395FAA5F5BA
:10738000C4E90533564B23610023E361002D71D01E
:10739000B5FA85F101394FF4807900233046216236
:1073A000C4F82490C4E90B3307F0F2FE80B96623D9
:1073B0000B90139041F2883206A90693CDE90C9008
:1073C000CDE90E00CDE91100304607F04FFFA0B126
:1073D00001231D4684F85C30284623B0BDE8F083C5
:1073E00001250323284684F85C3023B0BDE8F083F0
:1073F00029462046FFF7D0FEBFE7992341F28832A5
:1074000006A93046069307F031FF0028E0D1052396
:107410001C9019906A4614934FF08073219014A920
:107420001D9341F288339FED287BCDE91A90CDE979
:107430001F008DED007B9FED267B30468DED027B9E
:107440009FED257B8DED047B08F07CF80028BFD1F3
:1074500039462046FFF7B4FC0028B9D12046FFF793
:107460003BFD05460028B3D1B8F1000F04D002233C
:107470002366B1E71F218EE7EB2330460027002665
:1074800014934FF4406306AA14A91B934FF40053BE
:10749000CDF8689017934FF4404318951C93A023A0
:1074A0001693062319934FF0805321934FF04073A6
:1074B000CDE91F551D93CDE9066708F0BBF80028FC
:1074C000D5D085E7AFF30080000000000100000088
:1074D000100000000100000000000000000040005B
:1074E00000500052000000002DE9F0414173A2B0AD
:1074F000044601F0D1FE07282CD004F11006277BAA
:1075000094F80D80304607F09FFE18BB012F94F8C9
:10751000643014BF4FF480154FF400052366002B30
:1075200075D0012395FAA5F5C4E90533564B2361BF
:107530000023E361002D6FD0B5FA85F101394FF4D6
:1075400080750023304621626562C4E90B3307F081
:107550001FFE68B1002202232146204662730127E4
:1075600084F85C30FFF7E4FE384622B0BDE8F081D5
:1075700066230B90139041F2883206A90693CDE959
:107580000C50CDE90E00CDE91100304607F06EFE3B
:107590000028DFD1992341F2883206A930460693AC
:1075A00007F064FE0028D5D105231C9019906A4687
:1075B00014934FF08073219014A91D9341F28833E6
:1075C0009FED297BCDE91A50CDE91F008DED007BA1
:1075D0009FED277B30468DED027B9FED277B8DED68
:1075E000047B07F0AFFF0028B4D139462046FFF7EF
:1075F000E7FB0028AED12046FFF76EFC07460028C7
:10760000A8D1B8F1000F09D002232366ACE72946C0
:107610002046FFF7C1FD84E71F2190E7EB2306AA70
:1076200014A9304614934FF440631A951B934FF4FA
:107630000053189717934FF440431C93A0231693BD
:10764000062319934FF080539FED0D7B21934FF04C
:107650004073CDE91F771D938DED067B07F0EAFFA0
:107660000028D1D076E700BF000000000100000034
:1076700010000000010000000000000000004000B9
:107680000000000000000000005000522DE9F04F03
:10769000A5B004460F4690461E469DF8B8B001F0CE
:1076A000FBFD072860D0637B012B2FD1B8F5807FCD
:1076B0004FF4806342464FF0000528BF4FF48072BC
:1076C0000F934FF480794FF400534FF0020A4FF0BC
:1076D000807820460997129210950D951595CDF852
:1076E0003890CDF820A00B93CDF84480CDE9135508
:1076F000FFF720FB0746E0B1637B002B3BD1012362
:10770000184684F85C3025B0BDE8F08F012521468D
:1077100020466573FFF70CFE0028C7D00022022325
:1077200021462046627384F85C30FFF701FE28464C
:10773000E9E704F1100541F2883208A9284607F06C
:1077400095FD38B3637B002BD9D021462046677363
:10775000FFF7EEFD0028D2D021462046677384F85B
:107760005CA0FFF7E5FDCAE70323012084F85C3045
:1077700025B0BDE8F08F214620466573FFF7D8FDA0
:107780000028BCD021462046657384F85CA0FFF732
:10779000CFFDB4E73146019041F28832284607F028
:1077A000CFFD064698B1627B002AA8D0019B2146F6
:1077B00020466373FFF7BCFD019B00289FD0214644
:1077C0002046637384F85CA0FFF7B2FD97E70523BA
:1077D000002216A9284616930123CDF87090CDF803
:1077E0007C801B962396CDE9022310220123CDE94C
:1077F000042300224FF48003CDE9062341F28833AD
:1078000002AACDE91D66CDE9216607F09BFE01467F
:1078100070B9BBF1000F3FF476AF607B00283FF4F6
:1078200072AF2046FFF760FE003818BF01206AE7FC
:107830000122637B84F85C20002B3FF460AF31466B
:107840002046FFF751FE5AE72DE9F04F21F070482E
:10785000D5B211F0FF0183461E462DED068BABB06D
:1078600004957CD1FF2A40F25081110A1C46CDF8C4
:10787000188003EB012303934B1E0593A8EB06032B
:107880009FEDB3AB9FEDB49B9FEDB58B9A4613E094
:107890009BF80D3043B1594658468BF80D80FFF7E1
:1078A00047FD002840F0498101238BF85C3004F546
:1078B0008074039B9C4274D001F0EEFC072804EB1B
:1078C0000A0566D09BF80D30012B09D001235946DB
:1078D00058468BF80D30FFF72BFD002840F0A180B3
:1078E0004FF480634FF000080F9502274FF4807526
:1078F00015934FF080764FF400535846CDF85880DA
:10790000CDF84C80CDF86C80149518950E97119396
:107910001796CDE91988FFF70DFA81460028B7D1EF
:107920000BF1100841F288320EA9404607F09EFC88
:10793000002854D09BF80D30002BB5D0594658463E
:107940008BF80D90FFF7F4FC0028ADD0594658464F
:107950008BF80D908BF85C70FFF7EAFCA4E7FF2A28
:10796000C1F5807700F29780AF4280F08E80A5F558
:10797000807400253A460C4400954146FFF786FE88
:10798000F319224608EB070158460095FFF77EFEE3
:1079900012E0032304F580748BF85C30039B9C4257
:1079A0008AD1DDF81880059B08F5807808EB032163
:1079B000049B002B40F0AE809BF80D304BB10024AF
:1079C000594658468BF80D40FFF7B2FC002840F0AE
:1079D000A98000202BB0BDEC068BBDE8F08F07908E
:1079E00041F288322146404607F0AAFC814618B38E
:1079F0009BF80D20002A3FF457AF079B5946584685
:107A00008BF80D30FFF794FC079B00283FF44CAF38
:107A1000594658468BF80D308BF85C70FFF788FCA0
:107A200042E70023594658468BF80D3002238BF865
:107A30005C30FFF77DFC3AE70523404608AA1CA905
:107A40001C9341F2883322952596CDF88490CDF889
:107A5000A490CDE92399CDE927998DED08AB8DED63
:107A60000A9B8DED0C8B07F06DFD00283FF41FAFD6
:107A700001238BF85C309BF80D30002B3FF414AFE2
:107A800049465846FFF730FD0EE700244146009472
:107A9000FFF7FCFD90E7A2F580744FF000093A462D
:107AA0003E442144CDF8009047440D0ACCB24146F3
:107AB000FFF7ECFD6B1E0393DDB12B02A6EB070A6B
:107AC00007EB05283D4604930AEB0503294605F517
:107AD00080754FF480725846CDF80090FFF7D6FDC0
:107AE0004545F1D1049B07F580771E44039B07EBC6
:107AF0000327002C3FF460AF00203346224639466E
:107B000000905846FFF7C2FD56E700914146FFF747
:107B1000BDFD51E700201A46234600905846FFF766
:107B2000B5FD49E70223594658468BF80D408BF8BE
:107B30005C30FFF7FDFB01204CE7594658468BF8B7
:107B40000D808BF85C70FFF7F3FBADE6AFF30080C0
:107B50000000000001000000100000000100000013
:107B600000000000000040002DE9F041684CA2B088
:107B70000D46046001F090FB07284BD0286823468F
:107B8000AA68696807C3AA89184620F8042B267BCF
:107B9000677B07F059FB002834D1012E94F864303C
:107BA00014BF4FF480154FF400052366002B39D025
:107BB000584B95FAA5F523610123C4E90533002349
:107BC000E361002D6ED0B5FA85F1013900234FF441
:107BD00080785148C4E90818C4E90B3307F0D8FA93
:107BE00080B966230B90139041F2883206A9069360
:107BF000CDE90C80CDE90E00CDE91100464807F033
:107C000035FBA0B101231D4684F85C30284622B024
:107C1000BDE8F08101250323284684F85C3022B0BA
:107C2000BDE8F08129462046FFF7B6FAC0E7992360
:107C300041F2883206A93848069307F017FB00285E
:107C4000E0D105231C9019906A4614934FF080737D
:107C5000219014A91D9341F288339FED277BCDE934
:107C60001A80CDE91F008DED007B9FED257B2A4812
:107C70008DED027B9FED247B8DED047B07F062FC94
:107C80000028BFD131462248FFF79AF80028B9D121
:107C90001F48FFF721F905460028B3D127B1022379
:107CA0002366B3E71F2191E7EB23002600271890F6
:107CB00014934FF440631F9006AA1B934FF4005394
:107CC000209014A917934FF4404313481C93A0230A
:107CD000CDF868801693062319934FF080532193B3
:107CE0004FF04073CDE906671D9307F0A3FC002811
:107CF000D5D087E7AFF3008000000000010000004E
:107D00001000000001000000000000000000400022
:107D100038DA06240050005248DA06240068FFF7DB
:107D200093BD00BF000000002DE9F04F724E0568C2
:107D30000E40B2422DED048BA3B040F2A5804FF06F
:107D4000000A4FF4800B91469FED679B9FED688B77
:107D5000D72300244FF480714FF4806206934FF4D0
:107D6000005301270C91099326F070430E940D9255
:107D70000F940B940793CDE91074CDE9124401F0F0
:107D80008BFA072846D06B7BBB4207D02946284692
:107D90006F73FFF7CDFA002840F083802846FEF786
:107DA000C9FF044658B16B7B002B38D1012318461C
:107DB00085F85C3023B0BDEC048BBDE8F08F05F195
:107DC000100841F2883206A9404607F04FFA0746EC
:107DD000002835D06B7B002BE8D0294628466C73F1
:107DE000FFF7A6FA18BB01226B7B85F85C20002BFD
:107DF000DCD00024294628466C73FFF799FA002846
:107E0000D4D00223294628466C7385F85C30FFF7EE
:107E10008FFACBE703226B7B85F85C20E7E7002431
:107E2000294628466C73FFF783FA0028DBD002232B
:107E3000294628466C7385F85C30FFF779FAD2E75B
:107E40004FF4807340466A4614A91A930523199784
:107E500014934FF0807321971D9341F28833CDE93D
:107E60001B77CDE91F778DED009B8DED028BCDE962
:107E700004AB07F067FB0446E8B96B7B53B906F522
:107E80008056B1453FF664AF002023B0BDEC048BB3
:107E9000BDE8F08F687329462846FFF749FA0028A5
:107EA000EDD00223294628466C7385F85C30FFF735
:107EB0003FFA6B7B9BE701226B7B85F85C20002BF4
:107EC0003FF474AF294628466F73FFF731FA002854
:107ED00089D00223294628466F7385F85C30FFF766
:107EE00027FA80E7AFF300800000000001000000E7
:107EF000100000000100000000F0FFFF21F07041C1
:107F000001F11040704700BF5E4B02682DE9F0415F
:107F10009A428CB04FF00004CDE90744CDE9094402
:107F20000B9402D00CB0BDE8F081574B574DD3F8FD
:107F3000D420574F42F48042564EDFF85C81C3F89C
:107F4000D420D3F8D42002F480420092009ADA6F51
:107F500042F48042DA67DA6F22F48042DA67D3F8BB
:107F6000E02042F04002C3F8E020D3F8E02002F025
:107F700040020192019AD3F8E02042F02002C3F8B7
:107F8000E020D3F8E02002F020020292029AD3F817
:107F9000E02042F01002C3F8E020D3F8E02002F025
:107FA00010020392039AD3F8E02042F00202C3F8D1
:107FB000E020D3F8E03003F002030493049B22E0B6
:107FC00014F0FC0252D103F1200155F82110087879
:107FD0000A2839D891F801C00121099207EB8022C3
:107FE00001FA0CF107910221CDF8148008910321C8
:107FF0000A910CA90B4413F81C3C07A91046013444
:108000000B9302F011FF2A6EE3B2002AD8D0052BA1
:108010002CD803F11A0255F822100A780A2A18D926
:10802000497801228A40022107920022CDE90812F4
:1080300003210A910CA90B4496E803000590ADF8C2
:10804000181013F81C3CD8E74878012109928140A8
:10805000C8E74878012107EB82228140022007917E
:108060000021CDE9080103210A91E3E700225C2009
:108070001146FCF7A1F95C20FCF7DCF90CB0BDE877
:10808000F08100BF005000520044025838DA062444
:108090000000025884C201080A0A090A0268F8B5F9
:1080A000194B9A4200D0F8BD184A0024184F0125F8
:1080B000D2F8D430174E23F48043C2F8D43011E004
:1080C00014F0FC0F1BD157F821301A780020597892
:1080D00001340A2A05FA01F198BF06EB822089B221
:1080E00002F0DCFFE3B23A6E03F12001002AE7D090
:1080F000052B03F11A0202D857F82230E5E75C207D
:10810000BDE8F840FCF7A4B9005000520044025802
:1081100038DA062400000258014807F017BB00BFF8
:1081200048DA06240E4B6FF0F4120021981C30B48C
:108130001C1D9D1D9A605D671C67C3E90022C3E991
:10814000181103F10A0203F1080130BCC3E91A3027
:10815000C3E91E12C3E92030C3E92212704700BFF1
:1081600038DA062438B5036871B9026A00F12805C7
:1081700000F5AC74012A0CBF002140218BBB1D4BC4
:108180005722C0F858310DE0426A00F1C00500F5F1
:10819000E874012A0CBF00214021EBB1164B5A2292
:1081A000C0F8D03100232046C4E901214FF48052A9
:1081B0004FF48061636262614FF48042C4E903312D
:1081C0004FF48073C4E906234FF40033236201F0B7
:1081D00083FC58B1FFBEFEE7084B5822C0F8D031EF
:1081E000E0E7074B5922C0F85831DBE7C5E92044E6
:1081F000A56338BD10000240700002402800024014
:10820000580002402DE9F043C28889B08146838836
:10821000ADF800200089B9F80A10B9F80C20ADF8C3
:108220000230D9F81830ADF80400ADF80610ADF8FA
:108230000820002B3FD0D9F81C70B7FA87F77F09C8
:10824000012502236C460DF10A06DFF870800695C1
:10825000CDE9043599F8042020788242627818D05C
:10826000D9F80010F9B1012902D1F8B10A2107911A
:108270000A2805FA02F203A994BF08EB8020002027
:10828000039202F0D1FD0234A642E3D109B0BDE869
:10829000F08399F805109142E2D1002FF3D0D9F87C
:1082A00000100029DFD106210791E1E7022A0CBF67
:1082B00008210A21DBE70127C2E700BF00000258BE
:1082C000534A0368934230B505468BB055D02032EF
:1082D000934252D04F4A934204D02032934201D06D
:1082E0000BB030BD4C4C4D48D4F8E03043F00103A6
:1082F000C4F8E030D4F8E03003F001030593059BA7
:10830000D4F8E03043F00803C4F8E030D4F8E030AB
:1083100003F008030693069BD4F8E03043F04003D3
:10832000C4F8E030D4F8E03003F040030793079B33
:10833000D4F8F03043F40003C4F8F030D4F8F0304F
:1083400003F400030893089BFFF75CFFD4F8D830D0
:10835000296843F001032F4A3048C4F8D830891AFD
:10836000D4F8D83018BF012103F001030993099B09
:108370000BB0BDE83040FFF7F5BE274C2848D4F8D5
:10838000E03043F00103C4F8E030D4F8E03003F00B
:1083900001030093009BD4F8E03043F01003C4F8CD
:1083A000E030D4F8E03003F010030193019BD4F8DF
:1083B000E03043F04003C4F8E030D4F8E03003F09C
:1083C00040030293029BD4F8F03043F48003C4F8D6
:1083D000F030D4F8F03003F480030393039BFFF7ED
:1083E00011FFD4F8D830296843F00103084A0C483B
:1083F000C4F8D830891AD4F8D83018BF012103F056
:1084000001030493049B0BB0BDE83040FFF7AABE04
:1084100004580140045C01400044025824DD062455
:10842000C8DA0624014802F0A9B900BF20DC0624FE
:10843000014802F0A3B900BF98DC0624014802F00D
:108440009DB900BF7CDE0624014802F097B900BF49
:10845000F4DE06241A4A0368934210B40BD020328B
:10846000934208D0174A934216D02032934213D039
:108470005DF8044B7047144B0022D3F85442C3F804
:108480005822002CF4D0D3F84802D3E993122346A3
:108490005DF8044B520818470B4B0022D3F8B04448
:1084A000C3F8B424002CE3D0D3F8AC24D3F8A81438
:1084B000D3F8A404520823465DF8044B184700BFC4
:1084C00004580140045C0140C8DA0624184A0368D5
:1084D000934210B40BD02032934208D0154A9342F5
:1084E00017D02032934214D05DF8044B7047124BE2
:1084F000D3E994245208C3F85822002CF4D0D3E9CD
:108500009201234601EB820100EB82005DF8044BEF
:108510001847094BD3F8AC24D3F8B0445208C3F839
:10852000B424002CE0D0D3F8A814D3F8A404E8E7CE
:1085300004580140045C0140C8DA06240000000031
:108540002DE9F0470C684FF41776774F86B004FB9F
:1085500006F6012C07EB0608C0F8008000F39F80A8
:1085600000230D468E46C446C8F85032C8E99233FF
:1085700069A3D3E900236AA1D1E90001CDE902236F
:1085800006AB03EB8403CDE9040153F810AC53F8B8
:10859000089CBEE80F00ACE80F00BEE80F00ACE896
:1085A0000F009EE80300C8F828A0C8F8C0908CE827
:1085B00003002B69042B0CD8DFE803F078828C963B
:1085C00003004FF41773594A03FB04739A64C3F80A
:1085D000E020AA692B6A002A42D0002B4FF41773BF
:1085E00008BF022203FB047318BF0322DA620122D0
:1085F0001A63EA696B6A002A3FD1191E4FF4177398
:1086000018BF012103FB0473C3E931126969012911
:1086100043D0022947D1032500214FF4177306F1F7
:1086200028002A46019103FB0473002438445C644B
:108630005C63DC65C3F8DC40C3F8CC40C3F8F440AD
:10864000C3E90F44C3E91544C3E93544C3E93B44D6
:10865000022309F081FC019900284FD0FFBEFEE7FC
:10866000191E4FF4177318BF012103FB0473C3E9EC
:108670000B12EA696B6A002ABFD0002B4FF4177304
:108680000CBF0222032203FB0473C3F8C42001229F
:10869000C3F8C82069690129BBD10225BDE70120C3
:1086A00006B0BDE8F08700252946B6E74FF41773FA
:1086B0004FF4FA5203FB04739A64C3F8E02088E78E
:1086C0004FF417734FF47A5203FB04739A64C3F8A0
:1086D000E0207EE74FF417734FF4FA4203FB047374
:1086E0009A64C3F8E02074E74FF417734BF68032B6
:1086F00003FB04739A64C3F8E0206AE706F1C00044
:1087000002232A46384409F027FC0028C8D0FFBEBF
:10871000FEE700BFAFF3008004580140045C014055
:1087200024580140245C0140C8DA06240077010087
:108730000068704770B5046882B015460E46C4F8EC
:108740005032C4E99212069AC4F85422A269012A4E
:1087500026D0626A012A9AB211D0294604F1C000DB
:10876000019209F021FD236A019A012B10D02946BC
:1087700004F1280009F018FD002002B070BD04F1DA
:10878000C000019209F0A2FD236A019A012BEED1EB
:10879000314604F1280009F099FD002002B070BDB7
:1087A000226A012A9AB211D0294604F128000192C6
:1087B00009F0FAFC636A019A012B10D0294604F1F2
:1087C000C00009F0F1FC002002B070BD04F12800E7
:1087D000019209F07BFD636A019A012BEED13146CB
:1087E00004F1C00009F072FD002002B070BD00BFAE
:1087F00010B5046804F1280009F068FC04F1C00019
:1088000009F064FC002010BD03681B69042B05D827
:10881000044A02EB830393ED000A70479FED020ABE
:10882000704700BF8CC2010800803B470368D3F843
:1088300058027047064B6FF0F4124FF60B71C3E904
:1088400001229981A3F86812C3E99822704700BFFA
:10885000C8DA0624714A036811698B4200B587B0F3
:108860004BD0516F8B4200F0B680D2F8D8108B42BB
:1088700000F0B380D2F83C118B4200F0B080B3F12D
:10888000804F1ED0664A93420DD0664A934200F054
:10889000A880654A934200F0B280644A93421ED099
:1088A00007B05DF804FB624BD3F8E82042F0020207
:1088B000C3F8E820D3F8E83003F002030293029BE8
:1088C000EEE75B4BD3F8E82042F00102C3F8E82062
:1088D000D3F8E83003F001030193019BE0E7544B28
:1088E000D3F8E82042F01002C3F8E820D3F8E830CB
:1088F00003F010030593059BD2E700206421B3F138
:10890000804F01FB0022127B1ED045498B4235D09F
:1089100044498B4248D044498B42BED1444BD3F8A2
:10892000E81041F00801C3F8E810D3F8E83003F08C
:1089300008030493049B002AB2D0322000220F21A6
:10894000FBF73AFD322014E0394BD3F8E81041F040
:108950000101C3F8E810D3F8E83003F001030193F4
:10896000019B002A9CD01C2000220F21FBF724FD34
:108970001C2007B05DF804EBFBF75CBD2C4BD3F873
:10898000E81041F00201C3F8E810D3F8E83003F032
:1089900002030293029B002A82D01D2000220F2195
:1089A000FBF70AFD1D20E4E7214BD3F8E81041F066
:1089B0000401C3F8E810D3F8E83003F0040303938C
:1089C000039B002A3FF46CAF1E2000220F21FBF70F
:1089D000F3FC1E20CDE7012090E702208EE7032064
:1089E0008CE7134BD3F8E82042F00402C3F8E820E8
:1089F000D3F8E83003F004030393039B50E70C4BD8
:108A0000D3F8E82042F00802C3F8E820D3F8E830B1
:108A100003F008030493049B42E700BF80DF0624B1
:108A20000004004000080040000C0040001000401E
:108A3000004402580F4B026819698A420BD0596FE3
:108A40008A4211D0D3F8D8108A420FD0D3F83C1103
:108A50008A420DD070470021642202FB0133DA6D97
:108A6000002AF7D0186E10470121F5E70221F3E73D
:108A70000321F1E780DF0624014809F0DBBF00BFD6
:108A800090DF0624014809F0D5BF00BFF4DF0624BB
:108A9000014809F0CFBF00BF58E00624014809F0A3
:108AA000C9BF00BFBCE00624F0B54FF0640C0F68EE
:108AB0002E4D8DB00CFB07FC032F05EB0C0606605A
:108AC00047DC0B460868344649689A6807C41B7B34
:108AD000237004AC7268264B002A4FF000027261CA
:108AE00018BF1022B2610FCB84E80F000CAB03EB70
:108AF000870353F8203CB3F1804F336124D01D4AE3
:108B0000934221D030890CF110046423002180228B
:108B100003FB07532C44C3E907019A62204609F07E
:108B20004BFD034600B1FEE74FF4805208A92046F2
:108B3000099301930892CDE90A33CDE9023309F094
:108B4000A5FE034640B1FEE7642303FB0753986884
:108B5000D9E701200DB0F0BD01A920460193039390
:108B60000AF012F80028F5D0FEE700BF80DF0624E7
:108B700030BF0108000C0040006808B5037B1030CE
:108B80002BB109F027FE003818BF012008BD09F0FD
:108B9000C9FD003818BF012008BD00BF03460020F2
:108BA0001B681B699962704711B10368C3E917120A
:108BB000704700BF0C4B00224FF0FF311A739960D1
:108BC000D96683F87020C3F8D01083F8D420C3F896
:108BD000341183F83821C3E90022C3E91922C3E91B
:108BE0003222C3E94B22704780DF06243E4B00222D
:108BF0000B20114610B5D3F8D84082B044F00104E0
:108C0000C3F8D840D3F8D84004F001040094009C85
:108C1000D3F8D84044F00204C3F8D840D3F8D83091
:108C200003F002030193019BFBF7C6FB0B20FBF74C
:108C300001FC00220C201146FBF7BEFB0C20FBF7C9
:108C4000F9FB00220D201146FBF7B6FB0D20FBF7C8
:108C5000F1FB00220E201146FBF7AEFB0E20FBF7C6
:108C6000E9FB00220F201146FBF7A6FB0F20FBF7C4
:108C7000E1FB002210201146FBF79EFB1020FBF7C2
:108C8000D9FB00223C201146FBF796FB3C20FBF76A
:108C9000D1FB002211201146FBF78EFB1120FBF7C0
:108CA000C9FB002238201146FBF786FB3820FBF772
:108CB000C1FB002239201146FBF77EFB3920FBF770
:108CC000B9FB00223A201146FBF776FB3A20FBF76E
:108CD000B1FB00223B201146FBF76EFB3B2002B0AC
:108CE000BDE81040FBF7A6BB004402582031002924
:108CF0000FDD20F01F00BFF34F8F064A0144C2F87A
:108D0000680220300B1A002BF9DCBFF34F8FBFF342
:108D10006F8F704700ED00E0203100290FDD20F05B
:108D20001F00BFF34F8F064A0144C2F85C02203097
:108D30000B1A002BF9DCBFF34F8FBFF36F8F704717
:108D400000ED00E008B500F0B7FDBDE80840FBF716
:108D50000DBC00BF064808B503680BB102F070FAFD
:108D6000044803681BB1BDE8084005F0E5B908BD3B
:108D700038EB062428E60624064808B503680BB13C
:108D800002F05EFA044803681BB1BDE8084005F034
:108D9000D3B908BD38EB062428E60624064808B5F2
:108DA00003680BB102F04CFA044803681BB1BDE83C
:108DB000084005F0C1B908BD38EB062428E60624B2
:108DC000364BDA6A520062D59A6A9A6A9A6A9B6A44
:108DD000180600D500BE314B9B6A990600D500BE2F
:108DE0002E4B9B6ADA0600D500BE2C4B9B6A1B07F4
:108DF00000D500BE294B9B6A980700D500BE274BC3
:108E00009B6AD90700D500BE244B9B6A1A0400D583
:108E100000BE224B9B6A9B0400D500BE1F4B9B6A81
:108E2000D80400D500BE1D4B9B6A190500D500BEB5
:108E30001A4B9B6A5A0500D500BE184B9B6A9B05CE
:108E400000D500BE154B9B6AD80500D500BE134B5C
:108E50009B6A990100D500BE104B9B6ADA0100D5D0
:108E600000BE0E4B9B6A1B0300D500BE0B4B9B6ADA
:108E7000580300D500BE094B9B6A990300D500BE7C
:108E8000064B9B6ADA0306D400BE00BEFEE7DB6A2F
:108E90009B07FAD5F8E700BEF6E700BF00ED00E05B
:108EA00000F016BD00F01ABDB0B1431E022B12D85F
:108EB0001F4B9B6803F17843B3F5003F0BD30228A7
:108EC00031D003282BD11B4B1B4A1A601B4B0022AD
:108ED0001A66FBF7D1BA704700B540F2063189B087
:108EE0004FF60B720346ADF8081002990090ADF8EA
:108EF0000C2001220690CDE9040003A8FDF7F0F84C
:108F000003A80121FDF7DEF90A2000F0E7FC0B4B76
:108F100000221A6609B05DF804EBFBF7ADBA054B09
:108F200000221A60D2E7034B054A1A60CEE700BF61
:108F300000ED00E000008038FA4E07B0004402580F
:108F400007B0FE5A0A4B9B6803F17843B3F5003F24
:108F50000BD3084B986848B19868012806D09868E8
:108F6000022803D09B68032070470120704700BF90
:108F700000ED00E0000080382DE9F041CEB004465D
:108F80004C2200210AA811F013FC2022002102A883
:108F900011F00EFCC02200211EA811F009FC0220D5
:108FA00006F010F82368012B4FF0000354D0584A04
:108FB00002250193C820D16A564B21F00101D162EC
:108FC000D26A02F0010201929A6942F440429A6127
:108FD0009B6903F440430193019B4E4A93699B04B0
:108FE000FCD54D490224002201268B6A04274FF04C
:108FF000080823F0030323438B62052316900AA875
:1090000018934FF480331096179419941597CDF850
:109010006880CDE91B222122CDE91344CDE90A2342
:1090200006F034FD00B1FEE73F220323294602A8E3
:10903000CDE9022300220823CDE904234022402366
:10904000CDE9062340234FF48062CDE9082307F0E1
:10905000B7F80346B8B1FEE72E4A04250093F02086
:1090600091692B4B41F440419161926902F4404275
:109070000092DA6A42F00102DA62DB6A03F001036D
:109080000093009BA9E7202226932E9380212C9207
:109090004FF48052319306253F931EA827923692B3
:1090A0004FF4803225914FF44011329247920022C2
:1090B0002895802540911021CDF888802B97209607
:1090C0002A91CDE92F3440F2271329934FF480637E
:1090D0002D930023CDE92346CDE93C234FF4807442
:1090E0000C2344940224219307A3D3E90023CDE960
:1090F0003445CDE91E2307F04FFB00B1FEE705F034
:1091000085FF4EB0BDE8F0810F130F030000000093
:1091100000040058004802580044025870B584B05A
:109120000124FBF7D1F94FF480764FF04052194BF0
:1091300068460025ADF800400396CDE90123FBF712
:10914000E1F919224FF0404368468DF80820019359
:109150008DF80F40ADF80D608DF801408DF80A5084
:10916000FBF7D0F902230B2268468DF80F508DF8DB
:1091700001304FF062538DF808200193ADF80D4097
:109180008DF80A40FBF7BEF90420FBF7ABF904B0F9
:1091900070BD00BF0E00010330B50D46044685B01A
:1091A000D1E9000184E8030000F056FBAB79002B05
:1091B00063D0FFF71BFDFDF787FA0CF04BFA0DF0BB
:1091C00077FA2B795BB3304C636913F4803326D183
:1091D000C4F88430BFF34F8FD4F8801043F6E07E9C
:1091E000C1F34E3CC1F3C9014FEA4C1C0CEA0E001E
:1091F0000B4640EA8372013BC4F860225A1CF8D146
:10920000ACF1200C1CF1200FF0D1BFF34F8F63693C
:1092100043F480336361BFF34F8FBFF36F8F6B797C
:10922000B3B1194A536913F4003311D1BFF34F8F0F
:10923000BFF36F8FC2F85032BFF34F8FBFF36F8F02
:10924000536943F400335361BFF34F8FBFF36F8F04
:109250004FF0FF3200230024002569460B4802929C
:109260008DF80C30CDE90045FFF71EFC0748FFF7ED
:1092700083FC0BF08BFB05B030BD2046FFF77CFE76
:109280002046FFF74BFF94E700ED00E010E10624D5
:1092900007F0FEB807F044B91C4B9B6803F1784215
:1092A000B2F5003F25D3B3F5803F20D303F16042F0
:1092B000B2F5003F1FD303F15C42B2F5002F1CD37F
:1092C00003F17042B2F5902F19D303F14842B2F581
:1092D000803F16D303F18042B2F1806F13D303F1C4
:1092E000E043B3F5000F2CBF082007207047012092
:1092F0007047002070470220704703207047042009
:109300007047052070470620704700BF00ED00E061
:1093100003480023034A0449036010F069BD00BFFD
:1093200010E1062400000024650A000810B4204C57
:109330000022204B83B0D4F888101F4841F47001FC
:10934000C4F8881019681D4C41F0010119601A61B8
:10935000196808401A4918609A61DA611A629A62BB
:10936000DA621A635A639A63DA631A645A64186891
:1093700020F4802018601A66D3F8DC2042F06042A6
:10938000C3F8DC20D3F8DC300193019B236819403B
:10939000B1F1005F03D20B4B0122C3F80821044B4B
:1093A0004FF000629A6003B05DF8044B704700BF55
:1093B00000ED00E0004402587FEDF6EA0010005C8A
:1093C0000000FFFF008000514B4A036830B5934214
:1093D0008BB04FF00004CDE90444CDE90644089475
:1093E00004D0464A934249D00BB030BD444D4FF4AF
:1093F000C0524448D5F8E03043F00103C5F8E030EE
:10940000D5F8E03003F0010300930223009904A98A
:10941000CDE904230A23089301F006FD4FF40072FE
:10942000002304A937480694CDE9042301F0FCFC8D
:10943000D5F8D8302246214643F000636220C5F8B3
:10944000D830D5F8D83003F000630193019BFAF7C8
:10945000B3FF6220FAF7EEFF224621466320FAF7B7
:10946000ABFF6320FAF7E6FF224621466520FAF7B4
:10947000A3FF6520FAF7DEFF0BB030BD204D4FF49F
:10948000404204A9D5F8E03043F00203C5F8E030CB
:10949000D5F8E03003F002030293022302981A4841
:1094A000CDE904230C23089301F0BEFCD5F8D83095
:1094B000224621464A2043F00073C5F8D830D5F83B
:1094C000D83003F000730393039BFAF775FF4A202B
:1094D000FAF7B0FF224621464B20FAF76DFF4B20EA
:1094E000FAF7A8FF224621464D20FAF765FF4D20E6
:1094F000FAF7A0FF0BB030BD0000084000000440A8
:1095000000440258000002580004025800F2C4410E
:10951000D0F808050AF082BC01EBC10300EB83031D
:10952000D0F80805D3F888220AF0A8BC01EBC103E3
:1095300000EB8303D0F808059A6C0AF0D9BC00BF91
:10954000D0F808050AF082BD016910B5044619B1CA
:10955000022900D0FEE70121D4F808050AF056FDE3
:10956000D4F80805BDE810400AF022BD10B5044645
:10957000D0F808050AF04EFD2268D2F8003E43F00C
:109580000103C2F8003E236A23B1034A136943F082
:109590000603136110BD00BF00ED00E0D0F8080520
:1095A0000AF048BDD0F808050AF076BDD0F80805E5
:1095B0000AF05CBDD0F808050AF084BDD0F80805B3
:1095C0000AF082BD70B5067804461EB1012E30D077
:1095D000002070BD304D0923304AC5F80805C0F899
:1095E000C8522846EE602E63C5E9002302230222FA
:1095F0002B610023C5E9062300220023C5E90823C7
:1096000001220123C5E90A2304F0E6FC00B1FEE7CC
:109610008021284605F0B6FC31464022284605F058
:1096200087FC80220121284605F082FC2678012E45
:10963000CED11B4D09221B4B00216A6002222B60F8
:109640000223C5F8084528462B610023C4F8C852F8
:10965000E960C5E9062300220023C5E90823C5E91E
:109660000C2301220023C5E90A2304F0B5FC0446BB
:1096700000B1FEE74FF40071284605F083FC214657
:109680008022284605F054FC4FF4BA723146284631
:1096900005F04EFC9CE700BF18E1062400000840DE
:1096A00028E6062400000440D0F8C80208B504F0FB
:1096B00021FD032802D8024B185C08BD032008BD19
:1096C000B0C201089446D0F8C8021A4608B56346ED
:1096D00005F0ECFA032802D8024B185C08BD032001
:1096E00008BD00BFB0C20108D0F8C80208B505F037
:1096F0001BFB032802D8024B185C08BD032008BDE1
:10970000B0C20108D0F8C80208B505F091FB0328E3
:1097100002D8024B185C08BD032008BDB0C2010886
:10972000D0F8C80208B505F0C7FB032802D8024BE1
:10973000185C08BD032008BDB0C201080A06D0F8B5
:10974000C83206D401EBC10103EB810191F87E021E
:10975000704701F07F0101EBC10103EB810191F83A
:109760003E007047D0F8C80208B505F089FA032812
:1097700002D8024B185C08BD032008BDB0C2010826
:10978000D0F8C80208B505F031FB032802D8024B17
:10979000185C08BD032008BDB0C20108D0F8C8029B
:1097A00008B505F0F7FA032802D8024B185C08BD8B
:1097B000032008BDB0C20108D0F8C80205F00CBBF8
:1097C000D0F800030AF0C8BFD0F800030AF0DCBFED
:1097D000D0F800030AF0E4BF704700BFD0F80003E0
:1097E0000AF0CABFD0F800030AF0CABFD0F8D40309
:1097F00008B502F09FF9032802D8024B185C08BD97
:10980000022008BDB4C20108704700BF0F4B1B788F
:109810000BB90120704710B504464FF47A700C4A1A
:10982000B0FBF3F31068B0FBF3F0FAF737FE0F2C40
:1098300000D808B1012010BD002221464FF0FF30B2
:10984000FAF7BAFD034B00201C6010BD7000002425
:10985000580000247400002410B50320124CFAF7BD
:1098600099FD06F00DFC114B11499A699B69C2F3F1
:10987000032203F00F038A5CCB5C02F01F020D4948
:1098800003F01F03D04020FA03F308600E2023608A
:10989000FFF7BCFF10B10124204610BD0446FFF7BE
:1098A000B3FF204610BD00BF5C00002400440258F6
:1098B000A0C2010858000024034A044B11681B7819
:1098C0000B441360704700BF3CEE06247000002478
:1098D000014B1868704700BF3CEE062438B50446BB
:1098E000FFF7F6FF0546631C02D0044B1B781C44AF
:1098F000FFF7EEFF431BA342FAD338BD70000024EC
:10990000014B1868000C70470010005C0268344B73
:10991000344930B4344D354CAA4218BF9A420CBF7A
:10992000012300238A4208BF43F001033031A242E1
:1099300008BF43F0010330348A4208BF43F00103FB
:109940003031A24208BF43F0010330348A4208BFDD
:1099500043F0010301F55C71A24208BF43F001032B
:1099600004F55C748A4208BF43F001033031A2421F
:1099700008BF43F0010330348A4208BF43F00103BB
:109980003031A24208BF43F0010330348A4208BF9D
:1099900043F001033031A24208BF43F001038A4281
:1099A00008BF43F0010313B9114B9A4213D1D3B24C
:1099B0001049114C103BA1FB03515F2B0F4BC1F31E
:1099C000021103EA0203615C88BF0433C165836549
:1099D000184630BC704722F0FF038365F8E700BFEC
:1099E000100002404000024028000240580002409F
:1099F000B8040240ABAAAAAA80D7010800FCFFFF66
:109A00000368294A294930B4294D2A4CAB4218BF72
:109A100093420CBF012200228B4208BF42F0010298
:109A20002831A34208BF42F0010228348B4208BF0C
:109A300042F001022831A34208BF42F001028B42EA
:109A400008BF42F0010212B91B4A934213D1DBB2A4
:109A50001A4C1B4A0121083B1A4DA4FB03434566DF
:109A600002EB1312C3F30413920001FA03F302662C
:109A7000836630BC7047DAB21349144C1944103A6B
:109A8000A829A4FB02234FEA131300D80833104A75
:109A900003F01F0501210F4C1A44A94044669200AF
:109AA00081660266E5E700BF085402583054025848
:109AB0001C5402584454025894540258CDCCCCCC77
:109AC0000096001680580258F0FBFDBFABAAAAAA68
:109AD0000082001080080240F8B50446FFF7F8FE47
:109AE000002C00F0778123680546924A934248D0C3
:109AF0001832934245D030328F498B4218BF93427F
:109B000001F130010CBF012200228B4208BF42F05C
:109B1000010218318B4208BF42F0010218318B421A
:109B200008BF42F0010218318B4208BF42F0010227
:109B300001F556718B4208BF42F0010218318B4289
:109B400008BF42F0010218318B4208BF42F0010207
:109B500018318B4208BF42F0010218318B4208BF16
:109B600042F0010218318B4208BF42F00102183165
:109B70008B4208BF42F001021AB9704A934240F08A
:109B800098810022022184F8342084F835101A6864
:109B900022F001021A6006E0FFF79AFE431B052B34
:109BA00000F2FF8023681A68D607F5D4D4E90225AD
:109BB00020692A43A1691D68024360690243E06984
:109BC0000A4302435E482840256A2A435D4D02430A
:109BD000606A042800F000812E685B4D3540B5F1C5
:109BE000005F80F0BB801A605A6922F007020243CE
:109BF0005A612046FFF78AFEE26D3F2302F01F0202
:109C00009340836022684B4B50484B49824218BFB7
:109C10009A4200F130000CBF012300238A4208BFA2
:109C200043F001033031824208BF43F0010330307A
:109C30008A4208BF43F001033031824208BF43F03B
:109C4000010330308A4208BF43F0010301F55C7123
:109C5000824208BF43F0010300F55C708A4208BFEE
:109C600043F001033031824208BF43F0010330303A
:109C70008A4208BF43F001033031824208BF43F0FB
:109C8000010330308A4208BF43F001033031824281
:109C900008BF43F0010330308A4208BF43F001039C
:109CA0002B49824208BF43F001032A488A4208BF79
:109CB00043F001032831824208BF43F001032830FA
:109CC0008A4208BF43F001032831824208BF43F0B3
:109CD000010328308A4208BF43F001032831824241
:109CE00008BF43F001038A4208BF43F0010313B9E0
:109CF000194B9A4218D12046FFF782FEA368802BA9
:109D00005CD06368A06EDAB2013BD4E91851072B2E
:109D10002A60486059D8501E07286ED9626FD4E96E
:109D20001B31002018604A6000200123606584F820
:109D30003530F8BD1000024040000240B804024037
:109D40003F8010FE0010005C0000FFFF2800024072
:109D5000085402581C540258945402586568A5F1DE
:109D600029061F2E24D94F3D032D01D842F480121D
:109D70001A6004285A6922F0070242EA00027FF4BE
:109D800037AFE56AA06A0243002D3FF431AF0029E6
:109D900069D1012800F0888030F002017FF428AFFB
:109DA00069E0202203230120626584F83530F8BD84
:109DB000734D25FA06F6F507DAD5D7E70023A16E2D
:109DC000D4E918026360036051600023C4E91B33C7
:109DD0006367A9E70120F8BD2F68D4E90B562E432D
:109DE0003243684E3E40B6F1005FB7D21A605A69FE
:109DF00022F0070242F00402C4E72168624B634D7F
:109E0000A94218BF994205F114050CBF0123002394
:109E1000A94208BF43F001031435A94208BF43F02B
:109E200001031435A94208BF43F001031435A942C8
:109E300008BF43F001031435A94208BF43F00103F2
:109E40003BB9534B994204D0524B534913449B00A6
:109E500003E0524B524913449B0001228240C4E963
:109E60001B3162675DE7B1F5005F0ED0022805D9AE
:109E700003287FF4BDAEE9017FF5BAAE012340228D
:109E80001846626584F83530F8BD03283FF6B0AE59
:109E900001A151F820F000BF7D9E0008779E0008C8
:109EA0007D9E0008A99E0008B5F1C07F7FF4A0AE9A
:109EB000E4E7354A35483B49834218BF934200F1F5
:109EC00028000CBF012200228B4208BF42F0010291
:109ED0002831834208BF42F0010228308B4208BF7C
:109EE00042F001022831834208BF42F001028B4256
:109EF00008BF42F0010212B9254A934238D100222C
:109F00000221294D84F8351084F834201A68154050
:109F1000A268402A2AD0802A0CBF4FF4804000203B
:109F2000266AD4E90312D20842EAD102616942EA00
:109F3000D102A16942EAD102E16942EAD1021B4998
:109F400042EA161219442A4302431948A0FB0101B0
:109F500020461A600B099B00E365FFF7D7FCE26D12
:109F6000012302F01F02934043604BE61020D7E725
:109F7000402203230120626584F83530F8BD00BF1C
:109F80003F00C0C30000FFFF085402581C54025891
:109F9000945402583F820010400902403F96001638
:109FA00040590258305402580F00FEFFF8ABFDA78D
:109FB000CDCCCCCC002800F08281844690F83400CF
:109FC000012800F07E8101202DE9F0439CF8354006
:109FD0008CF83400844208D04FF400620023CCF89F
:109FE00054208CF83430BDE8F0830220DCF80040C7
:109FF000554D8CF835000020544ECCF85400544890
:10A00000AC4218BF844205F118050CBF01200020A6
:10A01000AC4208BF40F001001835AC4208BF40F028
:10A0200001001835AC4208BF40F001001835AC42C1
:10A0300008BF40F0010005F55675AC4208BF40F07E
:10A0400001001835AC4208BF40F001001835AC42A1
:10A0500008BF40F001001835AC4208BF40F00100D5
:10A060001835AC4208BF40F001001835AC4208BFBB
:10A0700040F001001835AC4208BF40F0010018352F
:10A08000AC4208BF40F00100A5F59265AC4218BF94
:10A09000B4420CBF0125002501D000285AD0266803
:10A0A000DCF8589026F001062660002D7ED0DCF802
:10A0B00064603746DCF868607E60DCF86C7037B14D
:10A0C000DCF87060B646DCF87460CEF80460DCF84A
:10A0D0005C604FF03F0E06F01F080EFA08FEC9F84C
:10A0E00008E0266826F4802626606360DCF80830E5
:10A0F000402B00F0E880A160E26015B9002800F074
:10A10000E880236823F01E0343F016032360DCF885
:10A1100040301BB1236843F008032360DCF8603053
:10A120001A68D20303D51A6842F480721A601FB10C
:10A130003B6843F480733B602368002043F00103D5
:10A140002360BDE8F08300BF5800024010000240C9
:10A1500040000240644F654EDCF85890B44218BF8E
:10A16000BC4206F128060CBF01270027B44208BFF5
:10A1700047F001071436B44208BF47F00107143610
:10A18000B44208BF47F001071436B44208BF47F095
:10A190000107266826F001062660554EB44208BF26
:10A1A00047F0010717B9534FBC4212D1DCF8646085
:10A1B0003746DCF868607E60DCF86C7037B1DCF83C
:10A1C0007060B646DCF87460CEF8046000287FF456
:10A1D0007EAF464FDFF810E1744518BFBC420EF168
:10A1E000140E0CBF01270027744508BF47F0010774
:10A1F0000EF1140E744508BF47F001070EF1140E5E
:10A20000744508BF47F001070EF1140E744508BFEE
:10A2100047F001070EF1140E744508BF47F001071F
:10A2200017B9344FBC4254D1DCF85C60012706F00A
:10A230001F0E07FA0EF7C9F804706360DCF80830E7
:10A24000402B43D0A160E260236823F00E0343F06B
:10A250000A032360DCF84030002B2DD0236843F044
:10A2600004032360204B214A944218BF9C4202F110
:10A2700028020CBF01230023944208BF43F00103CE
:10A280001432944208BF43F001031432944208BFD1
:10A2900043F001031432944208BF43F00103143227
:10A2A000944208BF43F001031432944208BF43F0C4
:10A2B0000103002B3FF440AFDCF86C702EE7012067
:10A2C000704702207047A260E16016E7A260E1607B
:10A2D000BAE7236823F00E0343F00A032360DCF897
:10A2E0004030002BBAD1BDE71C5402580854025824
:10A2F000805402589454025870B50546FFF7E8FAA6
:10A30000002D00F0248195F83530022B40F0DD80DF
:10A310002C6806468F4B9048904A844218BF9C4256
:10A3200000F130008E490CBF01230023844208BF96
:10A3300043F001031830844208BF43F00103183092
:10A34000844208BF43F001031830844208BF43F041
:10A35000010300F55670844208BF43F00103183032
:10A36000844208BF43F001031830844208BF43F021
:10A3700001031830844208BF43F0010318308442BF
:10A3800008BF43F001031830844208BF43F00103C3
:10A390001830844208BF43F001031830844208BFDC
:10A3A00043F001038C4218BF94420CBF01220022EB
:10A3B00002D0002B00F09080216821F01E01216066
:10A3C000616921F080016161002A00F0B0802A6E8D
:10A3D000136823F480731360236823F00103236060
:10A3E00005E0FFF775FA831B052B00F2A6802368B2
:10A3F000DB07F6D42A68574B57485A49824218BFA0
:10A400009A4200F148000CBF012300238A4208BF92
:10A4100043F001033031824208BF43F00103303082
:10A420008A4208BF43F0010301F55C71824208BF14
:10A4300043F0010300F55C708A4208BF43F001035A
:10A440003031824208BF43F0010330308A4208BFF6
:10A4500043F001033031824208BF43F00103303042
:10A460008A4208BF43F001033031824208BF43F003
:10A4700001038A4208BF43F0010318318A4208BF32
:10A4800043F0010333B9A1F59561354B9A4218BFEA
:10A490008A426FD1EA6D3F23A96D02F01F029340FB
:10A4A0008B60EB6ED5E91921516033B11A68D5E99B
:10A4B0001C1022F480721A604860002301221846A2
:10A4C00085F8352085F8343070BD802200230120C6
:10A4D0006A6585F8343070BD2268234922F00E0287
:10A4E0002260224A8C4218BF944201F128010CBF1D
:10A4F000012200228C4208BF42F0010214318C423A
:10A5000008BF42F0010214318C4208BF42F0010240
:10A5100014318C4208BF42F0010214318C4208BF52
:10A5200042F001021AB9124A94427FF455AF296EE3
:10A530000A6822F480720A604EE720210322002379
:10A540000120696585F8343085F8352070BD01201B
:10A5500070BD00BF580002404000024010000240A1
:10A560002800024070000240085402581C5402584F
:10A5700094540258E86D0121164B00F01F00164C50
:10A580008140A24218BF9A42A86D0CBF012300234C
:10A59000416012481249824208BF43F0010328304B
:10A5A0008A4208BF43F001032831824208BF43F0CA
:10A5B00001038A4208BF43F0010314318A4208BFF5
:10A5C00043F00103002B7FF46CAF064B9A423FF43B
:10A5D00068AF72E71C5402580854025830540258AD
:10A5E000445402589454025800285FD038B590F86B
:10A5F00035200346022A55D10168574A914248D076
:10A600001832914245D03032544C5548A14218BFBF
:10A61000914204F148040CBF01220022814208BF8C
:10A6200042F001023030A14208BF42F00102303452
:10A63000814208BF42F0010200F55C70A14208BFF0
:10A6400042F0010204F55C74814208BF42F001024D
:10A650003030A14208BF42F001023034814208BFCD
:10A6600042F001023030A14208BF42F00102303412
:10A67000814208BF42F001023030A14208BF42F0DF
:10A680000102814208BF42F0010212B9354A9142EB
:10A690000ED10422002083F835200B6823F001033B
:10A6A0000B6038BD802201205A6538BD01207047FB
:10A6B0002D4A2E4D0868A94218BF91422C4C20F01B
:10A6C0000E0005F13C050CBF012200220860A142EA
:10A6D00008BF42F0010208682834A94208BF42F0CE
:10A6E000010220F00100A14208BF42F0010214342F
:10A6F0000860A14208BF42F001021E48814208BF23
:10A7000042F0010212B91C4A914217D101229D6DFB
:10A71000D3E91704216800F01F0021F48071824002
:10A7200021606A60DA6ED3E91910486032B11168AD
:10A73000D3E91C0421F480711160446001210024DC
:10A740001A6D83F8351083F834401AB118469047D3
:10A75000204638BD104638BD10000240400002407F
:10A7600070000240B80402401C54025808540258B9
:10A770003054025880540258945402582DE9F04342
:10A7800000229C4B83B09C4E1D6881460192036859
:10A790009A4A846D934218BFB342276808BF0126C6
:10A7A000216818BF002645D018329548834218BF4B
:10A7B000934200F118000CBF01220022834208BF1F
:10A7C00042F001021830834208BF42F00102183003
:10A7D000834208BF42F001021830834208BF42F0B2
:10A7E000010200F55670834208BF42F001021830A2
:10A7F000834208BF42F001021830834208BF42F092
:10A8000001021830834208BF42F00102183083422F
:10A8100008BF42F001021830834208BF42F0010233
:10A820001830834208BF42F001021AB9754A9342B8
:10A8300040F05082D9F85C10082201F01F0C02FA97
:10A840000CF2174240F0888127FA0CF2D2070CD59F
:10A850005A69100609D5012202FA0CF2A260D9F851
:10A86000542042F00202C9F854204FF0040E0EFAB0
:10A870000CF038425BD0002E4FD1614ADFF888815E
:10A88000434518BF934208F130080CBF0122002253
:10A89000434508BF42F0010208F11808434508BFCC
:10A8A00042F0010208F11808434508BF42F00102D6
:10A8B00008F11808434508BF42F0010208F5567830
:10A8C000434508BF42F0010208F11808434508BF9C
:10A8D00042F0010208F11808434508BF42F00102A6
:10A8E00008F11808434508BF42F0010208F11808B2
:10A8F000434508BF42F0010208F11808434508BF6C
:10A9000042F0010208F11808434508BF42F0010275
:10A910001AB93C4A934240F019821A68920706D548
:10A92000A060D9F8542042F00402C9F85420102243
:10A9300002FA0CFC1CEA070F6CD0002E45D1304AFD
:10A94000314EB34218BF934206F130060CBF0122CC
:10A950000022B34208BF42F001021836B34208BFDA
:10A9600042F001021836B34208BF42F00102183625
:10A97000B34208BF42F0010206F55676B34208BF63
:10A9800042F001021836B34208BF42F00102183605
:10A99000B34208BF42F001021836B34208BF42F08A
:10A9A00001021836B34208BF42F001021836B34222
:10A9B00008BF42F001021836B34208BF42F001025C
:10A9C0001AB9104A934240F0C9811A68100721D57C
:10A9D000C4F808C01A68560300F14C811A68D20501
:10A9E00003D41A6822F008021A60D9F840308BB1FB
:10A9F0000CE000BF58000024100002402800024074
:10AA000058000240B80402404000024048469847BF
:10AA1000D9F85C1001F01F0120268E403E4268D01C
:10AA2000D9F80020A54BA64FBA4218BF9A4207F1A9
:10AA300018070CBF01230023BA4208BF43F00103EB
:10AA40001837BA4208BF43F001031837BA4208BFAB
:10AA500043F001031837BA4208BF43F00103183727
:10AA6000BA4208BF43F001031837BA4208BF43F0A7
:10AA7000010307F55677BA4208BF43F001031837C0
:10AA8000BA4208BF43F001031837BA4208BF43F087
:10AA900001031837BA4208BF43F001031837BA421E
:10AAA00008BF43F001031837BA4208BF43F001035F
:10AAB0001837BA4208BF43F001031BB9814B9A42D1
:10AAC00040F062811368DB0613D5A66099F8353033
:10AAD000042B136800F0AE8013F4802F136800F08D
:10AAE000D3801C0340F1DE80D9F83C300BB14846DE
:10AAF0009847D9F85430002B00F0B980D9F8543079
:10AB0000D8071FD5D9F80020042189F8351013681B
:10AB100023F0010313606C4BA3FB0535AD0A02E083
:10AB20001368D90704D5019B0133AB420193F7D9D0
:10AB30001368DB074CBF0323012389F8353000235A
:10AB400089F83430D9F84C30002B00F0908048461A
:10AB500003B0BDE8F0431847186840070AD51868E5
:10AB600020F004001860A260D9F8542042F00102DD
:10AB7000C9F8542027FA0CF2D2077FF576AE534A73
:10AB80005348834218BF934200F130000CBF0122AA
:10AB90000022834208BF42F001021830834208BFFE
:10ABA00042F001021830834208BF42F0010218301F
:10ABB000834208BF42F0010200F55670834208BF8D
:10ABC00042F001021830834208BF42F001021830FF
:10ABD000834208BF42F001021830834208BF42F0AE
:10ABE00001021830834208BF42F00102183083424C
:10ABF00008BF42F001021830834208BF42F0010250
:10AC00001830834208BF42F00102002A7FF420AED0
:10AC1000002E7FF41DAE1A68042202FA0CF23A42AA
:10AC200040F09480102202FA0CFC17EA0C0F3FF45B
:10AC3000F1AE84E623F016031360536923F080031A
:10AC40005361D9F840309BB3136823F008031360B5
:10AC50003F230125002203FA01F1D9F85030A16009
:10AC600089F8355089F83420002B7FF470AF03B099
:10AC7000BDE8F0831B6818037FF5B7AED9F84830FC
:10AC8000002B7FF4C3AEC5E613F480737FF42CAFC2
:10AC9000116821F010011160012289F8343089F81F
:10ACA000352021E7D9F84430002B7FF420AF20E78E
:10ACB000D9F84830002BC7D1CAE700BF10000240C6
:10ACC00028000240B8040240B5814E1B58000240E3
:10ACD000400002404E4A4F4DAB4218BF934205F12F
:10ACE00014050CBF01220022AB4208BF42F0010252
:10ACF0001435AB4208BF42F001021435AB4208BF25
:10AD000042F001021435AB4208BF42F00102143593
:10AD1000AB4208BF42F0010212B93F4A9342A6D1AA
:10AD2000D9F85C5004261A6805F01F05AE400E42A3
:10AD300019D0570717D5100466604BD5D1034FD4EF
:10AD4000D9F84830002B7FF402AF90E71A68102240
:10AD500002FA0CFC17EA0C0F3FF45CAE1A685207BB
:10AD60007FF558AE34E60226AE400E4211D097076A
:10AD70000FD56660140439D5D00343D4D9F84430D4
:10AD8000002B7FF4E4AE72E713689F077FF5B1AE46
:10AD90009BE60826AE400E423FF469AF11077FF5EF
:10ADA00066AF1A68002122F00E021A600123D9F85A
:10ADB0004C2003FA05F56560C9F8543089F8341061
:10ADC00089F83530002A3FF452AF484603B0BDE859
:10ADD000F0431047920603D41A6822F004021A6066
:10ADE000D9F84030002B7FF4B2AE40E712F02002D9
:10ADF00008D11968012421F00A01196089F8354049
:10AE000089F83420D9F83C30002B7FF4A0AE2EE72F
:10AE1000085402581C5402589454025890F83500B3
:10AE2000704700BF406D70472DE9F04F0C6883B04C
:10AE3000002C00F0A6804FF0000C8E4F63460122DC
:10AE40009A4012EA040E00F095804D6805F003095F
:10AE500009F1FF36012E40F29780B9F1030F40F05F
:10AE6000D18009FA0CF26FEA0208066815F4403F37
:10AE700006EA080842EA080202607BD0D7F8F4200C
:10AE800023F0030803F0030942F0020208F1B0487E
:10AE90004FEA8909C7F8F42008F58068D7F8F4204C
:10AEA00002F002020192019A0F22D8F8086002FA19
:10AEB00009F226EA0202704EB04229D006F58066F9
:10AEC000B04200F0AC806D4EB04200F0AE806C4EEF
:10AED000B04200F09E806B4EB04200F0B2806A4EED
:10AEE000B04200F0B480694EB04200F0A480684ED9
:10AEF000B04200F0B280674EB04200F0B480664EBF
:10AF0000B0420CBF09260A2606FA09F942EA0902EC
:10AF1000C8F808204FF0B042EE026FEA0E0812683F
:10AF20004FF0B04654BF08EA02024EEA0202326015
:10AF3000AA0276684FF0B04254BF08EA06064EEA0D
:10AF400006065660D2F88460AA034FF0B04254BFA0
:10AF500008EA06064EEA0606ED034FF0B045C2F8D1
:10AF60008460D2F8802054BF08EA02024EEA02024E
:10AF7000C5F8802001330CF1020C34FA03F27FF49F
:10AF80005EAF03B0BDE8F08F4FF00308866808FAA3
:10AF90000CF826EA080ACE686FEA080806FA0CF6EA
:10AFA00046EA0A068660C5F30016D0F804A09E4063
:10AFB0002AEA020232434260C268B9F1020F8E6887
:10AFC00002EA080206FA0CF646EA020609FA0CF250
:10AFD000C6607FF44AAF03F007064FEAD3094FEA91
:10AFE000860B0F2600EB890906FA0BF6D9F820A08C
:10AFF0002AEA060A0E6906FA0BF646EA0A06C9F8B4
:10B00000206032E74FF0030808FA0CF86FEA0808EE
:10B01000D2E7032606FA09F942EA090278E701268F
:10B0200006FA09F942EA090272E7022606FA09F964
:10B0300042EA09026CE7062606FA09F942EA090221
:10B0400066E7042606FA09F942EA090260E70526DE
:10B0500006FA09F942EA09025AE7072606FA09F947
:10B0600042EA090254E7082606FA09F942EA090207
:10B070004EE700BF00440258000002580008025882
:10B08000000C025800100258001402580018025810
:10B09000001C02580020025800240258002900F029
:10B0A000A88000232DE9F04FDFF8689183B0DFF826
:10B0B0006881DFF868A1DFF868B14FF0010E0EFA81
:10B0C00003F212EA010C6FD023F0030503F003042E
:10B0D0000F2640454D444FEA8404AF6806FA04F653
:10B0E00007EA0607019721D0504566D0584567D03A
:10B0F000434FB8426ED0434FB84270D0424FB8422F
:10B1000063D0424FB84256D0414FB84272D0DFF8B8
:10B1100014E1704568D0DFF810E1704514BF4FF0BE
:10B120000A0E4FF0090E0EFA04F400E00024019F0D
:10B13000A74219D14FF0B044D4F8807027EA0C0729
:10B14000C4F88070D4F8847027EA0C07C4F88470BF
:10B15000676827EA0C076760276827EA0C072760FB
:10B16000AC6824EA0606AE6003255C0003F007071E
:10B170000F2605FA04F40568BF00254306FA07F711
:10B180000560DD0800EB85052E6A26EA07062E62BB
:10B19000C56825EA0405C560456825EA02024260E3
:10B1A000826822EA04048460013331FA03F284D114
:10B1B00003B0BDE8F08F4FF0060E0EFA04F4B6E7C8
:10B1C0004FF0020E0EFA04F4B1E74FF0050E0EFA3E
:10B1D00004F4ACE74FF0030E0EFA04F4A7E74FF0C7
:10B1E000040E0EFA04F4A2E74FF0080E0EFA04F46F
:10B1F0009DE770474FF0070E0EFA04F497E700BF83
:10B20000000C02580010025800140258001802588E
:10B21000001C0258000400580000025800040258A4
:10B2200000080258002002580024025803691942FD
:10B2300014BF01200020704702B9090481617047E2
:10B240002DE9F04F056885B00446284608F0B6FBA6
:10B25000012802D005B0BDE8F08F206808F078FB27
:10B260000028F7D0206808F073FB10F4001F206856
:10B2700002D04FF40013436108F06AFB10F4801F02
:10B28000206802D04FF48013436108F061FB10F096
:10B29000806F206802D04FF08063436108F058FB54
:10B2A00010F0020F206801D00223436108F050FB28
:10B2B00010F0005F206875D108F04AFBC20100F170
:10B2C0001081206808F044FB030700F10381206827
:10B2D00008F03EFBC706266800F1E980304608F01A
:10B2E00037FB8001B6D5206808F0D0FBA268814604
:10B2F000002A00F0D780002605F5A0654FF02C0A43
:10B300002BE008F029FB410763D508F5A063042270
:10B3100003EB47139A6007220AFB0743394683F879
:10B320006120206808F0B6FB3946206808F014FB5D
:10B3300010F4007F394620687BD008F5A06808F03B
:10B34000A9FB4FF4007308EB4718C8F80830A2684F
:10B3500001362035964280F0A58006F00F0329FAC9
:10B3600003F3D907F4D52B68F7B2D4F800801B0497
:10B3700039464046C5D408F0EFFA10F0040B40D02F
:10B3800008F5A06804230722394608EB4718C8F8D7
:10B3900008300AFB074383F86120206808F07AFB35
:10B3A000A268D5E74FF000534361D5F84034D90780
:10B3B00082D41021284607F071FF284607F098FF35
:10B3C000A369022B00F0E0812046FEF701FA206815
:10B3D00072E73946206808F0BFFAC20540F1BB8029
:10B3E00008F5A0634FF48072394603EB47139A6067
:10B3F00008220AFB074383F86120206808F04AFB13
:10B4000092E73946206808F0A7FA810640F1B98032
:10B4100008F5A06820220AFB07F308EB4718C8F8D4
:10B420000820E21892F83D10012900F05181A2682D
:10B430008EE708F091FAC20740F1B78008F5A068DE
:10B440002023E168780108EB471BCBF8083051B1A5
:10B45000DBF810200AFB074CC2F31202DCF848307C
:10B460009B1ACCF850300AFB07430022DA65012210
:10B4700083F86120CBF8082093F83F2012F0FD02FA
:10B4800000F0C680012A00F0158101290AFB074758
:10B4900000F0B38097F8543083F0010387F85430FC
:10B4A000A26855E723684FF000725A61D2E6B3698B
:10B4B00023F01003B361376AC7F34341C7F30A129D
:10B4C000022902D1002A40F0AC80B36943F0100396
:10B4D000B36103E72046FEF773F920680823436150
:10B4E000F6E62668D6F840340293D6F84034039343
:10B4F000039B23F02E030393029B9B0707D5029B1C
:10B50000DF0700F1A580039B43F002030393029B36
:10B51000180715D5039B43F008030393029B5907B3
:10B5200040F19A80A169022900F0EB802369012B88
:10B5300003D14EF66022C6F804242046FEF74EF9E9
:10B54000029B9A0603D5039B43F020030393039BBE
:10B55000C6F84034B5E63946206808F0FDF903071F
:10B5600033D508F5A0630822394603EB47139A60E8
:10B5700006220AFB074383F86120206808F08AFA54
:10B58000D2E63946206808F0E7F910F4007B67D06E
:10B5900008F5A0634FF400723946206803EB4713A7
:10B5A0009A6008F077FAA268D2E63946206808F077
:10B5B000D3F9800640F1B08008F5A068202308EB9D
:10B5C0004718C8F80830A268C2E63946206808F073
:10B5D000C3F9400540F1888008F5A0634FF480620C
:10B5E000394603EB47139A6009220AFB074383F8A5
:10B5F0006120206808F04EFA96E63B6DB7F84020CF
:10B60000013B1344B3FBF2F3DB073FF543AF0EE717
:10B610003946206808F03EFA1023E168CBF808307C
:10B6200033E707F00F074FF02C0808FB0748D8F85E
:10B63000441000293FF449AFD8F85030D8F84C00F6
:10B640001344834240F2DB80042388F860303CE7F7
:10B650002046FEF7B9F856E72046FEF7C3F86FE735
:10B660003946206808F078F910F0010300F0918065
:10B670000AFB074239462068C2F85CB0019208F024
:10B680006BF908F5A06310F0400F019A03EB471324
:10B6900004D0012182F83D1040229A6001223946EF
:10B6A0009A600AFB074383F86120206808F0F2F9EA
:10B6B000A2684DE658F8001041F0005148F800101B
:10B6C0003946204683F86020FEF786F8E168DCE61C
:10B6D00082F83DB0603340F202323946E2522068CF
:10B6E00008F0D8F9A26833E63946206808F034F942
:10B6F00001067FF519AE08F5A063802203EB47131E
:10B7000008E6029B206803F4C023B3F5802F18BF1E
:10B71000012108F099F910E73946206808F01CF972
:10B7200010F0020B00F08A8008F5A06802200AFBE6
:10B7300007F2790108EB47139860A01890F8613080
:10B74000012B00F09580062B00F0E980072B00F01C
:10B75000D580092B00F0D280052B00F01C81032B33
:10B7600000F01E81042B00F02D81082B00F01F81BA
:10B77000022B3FF45CAE0AFB07433946204693F8A0
:10B780006020FEF729F852E60121206808F05CF9F4
:10B790001AE639462068019308F0DEF8420616D50D
:10B7A0000AFB0742019B08F5A0683946D3650523CB
:10B7B00008EB471882F86130012382F83D30206899
:10B7C00008F068F94023C8F80830A268C0E5394697
:10B7D000206808F0C1F810F0080B4ED008F5A063FF
:10B7E0000822394603EB47139A6006220AFB0743F7
:10B7F00083F86120206808F04DF9A268A8E530467A
:10B8000006F5A066019207F0EBFF06EB4711D8F8AA
:10B810004430019A0969D8F850001344C1F3C94172
:10B820001044C8F844307B01C8F8500021B1B8F882
:10B830004010914200F0A280266846E63946206812
:10B8400008F08AF810F040023CD008F5A0634020D0
:10B850000AFB0742394603EB471398600523C2F8F9
:10B860005CB082F86130206808F014F9A2686FE5D6
:10B87000603240F20123A3527DE73946206808F088
:10B880006BF8C3065DD50AFB07430422C3F85CB01E
:10B8900083F8612093F83D303BB90AFB074393F8E6
:10B8A0003C2012B9012283F83D203946206808F077
:10B8B000F1F808F5A068102308EB4718C8F808301D
:10B8C000A26845E539462068019208F045F810F075
:10B8D000100F019A3FF4ABAD0AFB074393F83F10FA
:10B8E000032900F0868011F0FD01E2D1E268D965FC
:10B8F000002ADED1042283F86120D6E70AFB074242
:10B900004FF0020382F86130D36D0133022BD3650F
:10B910000AD90023D365042382F860302BE7603214
:10B9200040F20523A35226E74FF0020382F860306D
:10B9300058F8013023F0804343F0004348F80130C9
:10B9400019E73946206808F007F8000653D5E36880
:10B95000002B73D00AFB0743DA6D0132022ADA6545
:10B9600062D84FF0020283F8602008F5A0688023B7
:10B9700008EB4718C8F80830A268E9E49A5922F0A1
:10B98000804242F000429A5198F8543083F001030B
:10B9900088F8543050E74FF0020380F86130EAE64F
:10B9A0000AFB07434FF0020283F86120E3E60AFB3B
:10B9B00007F34FF40170E1186033CA6D0132CA65B4
:10B9C000E052D8E60AFB07F340F2022003F16002DE
:10B9D0002344A05293F83F3013F0FD0F7FF4CBAE19
:10B9E00058F8013023F0804343F0004348F8013019
:10B9F000C1E6DA657EE73946206807F0ADFF41050C
:10BA000026D50AFB0743092208F5A068394683F8C2
:10BA10006120206808EB471808F03CF84FF4806379
:10BA2000C8F80830A26893E4002239462046DA6557
:10BA3000042283F86020FDF7CFFE96E70AFB074358
:10BA40000722394683F86120206808F023F88CE744
:10BA50003946206807F080FF82077FF5E8AC08F5DB
:10BA6000A06802210AFB07F3780108EB47129160F6
:10BA7000E21892F86110012927D0032920D0042967
:10BA800046D0052944D0062915D0072902D0092916
:10BA90007FF4CDAC0AFB07434FF0020283F861202C
:10BAA000DA6D0132022ADA6537D90022DA6504221A
:10BAB00083F860205FE6603340F20522E2525AE6E6
:10BAC0004FF0020382F8613055E6603340F2012105
:10BAD000E15292F83F30023B012B3FF64CAEE36857
:10BAE0007BB1012B7FF447AED36C002B3FF443AE08
:10BAF000B2F84010013B0B44B3FBF1F3DB077FF5D9
:10BB00003AAE92F8553083F0010382F8553032E6B0
:10BB1000603340F20222E2522DE64FF0020283F837
:10BB2000602058F8003023F0804343F0004348F889
:10BB3000003020E690F8F832012B0CD0012310B52C
:10BB40000446006884F8F83208F016F80023184616
:10BB500084F8F83210BD0220704700BF2DE9F0478D
:10BB600003684FF0200805460E461746986910F006
:10BB7000020940F09E809C6914F0100468D01022E5
:10BB80003C46CA46DA61711C9A6963D1900600F19D
:10BB90009380BAF1000F04D19C69A106FCD5C3F8CB
:10BBA0001C8049F0040401219A69D00530D54FF476
:10BBB0008071560544F00104D96104D54FF48061C9
:10BBC00044F00804D961910504D54FF4007244F0A3
:10BBD0000204DA619A69900701D500229A629A6993
:10BBE000D10703D49A6942F001029A615A68002190
:10BBF00034482026024001205A606B6C85F84010C2
:10BC00001C436C6485F8416085F84210BDE8F087FC
:10BC10005005D3D49205D8D40029DBD1721CA5D00D
:10BC2000FDF756FEC01B2B68B04201D8002E9DD1F7
:10BC30009A6912F0020299D16B6C2021012085F8DB
:10BC400040200B436B6485F8411085F84220DDE706
:10BC50002146A9E792062FD4BAF1000FA1D1FDF732
:10BC600037FE001B2B68864201D3002E8BD158680B
:10BC700095F842209969D2B209040BD5410409D440
:10BC8000202A07D05A6842F480425A60FDF720FE0D
:10BC90002B6804469A6990063FF575AFFDF718FECC
:10BCA000001B2B681928F5D94FF020094FF0010A25
:10BCB00069E70020BDE8F087BAF1000F3FF46FAFED
:10BCC0006FE700BF00E800FE03682DE9F0479046EB
:10BCD0009A69940665D406460F464FF010099C6990
:10BCE00014F0100460D000254446C3F81C90AA4606
:10BCF000791C9A695AD190067DD4BAF1000F04D10B
:10BD00009C69A106FCD52022DA6145F004040121DA
:10BD10009A69D00530D54FF48071550544F001047F
:10BD2000D96104D54FF4806144F00804D9619705C6
:10BD300004D54FF4007244F00204DA619A69900766
:10BD400001D500229A629A69D10703D49A6942F018
:10BD500001029A615A6800213448202502400120DE
:10BD60005A60736C86F840101C43746486F8415026
:10BD700086F84210BDE8F0875005D3D49505D8D495
:10BD80000029DBD1FDF7A4FDA0EB08003368B84221
:10BD900000D81FB99A6912F0200230D09A69920631
:10BDA0009DD50020BDE8F0872146B1E7920622D458
:10BDB000BAF1000FA9D1FDF78BFD001B3368874254
:10BDC00001D3002F94D1586896F842209969D2B2D5
:10BDD000090403D5410401D4202A1DD19A69900693
:10BDE00086D4FDF775FD001B33681928F6D9202588
:10BDF0004FF0010A7CE7BAF1000F84D085E7736C3D
:10BE00002021012086F840200B43736486F84110FE
:10BE100086F84220BDE8F0875A6842F480425A60B2
:10BE2000FDF756FD33680446D8E700BF00E800FE82
:10BE300000284ED010B590F84130044603F0FF02C0
:10BE4000002B41D023682421626884F841101968CE
:10BE500022F07062E06821F00101012819601A6186
:10BE60009A6822F400429A60A26829D042F40442FF
:10BE700002289A6002D14FF400625A6058684FF06D
:10BE8000200C1549226901435960D96821F4004109
:10BE9000D960D4E90501024342EA0122D4E907103E
:10BEA000DA600022014310461960196841F001016F
:10BEB0001960626484F841C0226384F8422010BD96
:10BEC00042F400429A60D9E780F84020FAF722FB5A
:10BED000B8E70120704700BF008000022DE9F84F4D
:10BEE0001E4690F841300A9D202B2CD190F840300E
:10BEF0008346012B27D001238A46144680F8403020
:10BF0000FDF7E6FCDBF8003080469A6917041DD582
:10BF1000FDF7DEFCA0EB0800DBF800301928F4D9AF
:10BF20009A691004F1D5DBF8443020210022012069
:10BF30000B438BF84020CBF844308BF841108BF842
:10BF40004220BDE8F88F0220BDE8F88F21210022B1
:10BF5000CBF824408BF841101021CBF834208BF81B
:10BF60004210CBF84420ABF82A60BBF82A2092B2EA
:10BF7000FF2A6ED8BBF82A2092B2ABF82820002AFC
:10BF800040F058815A68AF490A40CAF30901CAF320
:10BF9000090A1143AC4A0A435A604FF02009BBF822
:10BFA0002A2092B2002A00F006819C6914F0020453
:10BFB00040F0CA809A6912F0100200F092801022BC
:10BFC00046462746DA61691C9A6940F08C809006E3
:10BFD00000F1078127B99A699106FCD5C3F81C9036
:10BFE00044F0040201209969CE0554D54FF48070C5
:10BFF0004D0542F00102D86104D54FF4806042F053
:10C000000802D861890504D54FF4007142F002029C
:10C01000D96199698E0701D5002199629969CD0787
:10C0200003D4996941F00101996159680024874856
:10C030002025014001205960DBF844308BF8404056
:10C040001A43CBF844208BF841508BF84240BDE8AE
:10C05000F88FFF22FE214FF08070ABF828204FF4BC
:10C060007F02CAF309063243B24614F8016B9E629E
:10C07000ABF82810BBF82A10CBF824400139714CDA
:10C0800089B2ABF82A10596821400A43024342F4AE
:10C0900000525A6081E74C05AFD48F05B4D4002814
:10C0A000B7D16A1C81D0FDF713FCA0EB0800DBF8C8
:10C0B0000030854202D3002D7FF477AF9A6912F0E9
:10C0C00002027FF472AFDBF84430202101208BF8AC
:10C0D00040200B43CBF844308BF841108BF84220C2
:10C0E00032E710467FE792067BD4002F7FF478AFCB
:10C0F000FDF7EEFB801BDBF80030854202D3002DFC
:10C100007FF461AF58689BF842209969D2B2090464
:10C110000CD541040AD4202A08D05A6842F480423F
:10C120005A60FDF7D5FBDBF8003006469A699006A9
:10C130003FF549AFFDF7CCFB801BDBF80030192839
:10C14000F4D9202401273EE7DBF82400BBF828209F
:10C1500010F8011B013A9962BBF82A1092B2CBF891
:10C1600024000139ABF8282089B2ABF82A10BBF8BB
:10C170002A1089B200293FF412AF002A7FF40FAFD2
:10C180006C1C32D19A691006FCD5BBF82A2092B2F9
:10C19000FF2A3CD95A682E490A402E494AEA02022F
:10C1A0001143FF22ABF828205960BBF82A2092B235
:10C1B000002A7FF4FAAE424629465846FFF784FD2E
:10C1C000002835D1DBF800302021204CD9615A6895
:10C1D00022405A608BF841108BF840008BF84200E7
:10C1E000B2E6002F3FF4FAAEFAE69A691106CCD413
:10C1F000FDF76EFBA0EB0800DBF80030854201D3B1
:10C20000002DBDD19A6912F08002B9D15BE7BBF86D
:10C210002A200F4892B2D1B2ABF828205A680240C7
:10C220004AEA020242EA014242F000725A60B6E66D
:10C23000012089E6013A4FF0007091B24A1CD2B257
:10C2400012040EE7009800FC0020000200E800FE47
:10C25000009C00FC0000FF012DE9F0471F4690F80C
:10C260004130202B62D104460D46002957D0B2FA46
:10C2700082F916464FEA5919002A50D05FFA83FA1C
:10C2800090F84030012B51D0012380F84030FDF769
:10C290001FFB212365628046256884F8413084F8BD
:10C2A00042A0C4F8449066856B68C4F8349023F4C7
:10C2B00000436B60791C3DD1AE693207FCD5236A1F
:10C2C000B3F5003F00F0B1800823EB61E368022B77
:10C2D00061D07A1C40F09580AB69DB03FCD5638D9F
:10C2E0009BB273B96EE0626A256812F8013BAB62DB
:10C2F000638D6262013B9BB26385638D9BB2002BB1
:10C3000060D0424639462046FFF728FC0028EAD094
:10C3100022680126536843F40043536003E04FF45E
:10C320000073012663643046BDE8F087022630467C
:10C33000BDE8F087AB691B07C1D4FDF7C9FAA0EBD4
:10C3400008002568874201D3002FB3D1AB6913F0F1
:10C350000803AFD1626C202184F8403001260A43E3
:10C360003046626484F8411084F842306B6843F4CC
:10C3700000436B60BDE8F087AB69190710D4FDF787
:10C38000A7FAA0EB08002568874200D31FB9AB6964
:10C3900013F00803DED07E1CEED1AB691807FCD584
:10C3A0000823EB6195E7AB69DA0610D4FDF790FA44
:10C3B000A0EB08002568874200D31FB9AB6913F0D2
:10C3C0001003C7D0781CEED1AB69D906FCD5AB6998
:10C3D0009B0734D4AB69DE0703D4AB6943F0010398
:10C3E000AB611023424639462046EB61FFF76CFCF7
:10C3F0002268064630B35368012643F40043536075
:10C4000091E7AB69DE033FF56AAFFDF761FAA0EB98
:10C4100008002568874202D3002F7FF45AAFAB692A
:10C4200013F480337FF455AF94E7636A13F8012B5C
:10C43000AA626362638D013B9BB2638544E700237C
:10C44000AB62C7E72023D361781C0FD1936919042D
:10C45000FCD453680021202043F40043536084F847
:10C46000410084F8401084F842105CE793691B0493
:10C47000EFD5FDF72DFAA0EB08002268874201D323
:10C48000002FE1D193691D04DED5636C20200021CB
:10C490000126034384F84010636484F8410084F863
:10C4A0004210536843F4004353603CE72DE9F041E8
:10C4B000044690F84100202837D126680D46B1691E
:10C4C00011F4004131D194F8400001282DD02120F1
:10C4D000626284F84100102084F842000120616407
:10C4E00063854B4B84F84000E362638D49489BB2FF
:10C4F0006063FF2B1CD8608D80B22085002872D12C
:10C50000C5F30905444B454A002029437568626319
:10C510001D40434B29430B43736084F8400033684C
:10C5200043F0F2033360BDE8F0810220BDE8F08102
:10C530001146FF234FF08078238511F8013BB36249
:10C54000638D6162013B9BB26385FE232385A76BEC
:10C55000002F3BD0334806F128020026F86332480A
:10C560003E64F86438463E65FDF724FD00BB226852
:10C57000C5F30903268D556843EA0803264F711C4D
:10C580003D40C9B22B4343EA014343F40053536097
:10C59000638D84F840009B1B9BB26385136843F056
:10C5A00090031360136843F480431360BDE8F08187
:10C5B0002023012084F8406084F8413084F84260F0
:10C5C000636C43F010036364BDE8F0812023012015
:10C5D00084F8407084F8413084F84270636C43F012
:10C5E00080036364A2E71146431E11F8012B9BB23E
:10C5F000B262628D6162013A238592B2628513B1A3
:10C600004FF00078A3E7010401F47F0178E700BF51
:10C610000000FFFF7DDB0008009800FCADD700089C
:10C6200000200002F5DD0008ADDD00082DE9F04135
:10C630000D4690F84110202936D1016804468869DA
:10C6400010F4004030D194F84060012E2CD0222606
:10C65000626284F84160102684F8426060640120C0
:10C6600063853C4B84F84000E3623B4B6363638D1E
:10C670009BB2FF2B1BD8638D9BB22385002B59D116
:10C68000364AC5F30905364862634A6802401846CF
:10C690001543344A2A434A6084F840300B6843F01B
:10C6A000F4030B60BDE8F0810220BDE8F081FF23B8
:10C6B0004FF080772385E66B002E3ED02A484FF05E
:10C6C00000082431F0632948C6F84080F064304601
:10C6D000C6F85080FDF76EFCF0B92268C5F3090377
:10C6E000218D55683B431E4FCEB23D402B4343EA5C
:10C6F000064343F410535360638D84F840005B1A83
:10C700009BB26385136843F090031360136843F48E
:10C7100000431360BDE8F0812023012084F84080AD
:10C7200084F8413084F84280636C43F01003636402
:10C73000BDE8F0814FF00077BDE72023012084F8A9
:10C74000406084F8413084F84260636C43F08003B9
:10C750006364AAE70000FFFF7DDB0008ADD7000897
:10C76000009800FC002400028DDE0008ADDD00080A
:10C7700038B590F84130202B58D10446002950D0CC
:10C78000D8B2B2FA82F35B09002A4AD094F840C0CA
:10C79000BCF1010F4AD04FF0210C616284F841C016
:10C7A00084F8420063646285354A638D354862636C
:10C7B0009BB2226AE0620120B2F5003F238584F833
:10C7C00040000BD111F8010B013B22689BB2906233
:10C7D000628D6162013A238592B26285628D92B266
:10C7E000002A32D0A26B1AB327480025D06327480D
:10C7F0001564D0641046156522682832FDF7DAFB0F
:10C8000080BB23685A6822F400425A6084F84000D2
:10C810001A6842F0B8021A601A6842F480421A603C
:10C8200038BD4FF400730120636438BD022038BD69
:10C830002823012084F8402084F8413084F84220E5
:10C84000636C43F08003636438BD23681046596805
:10C8500021F40041596084F840201A6842F0B8027F
:10C860001A6038BD2823012084F8405084F84130F4
:10C8700084F84250636C43F01003636438BD00BF1A
:10C88000F1D900080000FFFF7DCF0008ADDD0008F2
:10C89000F8B590F84130202B43D1044600293BD015
:10C8A000B2FA82F67609002A36D0D8B294F840302F
:10C8B000012B36D022230127E56B84F8413084F820
:10C8C000420066646285254A638DE2629BB2244A17
:10C8D00061622385626384F84070002D30D0214866
:10C8E0000A462168E863204824312E64E86428461B
:10C8F0002E65FDF75FFBB0B923685A6822F4004249
:10C900005A6084F840001A6842F0B8021A601A6847
:10C9100042F400421A60F8BD4FF4007301206364D2
:10C92000F8BD0220F8BD2823384684F8406084F81A
:10C93000413084F84260636C43F010036364F8BDD7
:10C940002823384684F8405084F8413084F8425017
:10C95000636C43F080036364F8BD00BF0000FFFF19
:10C96000F1D9000855CF0008ADDD00082DE9F047EA
:10C97000984690F84130BDF824A0202B0A9F32D170
:10C98000089B04464BB3BAF1000F26D090F8403014
:10C99000012B28D001230E46914680F84030FCF749
:10C9A00097FF236805469A6911041FD5FCF790FF8D
:10C9B000401B23681928F6D99A691204F3D5636CD1
:10C9C0002021002201200B4384F84020636484F876
:10C9D000411084F84220BDE8F0874FF40073012035
:10C9E0006364BDE8F0870220BDE8F087089A212142
:10C9F000C6F30906204684F84110402162620022F5
:10CA000084F84210626362646D49A4F82AA05A68EF
:10CA10000A405FFA88F142EA01426A49324311430F
:10CA20002A4659603946FFF799F8002875D1B8F1C0
:10CA3000010F0AD04FEA19222368394620469A622C
:10CA40002A46FFF78BF8002867D15FFA89F322683E
:10CA50009362781C4AD193691906FCD5638D9BB209
:10CA6000FF2B40F28A80536857490B4057493343A4
:10CA70001943FF2323855160DFF84C814FF0FF0AF3
:10CA8000DFF8489104E0638D9BB2002B00F08380B7
:10CA90002A4639462046FFF761F800286BD1626AC2
:10CAA000216812F8010B238D88626262013B628D5E
:10CAB0009BB2013A238592B26285628D92B2002ABE
:10CAC000E1D0002BDFD1781C2CD18B691A06FCD564
:10CAD000638D9BB2FF2B40D94B68A4F828A003EAD2
:10CAE0000803334343EA09034B60CCE793691B0611
:10CAF000B4D4FCF7EDFE401B2268874201D3002F1F
:10CB0000A7D1936913F08003A3D1626C20210A435B
:10CB1000626484F8411084F842300023012084F8D4
:10CB200040305EE78B691B06D2D4FCF7D1FE401B78
:10CB30002168874201D3002FC5D18B6913F0800390
:10CB4000C1D1626C2021012084F840300A43626424
:10CB500084F8411084F8423043E7638D9BB2DAB227
:10CB600023854B6803EA0803334343EA024343F057
:10CB700000734B6087E7012033E7638D12489BB257
:10CB8000D9B2238553680340334343EA014343F05A
:10CB90000073536070E72A4639462046FFF794F841
:10CBA0000028E8D123682021094DD9615A682A401C
:10CBB0005A6084F8411084F8400084F8420010E77D
:10CBC000009800FC00200001009C00FC0000FF0118
:10CBD00000E800FE2DE9F0471F4690F84130BDF80F
:10CBE0002490202B0A9C37D1089B82466BB3B9F165
:10CBF000000F2AD090F84030012B2DD001230E4693
:10CC0000904680F84030FCF763FEDAF800300546C5
:10CC10009A69120423D5FCF75BFE401BDAF800305A
:10CC20001928F5D99A691004F2D5DAF84430202190
:10CC3000002201200B438AF84020CAF844308AF8C9
:10CC400041108AF84220BDE8F0874FF400730120BC
:10CC5000CAF84430BDE8F0870220BDE8F087089AA2
:10CC60002221C6F3090650468AF841104021CAF82D
:10CC7000242000228AF84210CAF83420CAF844203E
:10CC80008149AAF82A905A680A40F9B242EA014258
:10CC90002146324342F400525A602A46FEF75EFFB4
:10CCA000002840F09080012F0CD04FEA1822DAF8CB
:10CCB0000030214650469A622A46FEF74FFF002870
:10CCC00040F081805FFA88F3DAF800209362611CFB
:10CCD0005FD193695B06FCD5BAF82A309BB2FF2B73
:10CCE00040F2AB80536868490B40684933431943AD
:10CCF000FF23AAF828305160654F4FF0FF09DFF895
:10CD00009C81601C27D193695907FCD5526ADAF8D7
:10CD100024301A70BAF82A20DAF82430013A0133A4
:10CD200092B2CAF82430BAF82830AAF82A20013B77
:10CD3000BAF82A209BB292B2AAF828300AB1002B86
:10CD400046D0BAF82A309BB2002B00F08680601CD7
:10CD5000DAF80020D7D093695B07D7D4FCF7B8FD89
:10CD6000401BDAF80020844201D3002CC9D193691A
:10CD700013F00403C5D1DAF84420202101208AF8F9
:10CD800040300A43CAF844208AF841108AF84230F9
:10CD900060E793695F069FD4FCF79AFD401BDAF8C1
:10CDA0000020844201D3002C91D1936913F04003F9
:10CDB0008DD1DAF8442020210A43CAF844208AF8A9
:10CDC00041108AF84230002301208AF8403041E7C0
:10CDD000DAF80020601C10D193691906FCD5BAF866
:10CDE0002A309BB2FF2B19D95368AAF828903B40F0
:10CDF000334343EA08035360A3E793691B06EED469
:10CE0000FCF766FD401BDAF80020844201D3002CB9
:10CE1000E0D1936913F08003DCD1ACE7BAF82A3093
:10CE20009BB2D9B2AAF8283053683B40334343EA57
:10CE3000014343F00073536083E7BAF82A30124885
:10CE40009BB2D9B2AAF8283053680340334343EA6F
:10CE500001431049194351604EE72A462146504686
:10CE6000FEF732FF70B9DAF8003020210A4CD961A0
:10CE70005A6822405A608AF841108AF840008AF8BD
:10CE80004200E7E60120E5E6009800FC0024FF01EF
:10CE9000009C00FC0024000200E800FE0000FF01EE
:10CEA0000268436B9169126803B11847704700BF6D
:10CEB0000168002208B50B6880F842205A0425D585
:10CEC0000B6823F480430B6090F84130292B27D066
:10CED00090F841302A2B00D008BD282222234FF0A1
:10CEE000000C80F84120036390F841200B6802F0A9
:10CEF0002802282A0CBF6FF044026FF0F40213409E
:10CF00000B6080F840C0F9F725FD08BD1B04DBD598
:10CF10000B6823F400430B6090F84130292BD7D1E4
:10CF2000282221234FF0000C80F84120036390F861
:10CF300041200B6802F02802282A0CBF6FF0420241
:10CF40006FF0F20213400B6080F840C0F9F7B8FCB4
:10CF500008BD00BF806BC26BC16A1268536870B4B1
:10CF600013B911F5803F01D170BC70470268136896
:10CF700023F4004370BC1360FFF79ABF806B38B591
:10CF8000C36A33F0807300D038BD0268116821F4A1
:10CF900080411160116880F842304C0425D40B04A4
:10CFA00003D5136823F40043136090F84130292B14
:10CFB00023D090F841302A2BE6D1222328210024C7
:10CFC00080F84110036390F84110156801F02801C2
:10CFD00028290CBF6FF044036FF0F4032B4013605B
:10CFE00080F84040F9F7B6FC38BD136823F480435D
:10CFF000136090F84130292BDBD1212328214FF0F9
:10D00000000C80F84110036390F84110146801F09F
:10D01000280128290CBF6FF042036FF0F203234070
:10D02000136080F840C0F9F74BFC38BD704700BF73
:10D0300070B504688446C368A169A269022BA5681B
:10D04000C1F300414FEA1242E66802F0FE020FD13E
:10D0500082EAD513C5F3090213F0060306D1856CE5
:10D0600001358564856C022D0CD070BD06F0FE0282
:10D07000236823F0B803236000238CF84030FFF7C7
:10D08000D5FF70BD08258364E56180F84030FFF767
:10D09000CDFF70BD704700BF704700BF704700BF35
:10D0A000704700BF806B08B5836B0BB100221A6517
:10D0B000C36B0BB100221A6590F84130602B4FF022
:10D0C000000305D0036380F84030F9F78DFC08BDFC
:10D0D000202280F8403080F841200363FFF7E0FF12
:10D0E00008BD00BF70B5584A002590F8413004468D
:10D0F00080F84250283BC2624585426C022B41EACF
:10D10000020141646FD890F8411090F8410001F09D
:10D110002801236800F0280028291A6814BF6FF03E
:10D12000F6016FF0460128284FF0280018BF6FF075
:10D13000F6010A401A60454A84F841006263A06B18
:10D14000226B18B1112A1ED0212A1CD0E06B18B115
:10D15000122A2ED0222A2CD094F84130602B4FF086
:10D16000000306D02046236384F84030F9F73CFCE6
:10D1700070BD2022204684F8403084F8412023638B
:10D18000FFF78EFF70BD1A68510458D4FDF746FEB4
:10D190000128E1D0A06B00232D4A026584F84030BD
:10D1A000FDF722FA0028E3D0A06BBDE87040036DC4
:10D1B00018471A68120403D51A6822F400421A604C
:10D1C000FDF72CFE0128C7D0E06B0023204A026542
:10D1D00084F84030FDF708FA0028C9D0E06BBDE8BC
:10D1E0007040036D1847036890F8412090F8412083
:10D1F0001A6822F0FE021A609A69920700D59D62B1
:10D200009A69D60703D49A6942F001029A6194F8A8
:10D210004120602A10D0202284F841209A69950686
:10D220000AD59A69D00605D51022DA61626C42F0FF
:10D23000040262642022DA61002262637FE71A68D6
:10D2400022F480421A60A1E70000FFFFD1D4000859
:10D25000A5D00008F8B5044603680D4620211868DB
:10D26000E66A94F84120D961A2F12801012902D986
:10D27000D2B2212A5BD194F841201A6822F0FA0236
:10D280001A60212222635A688F4942F400425A6090
:10D290005A680A405A609A69910701D500229A6239
:10D2A0009A69D20703D49A6942F001029A6147044D
:10D2B00040F184801A6822F480421A60A26B1AB18D
:10D2C00011684A6892B262856A070AD55A6A25F0DF
:10D2D0000405636A1A70636A01336362238D002B4D
:10D2E00065D1638D9BB21BB1636C43F0040363642F
:10D2F000EB0601D5C70634D4002784F84270666C6B
:10D300006763002E65D1E36A704DAB421BD194F880
:10D310004130204684F84060222B4FF0200384F8EF
:10D320004130266300F09D80F9F7CAFAF8BD02F09B
:10D33000F702222AA7D194F84110196821F0FC01C4
:10D34000196022639FE72046FFF7B2FD2023E562C4
:10D35000204684F8413084F840602663FFF79AFE47
:10D36000F8BD638D9BB2002B6BD194F84120B6F1D0
:10D37000007FD2B201D1282A76D094F84130102211
:10D38000292B2368DA61B7D116F5803FB4D09A69AA
:10D39000910701D500229A629A69D20703D49A694B
:10D3A00042F001029A612046FFF782FDA4E7013BAB
:10D3B0002385638D013B9BB2638592E7010483D58E
:10D3C0001A6822F400421A60E26B002A7FF478AFF8
:10D3D0007AE7616C2046FFF785FE94F84130282BF0
:10D3E000A4D12023394A6763E262276384F841307D
:10D3F0006B0784F8427012D52268636A526A1A7009
:10D40000636A228D013363624AB1638D013A013B45
:10D4100022859BB26385636C43F0040363642368D5
:10D42000102094F84120002194F841201A6822F03D
:10D43000FE021A60D861204684F84010FFF72AFEE9
:10D44000F8BD23681022DA61636C43F0040363645F
:10D4500036F080737FF450AF616C2046FFF742FED8
:10D460004AE7F9F777FAF8BD18492022680763639D
:10D47000E162236384F8412084F8423012D52268A7
:10D48000636A526A1A70636A228D013363624AB119
:10D49000638D013A013B22859BB26385636C43F047
:10D4A000040363642368102194F84120204694F813
:10D4B00041201A6822F0FE021A600022D96184F825
:10D4C0004020FFF7E7FD17E700E800FE0000FFFF40
:10D4D00038B590F840C0C56ABCF1010F00F0B580C6
:10D4E0004FF0010C11F0200F04460B4680F840C0AD
:10D4F00003D012F0200F40F08A80D80643D5D10621
:10D5000041D5628D92B2002A40F0A18094F841107A
:10D51000B5F1007FC9B240F0818028297ED15748FB
:10D5200020215B076263E062226384F8411084F883
:10D53000422012D52268636A526A1A70636A228D89
:10D54000013363624AB1638D013A013B22859BB28C
:10D550006385636C43F0040363642368102094F8CC
:10D560004120002194F841201A6822F0FE021A603E
:10D57000D861204684F84010FFF78CFD0023184640
:10D5800084F8403038BD59070DD4190729D5100744
:10D5900027D594F8413003F02803282B6AD023685C
:10D5A0000822DA61EAE75007EFD5638D9BB26BB1D1
:10D5B0002268636A526A1A70638D616A228D013B28
:10D5C0000131013A9BB2616222856385638D9BB212
:10D5D000002BD3D115F5803FD0D02046FFF768FC53
:10D5E000CCE79907CAD59307C8D5638D9BB2002BAA
:10D5F0003CD0616A236811F8010B228D9862638D1B
:10D60000013A6162013B22859BB26385B6E7FFF771
:10D6100021FE0023184684F84030B3E794F84130E7
:10D620001022292B2368DA61A8D115F5803FA5D0F7
:10D630009A69950701D500229A629A69D007CCD4DD
:10D640009A6942F001029A61C7E7022038BD236857
:10D650001022DA61636C43F00403636435F0807375
:10D660008CD1616C2046FFF73DFD87E735F0807374
:10D6700084D1B2E72046FFF7DBFC7FE70000FFFF25
:10D680002022036810B5DA6182B090F84120212A87
:10D6900053D090F84120222A38D05A68414C224079
:10D6A00000245A60404A4463C262CA0605D510226B
:10D6B000DA61426C42F00402426490F84120602A30
:10D6C00034D09A69910701D500229A629A69D207EB
:10D6D00003D49A6942F001029A61436C90F84120A8
:10D6E000602A0DD01A1E18BF01224BB990F84130A4
:10D6F000212B41D090F84130222B2ED002B010BD0A
:10D70000416C02B0BDE81040FFF7ECBC90F841401E
:10D710001A6804F02804282C0CBF6FF044046FF042
:10D72000F404224012241A600463B6E74C07C8D5FB
:10D730005A6AD2B20192019AC3E790F841401A683E
:10D7400004F02804282C0CBF6FF042046FF0F204A0
:10D75000224011241A6004639FE7202380F84020B0
:10D7600080F84130026390F8423080F84220402B2C
:10D7700014D0F9F75BF8C1E7202380F8402080F847
:10D780004130026390F8423080F84220402B02D0B2
:10D79000F9F702F8B2E7FFF77FFCAFE7FFF77EFC8F
:10D7A000ACE700BF00E800FE0000FFFF90F840304B
:10D7B000012B00F0C48001232DE9F04180F84030B6
:10D7C000CB0604460D4690461DD512F0100F1AD018
:10D7D00003681021D961416C41F0040141649969E9
:10D7E000880701D5002199629969C9076ED5A906F4
:10D7F00003D518F0200F40F098800023184684F8D5
:10D800004030BDE8F0816A0718D46B062AD4A80717
:10D8100040D518F0020F3DD0638D9BB2002BE6D0AF
:10D82000616A238D11F8016B013B206886622385B4
:10D83000638D6162013B9BB26385D8E718F0040FEA
:10D84000E3D0216825F00405636A496A1970638D85
:10D85000616A013B01319BB26162218D63854B1E80
:10D860002385C4E72B0617D418F0400FBFD0638D73
:10D870009BB2002B54D121684B6813F00073B6D1D2
:10D88000E06A10F5803F40F085804B6843F48043A8
:10D890004B60ACE72A06AAD518F0400FA7D0638DDD
:10D8A0009BB2C3B1238DB3B920684168638DC1F3C6
:10D8B00009019BB2FF2B59D943684B4E33401943A2
:10D8C0004A4B0B43FF212185436090E7996941F062
:10D8D000010199618BE721684B6813F000731FD138
:10D8E00084F8423094F84100636321284FF020000F
:10D8F00084F8410025D01220206394F841000F687D
:10D9000000F02800282820460CBF6FF044066FF076
:10D91000F4063E400E6084F84030F8F787FF66E773
:10D9200040212046FFF7DEFB61E720462946FFF74E
:10D93000A7FE0023184684F84030BDE8F08102209D
:10D9400070471120206394F841000E6800F0280011
:10D95000282820460CBF6FF042076FF0F2073E40C8
:10D960000E6084F84030F8F717FF40E7638DE66AF1
:10D970009BB216F5803F2385DBB22BD0E66A46EAE0
:10D980000343194E0B43416823F0004331400B43DE
:10D9900043602CE784F8423094F841006363212807
:10D9A0004FF0200084F84100A5D11120206394F8A5
:10D9B00041000F6800F02800282820460CBF6FF0B7
:10D9C00042066FF0F2063E400E6084F84030F8F7F1
:10D9D000E3FE0CE74668044F3E40314341EA03430F
:10D9E00043F00073436002E7009C00FC0000FF016D
:10D9F000F8B590F840C0C56ABCF1010F00F0818015
:10DA00004FF0010C8F0604460B4680F840C001D54C
:10DA1000960651D4D80641D5D1063FD5D10B960BE9
:10DA200041EA923212F001026DD0E06B06F001067D
:10DA3000002848D0CF0746D500684168002942D168
:10DA4000A16B29B126B10868416809B1002A3FD00D
:10DA500094F84120282A02D1B5F1007F5BD094F8D8
:10DA6000413015F5803FDBB24DD0292B4BD12368D7
:10DA70001022DA619A69950701D500229A629A69A3
:10DA8000D00703D49A6942F001029A612046FFF759
:10DA90000FFA0023184684F84030F8BD1907F8D56E
:10DAA0001307F6D594F8413003F02803282B2ED025
:10DAB00023680822DA61ECE7FFF7CCFB0023184665
:10DAC00084F84030E9E7A16B11B10EB10022BAE74A
:10DAD00023681022DA6135F08072636C43F004032E
:10DAE000636494F84130DBB2D3D103F0F703212B08
:10DAF00001D0222B00D12363616C2046FFF7F2FA9C
:10DB0000C7E70220F8BD23681022DA61C1E720468A
:10DB1000FFF78EFABDE70022174820215E07E0627A
:10DB20006263226384F8411084F8422012D522688F
:10DB3000636A526A1A70636A228D013363624AB162
:10DB4000638D013A013B22859BB26385636C43F090
:10DB5000040363642368102094F84120002194F8A2
:10DB600041201A6822F0FE021A60D861204684F82B
:10DB70004010FFF78FFA8CE70000FFFF38B590F8F0
:10DB80004030012B00F085800123CD06044680F84B
:10DB9000403024D5D00622D510222368616B8048FE
:10DBA000DA61626C814242F0040262646FD07D4AA5
:10DBB00091426CD020211A680A431A609A69920730
:10DBC00001D500229A629A69D50703D49A6942F076
:10DBD00001029A610023184684F8403038BD0806D7
:10DBE00037D553064BD523681A6822F040021A60D5
:10DBF000628D92B2002A4ED05868618DC0F3090040
:10DC000089B2FF296FD8628DE56A91B215F5803F20
:10DC1000218500F08F805FFA81FCE26A4FEA0C4CAC
:10DC200042EA0C02604D0243586822F0004228404C
:10DC300002435A60628D521A92B2628594F8412072
:10DC4000222A1A680CBF42F4004242F480421A6051
:10DC5000C0E74D0613D5500611D5638D9BB2002B3E
:10DC60003CD12268536813F00073B3D1E16A11F517
:10DC7000803F40D1536843F480435360AAE78B064A
:10DC8000A8D59206A6D52046FFF7FAFCA2E76021A8
:10DC900091E7022038BD5A6812F000721ED184F854
:10DCA0004220202094F84110212949D0122184F8E3
:10DCB00041006263216394F84100196800F0280074
:10DCC00028280CBF6FF044006FF0F400014020469C
:10DCD000196084F84020F8F7A9FD7BE74021204631
:10DCE000FFF700FA76E7FF224FF47F0C11462285FA
:10DCF0004FF0807294E784F84230202094F841106D
:10DD0000212935D0122184F841006363216394F8FE
:10DD10004100116800F0280028280CBF6FF0440073
:10DD20006FF0F40001402046116084F84030F8F7AD
:10DD30007DFD4FE7CAB24FEA024C4FF000726FE729
:10DD4000112184F841006263216394F8410019684D
:10DD500000F0280028280CBF6FF042006FF0F2009E
:10DD600001402046196084F84020F8F715FD31E79E
:10DD7000112184F841006363216394F84100116824
:10DD800000F0280028280CBF6FF042006FF0F2006E
:10DD900001402046116084F84030F8F7FDFC19E797
:10DDA000F1D900087DDB0008009C00FC38B5846BCD
:10DDB000A56B25B12A685568B5FA85F56D09E36B41
:10DDC0008BB11A68536873B9FDF72CF8022810D08C
:10DDD000226820461021536843F400435360BDE895
:10DDE0003840FFF77FB9FDF71DF8022801D0002D5C
:10DDF000EED138BD10B5846B2268136823F48043DC
:10DE00001360638D9BB25BB9636B1E498B422AD052
:10DE10001D498B4227D0202113680B43136010BD8E
:10DE2000638D616A208D9BB20144FF2B616217D81C
:10DE3000608D80B2034620852832A06BFCF7BAF8CB
:10DE4000C8B9636B0F4A93420FD00F4A9B1AB3FABB
:10DE500083F35B094BB921680A6813430B6010BD5B
:10DE6000FF231846E7E76021D6E7216840230A68C8
:10DE700013430B60F3E720461021BDE81040FFF785
:10DE800031B900BFF1D900087DDB000810B5846B03
:10DE900021680B6823F400430B60638D9BB25BB970
:10DEA000636B1E4A93422AD01D4A934227D02022F8
:10DEB0000B6813430B6010BD638D626A208D9BB2AB
:10DEC0000244FF2B626217D8608D80B20346208522
:10DED0002431E06BFCF76EF8C8B9636B0F4A9342CC
:10DEE0000FD00F4A9B1AB3FA83F35B094BB9216831
:10DEF0000A6813430B6010BDFF231846E7E7602252
:10DF0000D6E7216840230A6813430B60F3E72046F5
:10DF10001021BDE81040FFF7E5B800BFF1D90008B7
:10DF20007DDB000890F84100704700BF90F8412069
:10DF3000202A23D15FFA82FC90F840200346012A70
:10DF40001CD00268242000B583F841004FF0000E79
:10DF5000106820F001001060106820F480501060FC
:10DF60001068014370461160116841F001011160B1
:10DF700083F841C083F840E05DF804FB022070475D
:10DF800090F84120202A22D1034600B55FFA82FE94
:10DF900090F84020012A1CD0026824204FF0000C89
:10DFA00083F84100106820F001001060106820F430
:10DFB000706040EA012160461160116841F0010182
:10DFC000116083F841E083F840C05DF804FB022053
:10DFD000704702205DF804FBF0B58BB0002800F01C
:10DFE000818090F8BD34054603F0FF02002B74D009
:10DFF00003232E4628686C4685F8BD342F1D04F097
:10E00000F7FF56F810EBB446BCE80F000FC4BCE8AD
:10E010000F000FC49CE8030084E80300704697E8F3
:10E020000E0004F0C1FE044630B101240223204654
:10E0300085F8BD340BB0F0BD0146286804F0E0FF60
:10E04000686858B322464FF0010E214602EBC20326
:10E0500002F1010C05EB830383F83C20A3F8562062
:10E060005FFA8CF283F83DE0824283F84010D96475
:10E07000C3E91111EAD3002204EBC403611C05EBD0
:10E08000830383F87C42CCB283F87D22844283F8F8
:10E090008022C3F88C22C3E9A122EDD36C460FCEB7
:10E0A0000FC40FCE0FC496E8030084E8030097E87E
:10E0B0000E00286804F0DAFF04460028B5D10122DA
:10E0C0006B6A85F83800934285F8BD240ED0286825
:10E0D00005F02EFC20460BB0F0BD80F8BC24FBF709
:10E0E00073F985E7012420460BB0F0BD284600F007
:10E0F0004FFFECE710B590F8BC3404460068012BE4
:10E1000017D0012384F8BC34C3685B0602D5A36A28
:10E11000012B09D004F064FF206805F0F9FB00230F
:10E12000184684F8BC3410BD836B43F4803383639A
:10E13000F0E7022010BD00BF2DE9F04F056889B05F
:10E140000446284605F03AFC10B109B0BDE8F08F4E
:10E150008346206805F0FCFB0028F6D0D5F8083887
:10E1600005F500622068C3F30D230292C4F8FC3465
:10E1700005F0EEFB10F0020F206803D0436903F0B6
:10E180000203436105F0E4FB10F0100F206812D089
:10E19000836923F0100383612E6AC6F3434306F0BC
:10E1A0000F07022B00F0E383062B00F02283836924
:10E1B00043F01003836105F0CBFB070300F180827D
:10E1C000206805F0C5FB460300F12882206805F0B1
:10E1D000BFFB0028C0F29A81206805F0B9FB030557
:10E1E00000F15781206805F0B3FB060114D52268C1
:10E1F000536903F00063536194F8F434002B40F04A
:10E20000AB820121204684F8F414536DC3F38303D9
:10E21000C4F8F83400F0D4FE206805F099FBC0047F
:10E2200000F19E81206805F093FB10F4005F2068E8
:10E2300040F07F8105F08CFB010700F1E68120684A
:10E2400005F086FB020671D5AA69636822F0800298
:10E25000012BAA616AD994F8A322012A00F0E8836D
:10E26000022B63D994F8C722012A00F0FC83032B08
:10E270005CD994F8EB22012A00F0B482042B55D922
:10E2800094F80F23012A00F0C782052B4ED994F889
:10E290003323012A00F02484062B47D994F857230E
:10E2A000012A00F03184072B40D994F87B23012AFE
:10E2B00000F04884082B39D994F89F23012A00F0F4
:10E2C0005584092B32D994F8C323012A00F06284C3
:10E2D0000A2B2BD994F8E723012A00F06F840B2B2B
:10E2E00024D994F80B24012A00F07C840C2B1DD92E
:10E2F00094F82F24012A00F07D840D2B16D994F870
:10E300005324012A00F09D840E2B0FD994F8772412
:10E31000012A00F0A4840F2B08D994F89B34012B18
:10E3200004D104F59361206805F000FA206805F037
:10E330000FFBC30240F1AB806368012B40F2898080
:10E3400094F86420D5F82019012A00F01482022BD9
:10E350007FD994F88820D5F84019012A00F01E8250
:10E36000032B76D994F8AC20D5F86019012A00F077
:10E370002182042B6DD994F8D020D5F88019012A78
:10E3800000F02482052B64D994F8F420D5F8A01964
:10E39000012A00F04183062B5BD994F81821D5F8A7
:10E3A000C019012A00F05383072B52D994F83C215D
:10E3B000D5F8E019012A00F05E83082B49D994F8BA
:10E3C0006021D5F8001A012A00F06183092B40D999
:10E3D00094F88421D5F8201A012A00F06C830A2BC6
:10E3E00037D994F8A821D5F8401A012A00F0808383
:10E3F0000B2B2ED994F8CC21D5F8601A012A00F005
:10E4000095830C2B25D994F8F021D5F8801A012A90
:10E4100000F0A0830D2B1CD994F81422D5F8A01A73
:10E42000012A00F0AB830E2B13D994F83822D5F8CB
:10E43000C01A012A00F0B6830F2B0AD994F85C2287
:10E44000D5F8E01A012A00F0C183102B01D9D5F8C4
:10E45000003B2068436903F48013436105F078FAB8
:10E46000870221D4206805F073FA400000F1C480CF
:10E47000206805F06DFA41077FF567AE23685D6897
:10E480006A0700F195825A682A435A605DE620685F
:10E49000E4E7029B9B68DF0700F1868220684369FE
:10E4A00003F4006343619EE6D4F804C0BCF1010F9D
:10E4B00026D905F532622346012104E001312032DC
:10E4C000243361451CD093F8A40216680128F5D1C5
:10E4D000002EF3DAD4F8FC7406F4803607F0010756
:10E4E000BE42EBD183F8A302A86940F08000A86186
:10E4F00068690606E2D4029A536843F400735360D5
:10E500002068436903F400134361ACE7029A53683F
:10E5100023F00103536094F8F434012B00F03781A9
:10E520002046FBF73BF82068436903F00043436152
:10E5300053E605F047FA206804F002FF26682061E0
:10E5400001F066FF227C0146304604F0CFFC2046F5
:10E55000FAF7FAFF2068436903F40053436169E660
:10E56000029A10212068536823F00103536004F0DD
:10E5700095FE6068E0B105F510634FF67F31996054
:10E580000BF1010B1A682033834522F4001243F883
:10E59000202CC3F8E811D3F8E02122F40012C3F8CC
:10E5A000E021D3F8E02142F00062C3F8E021E6D197
:10E5B0000299226BCB6943F00113CB61002A40F032
:10E5C000CF804A6942F22B0313434B610B6943F03E
:10E5D0000B030B61D5F8003804F2C442217B23F40D
:10E5E000FE632068C5F8003805F002FA2068436928
:10E5F00003F48053436116E62046FAF7DBFF2068F8
:10E60000436903F08043436133E72046FAF798FFFC
:10E610002068436903F00803436111E6206805F0B0
:10E62000ABF9804600283FF4D1AD4FF0000A2068D6
:10E63000274605F5106956460395CDF810B009E058
:10E640005FEA580806F1010607F1240709F12009DD
:10E6500000F0EC8018F0010FF2D05FFA86FA514614
:10E6600005F09CF9C107054613D5029906F00F0382
:10E6700001229A404B6B23EA02034B630123E168BA
:10E68000C9F80830994200F0988151462046FAF7BF
:10E690004DFF2A0702D50823C9F80830EB0602D53A
:10E6A0001023C9F80830680602D54023C9F808309D
:10E6B000A90700F14F812A0600F1F9802068BFE721
:10E6C000206805F051F9064600283FF479AD05F5BC
:10E6D0003067A2464FF00009CDF80CB008E076088C
:10E6E00009F1010907F120070AF1240A00F09B80D3
:10E6F000F007F4D55FFA89FB2068594605F044F924
:10E7000010F0010F804640F0B38018F0080F40F081
:10E71000908018F0100F01D01022BA6018F0020F8C
:10E720000ED06A69100604D5029B5A6842F48062D2
:10E730005A609AF87F22012A00F081810223BB608F
:10E7400018F0200F01D02023BB6018F4005FC6D062
:10E750004FF40053BB60C2E72046FAF707FF5BE5C2
:10E76000D1F8843043F00B03C1F884304B6C43F094
:10E770000B034B642EE70029BFF6E9AD214684F870
:10E78000632051F8600B04F0D1FF6368DFE50021DE
:10E79000204684F8F41400F013FCC4E60029BFF608
:10E7A000DFAD214684F8872051F8840B04F0BEFFCA
:10E7B0006368D5E50029BFF6DCAD214684F8AB20BF
:10E7C00051F8A80B04F0B2FF6368D2E50029BFF648
:10E7D000D9AD214684F8CF2051F8CC0B04F0A6FF28
:10E7E0006368CFE504F53A71206804F09FFF636821
:10E7F00044E507EBC707082204F2C441284604F0A9
:10E80000EFFFC6F30A1304EB87022068D2F89012D8
:10E810000B44C2F89032CAE404F54371206804F056
:10E8200085FF636831E5DDF80CB0C9E4DDE9035B21
:10E83000CDE421680822BB4BBA6001F53062096C57
:10E8400002EB49129942906840F2C880030402D555
:10E850004FF4004191602046FAF758FEE168012923
:10E860007FF457AF04F2C442206805F0C1F850E7C6
:10E8700020680122E168BA6000F530620129D0F811
:10E8800040C002EB4912936800F0AC80A6498C4569
:10E8900000F00981B9F1000F04D1D4F88C22002ACC
:10E8A00000F0D78159462046FAF736FE2DE7D7E922
:10E8B0001353D4F800B0AB4258463FF6C1AE0BF547
:10E8C0001062796CCDF81CB002EB46120592EA1A80
:10E8D0008A4228BF0A4605998969033289B2B1EB99
:10E8E000920FC0F0958052460696CA462646C1460B
:10E8F000059C904619E0ED1A7B6CB96C42469D422E
:10E90000584628BF1D46337B0093ABB204F052FF3C
:10E91000BB6CA1692B4489B2BB643B6D2B440335AE
:10E92000B1EB950F3B656BD3FD6C9D42E3D834464C
:10E93000C846069ED146D4F800B0079B012258462F
:10E9400003F5006106F00F039A404B6B23EA0203C4
:10E950004B6375E63146039804F0A0FC97F83F300E
:10E96000012B00F0B4800223C9F80830A3E647F673
:10E97000F0731E423FF41BAC07EBC707C6F30A1245
:10E98000284604EB87071646D7F8881204F028FFBC
:10E99000D7F8883220683344C7F88832D7F89032E5
:10E9A0003344C7F8903202E42046FAF7DFFD75E5FC
:10E9B0002046FAF703FE236865E5D7E911231344DF
:10E9C000BB64002E7FF461AEE36C002B7FF45DAE80
:10E9D00004F2C442206805F00BF856E62046FAF728
:10E9E00095FD96E6190740F197804E498C457FF6D4
:10E9F0008CAE18047FF589AE4FF40041916084E637
:10EA00003446C846069ED146D4F800B0FD6C584640
:10EA10009D423FF615AE90E70029BFF6BCAC2146FB
:10EA200084F8F32051F8F00B04F080FE6368B2E440
:10EA300004F52871206804F079FE636810E400236F
:10EA4000594620468AF87F32FAF7ACFD76E600296F
:10EA5000BFF6AAAC04F58A71206884F8172104F087
:10EA600065FE6368A0E404F53171206804F05EFE81
:10EA70006368FFF7FCBB0029BFF69FAC04F59C71EF
:10EA8000206884F83B2104F051FE636895E4002976
:10EA9000BFF69CAC04F5AE71206884F85F2104F0E9
:10EAA00045FE636892E41804A6D499067FF5FAAE91
:10EAB00020219160F6E60029BFF691AC04F5C07103
:10EAC000206884F8832104F031FE636887E44FF006
:10EAD00000035146204687F83F30FAF767FD42E7CA
:10EAE00004F54C71206804F021FE6368FFF7D4BB85
:10EAF0000029BFF67DAC04F5D271206884F8A72107
:10EB000004F014FE636873E404F55571206804F0A2
:10EB10000DFE6368FFF7C7BB990673D5202191608E
:10EB2000F3E500BF0A30544F0A31544F0029BFF6B5
:10EB300068AC04F5E471206884F8CB2104F0F6FD9C
:10EB400063685EE404F55E71206804F0EFFD6368BD
:10EB5000FFF7B0BB0029BFF65DAC04F5F671206885
:10EB600084F8EF2104F0E2FD636853E404F5677173
:10EB7000206804F0DBFD6368FFF7A3BB0029BFF644
:10EB800052AC04F50471206884F8132204F0CEFD21
:10EB9000636848E404F57071206804F0C7FD636899
:10EBA000FFF796BB0029BFF647AC04F50D7120684E
:10EBB00084F8372204F0BAFD63683DE404F5797106
:10EBC000206804F0B3FD6368FFF789BB0029BFF636
:10EBD0003CAC04F51671206884F85B2204F0A6FDB5
:10EBE000636832E404F58161206804F09FFD636886
:10EBF000FFF77CBB04F22C41206804F097FD6368AA
:10EC0000FFF77BBB13F0280F7FF47FAD1B498C45CA
:10EC100002D91B043FF5F0AE1169DAF89C22C1F36A
:10EC20001201521ACAF89022B9F1000F7FF43AAEDD
:10EC3000D4F88C12D9B1D4F888120A44C4F88822C6
:10EC400030E604F58A61206804F070FD6368FFF720
:10EC50005BBB04F2C442494604F0CAFE22E604F259
:10EC60007441206804F062FD6368FFF754BB04F24E
:10EC7000C442012104F0BCFE14E600BF0A30544F28
:10EC800090F8BC24012A0ED0012210B50446006879
:10EC900084F8381084F8BC2404F028FE00231846B9
:10ECA00084F8BC3410BD0220704700BF10B501F0DD
:10ECB0000F0E0906044627D44FF0240C0CFB0E0C53
:10ECC0000CF51F710EEBCE0C00EB8C0C00208CF8B9
:10ECD0007D028A604A7881F800E00B710AB1A1F8E0
:10ECE0001AE0022B01D100234B7194F8BC34012BA4
:10ECF00018D00123206884F8BC3404F02DFB0023D5
:10ED0000184684F8BC3410BD24204FF0010C00FBE1
:10ED10000E4000F13C010EEBCE0004EB800080F8C9
:10ED20003DC0D6E7022010BD11F0800F01F00F03A7
:10ED30004FF0240110B504461AD101FB034103EB47
:10ED4000C302002001F51F7104EB820282F87D02EC
:10ED50000B7094F8BC34012B19D00123206884F87F
:10ED6000BC3404F041FB0023184684F8BC3410BDC9
:10ED700001FB034103EBC302012004EB82023C319F
:10ED800082F83D000B7094F8BC34012BE5D10220D1
:10ED900010BD00BF08B501F00F0E24210EEBCE0C04
:10EDA00001FB0E0100EB8C0C01F51F71CCF88C32CD
:10EDB0000023CCF888228CF87CE2CCF890328CF8D6
:10EDC0007D32C3680068012B08BFCCF89822DAB204
:10EDD00004F068FB002008BD01F00F0101EBC10148
:10EDE00000EB8101D1F89002704700BF08B501F037
:10EDF0000F0E24210EEBCE0C01FB0E0100EB8C0C50
:10EE00003C31CCF84C300023CCF84820CCF85030C2
:10EE100001238CF83CE08CF83D30C3680068012B7E
:10EE200008BFCCF85820DAB204F03CFB002008BD43
:10EE300038B5436801F00F059D4234D80B060446EF
:10EE40001DD4242201EBC10302FB010100EB83036B
:10EE5000002201F51F7183F87D2201230D708B7054
:10EE600094F8BC249A421CD0206884F8BC3404F086
:10EE7000DDFCD5B10023184684F8BC3438BD24210C
:10EE800005EBC503012201FB050100EB83033C31C7
:10EE900083F83D2001230D708B7094F8BC249A42B6
:10EEA000E2D1022038BD012038BD04F2C442217BEA
:10EEB000206804F09DFDDDE7426838B501F00F03DE
:10EEC000934232D811F0800F04464FF0240103EB37
:10EED000C30219D101FB0341002004EB820200258B
:10EEE00001F51F7182F87D020B708D7094F8BC34AF
:10EEF000012B18D00123206884F8BC3404F0CAFC2C
:10EF0000284684F8BC5438BD01FB0341012004EBC2
:10EF1000820200253C3182F83D000B708D7094F820
:10EF2000BC34012BE6D1022038BD012038BD00BF22
:10EF300010B40468606A31B940EA0240A06200205F
:10EF40005DF8044B7047A36AB1F1010C00EB13406C
:10EF50000BD0002303F14001013304EB8101DBB24C
:10EF60004968634500EB1140F4D30CF1400C40EAD2
:10EF7000024004EB8C0C5DF8044BCCF8040000203C
:10EF8000704700BF034600201B685962704700BFEE
:10EF900003464FF0000C09491A68604610B401247A
:10EFA00083F8F4C4C3F8004593695DF8044B43F05B
:10EFB00000639361536D194351657047030000105E
:10EFC000704700BF38B5104CE36813F0040FE368D6
:10EFD00005D103F00703181A18BF012038BD23F02C
:10EFE00007031843E060FAF773FC054605E0FAF7FB
:10EFF0006FFC401BB0F57A7F04D863689B04F6D59C
:10F00000002038BD012038BD00480258024AD368AC
:10F0100043F08073D36070470048025870B44D6A63
:10F0200015B1B2F1406F3AD18B691BB30C6A002C59
:10F030004CD08E680068C661CE69002E69D02B4323
:10F0400013432343CC6A334323430C6B23434C6B5E
:10F0500023430C692343CC6823430C6823434C6946
:10F06000B2F1406F43EA8443436165D04B6870BCA2
:10F07000836170470B6ABBB100682B438C68CE6913
:10F08000C461002E6BD01343CC6A334323430C6B13
:10F0900023434C6B23430C692343CC68DEE78B6A24
:10F0A0000468013B2361BFE7CB69002B66D1002DCB
:10F0B00042D0CB6A0C6B2B43006813434A6923434D
:10F0C0004C6B234343EA8243436135E0CC6945EA14
:10F0D000030C002C32D003684CEA0200B2F1406FFE
:10F0E00040EA0400CC6A40EA04000C6B40EA0400E9
:10F0F0004C6B40EA0400CC6840EA04000C6840EA2B
:10F1000004004C6940EA8440586115D04A689A610D
:10F1100012E045EA030C0D694CEA0203CA6A234374
:10F120001343D1E90C4223430C6813434A692B4330
:10F13000234343EA8243436170BC7047CC6A4CEA84
:10F14000020300682343D1E90C4223430C681343B4
:10F150004A69234343EA824370BC43617047CC6AE7
:10F1600013432343D1E90C4223431343D1E904421F
:10F17000234343EA824370BC436170472B43CD6A0B
:10F180000C6B134300682B4323434C6B84E700BF95
:10F1900070B50546FAF79CFB002D46D095F8413036
:10F1A0000646002B39D0AC6C2A68A968136801396F
:10F1B00023F4F85343EA0123136001E0631C24D1D4
:10F1C000936813F02003F9D1E869E96814680143F2
:10F1D000286A0143686841EA0061194820400143F8
:10F1E00068691160A96954680143286941EA0041CE
:10F1F00014482040012401431846516011682143FE
:10F2000011606B6485F8414070BDFAF761FB801BAB
:10F21000A0420CD85CB12A68D2E72846F8F774FE01
:10F2200041F288331C46AB64BEE7012070BD042365
:10F23000012085F841306B6C03436B6470BD00BFE7
:10F240002FFFFF00FEF8E0FF70B10268136823F0A3
:10F25000010310B513600446F8F720FF0023636430
:10F26000184684F8413010BD012070472DE9F04167
:10F2700004460E461546FAF72BFB94F84030012B56
:10F280003AD0012384F8403094F84130012BDFB2AA
:10F2900006D002270023384684F84030BDE8F081CC
:10F2A000002380466364022384F84130681C23688D
:10F2B0000ED19A6812F02002FBD131462046FFF7AA
:10F2C000ADFE736AE3B10123002784F84130E1E722
:10F2D0009A6812F020021ED0FAF7FAFAA0EB0800A2
:10F2E000854201D3002DE1D1042384F84130636CC1
:10F2F00043F001036364CDE702273846BDE8F0819F
:10F30000226893689B07FCD5022101230027D16066
:10F3100084F84130BEE731462046FFF77FFE736A2E
:10F3200043B1D0E7FAF7D4FAA0EB08008542DBD36B
:10F33000002DD9D0226893689907F3D5E4E700BF80
:10F340002DE9F843044689461546FAF7C1FA94F8C0
:10F3500040302768012B67D0012384F8403094F8AF
:10F360004130012B5FFA83F807D04FF002080023E9
:10F37000404684F84030BDE8F88300236364B9F167
:10F38000000F56D01223064684F841303B69013302
:10F39000E3623B69C4F824900133A3627B6923F0E4
:10F3A00040637B61E36A002B31D06A1C394611D17E
:10F3B0008B685B07FCD5636A1B7887F82030E26AAC
:10F3C000636A013A0133E262E26A6362F2B16A1C83
:10F3D0002168EDD08B685807EDD4FAF779FA801BD5
:10F3E000854201D3002DF2D1042384F84130636CAF
:10F3F00043F00103636413E0BB689B070CD4FAF786
:10F4000067FA801B8542EFD3002DEDD02768691C79
:10F41000F2D1BB689A07FCD502234FF00008FB60CD
:10F42000012384F84130A2E74FF002084046BDE8CE
:10F43000F883636C43F00803636498E72DE9F843AD
:10F44000044615468946FAF743FA2768BA6994F8DC
:10F450004030012B6CD0012384F8403094F84130C7
:10F46000012B5FFA83F807D04FF0020800234046D3
:10F4700084F84030BDE8F88300236364B9F1000FDD
:10F480005BD02223064684F841303B690133A363F5
:10F490003B69C4F83090013363637B6923F04063B8
:10F4A00043F080637B61BA61A36B002B33D0681C8F
:10F4B000394612D18B6813F0060FFBD097F8202045
:10F4C000236B1A70A26B236B013A0133A263A26B08
:10F4D0002363FAB1681C2168ECD08B6813F0060F27
:10F4E000ECD1FAF7F5F9801B854201D3002DF1D15B
:10F4F000042384F84130636C43F00103636413E038
:10F50000BB689B070CD4FAF7E3F9801B8542EFD365
:10F51000002DEDD02768691CF2D1BB689A07FCD595
:10F5200002234FF00008FB60012384F841309DE77F
:10F530004FF002084046BDE8F883636C43F00803CF
:10F54000636493E72DE9F84F04461F4689469046C9
:10F55000FAF7BEF994F84030012B52D0012384F819
:10F56000403094F84130012B5FFA83FB07D04FF015
:10F57000020B0023584684F84030BDE8F88F002382
:10F5800082466364422384F841307A1C26682CD179
:10F59000B568AB06FCD4D8F8003049462046B362C3
:10F5A000D8F804307362D8F80830F3623268D8F8BB
:10F5B000103022F440021343D8F80C2043F48003A7
:10F5C0003360C9F828204FF00062FFF727FD781C50
:10F5D00022681BD193681907FCD5082101234FF03D
:10F5E000000BD16084F84130C3E7B3689D06D2D5E3
:10F5F000FAF76EF9A0EB0A00874212D3002FC4D1AC
:10F600000FE04FF0020B5846BDE8F88F93681B07D8
:10F61000E3D4FAF75DF9A0EB0A00874201D3002F8B
:10F62000D5D1042384F84130636C43F00103636453
:10F630009FE700BF2DE9F04704460F461646FAF74C
:10F6400047F994F84030012B45D0012384F840302D
:10F6500094F84130012B5FFA83F907D04FF002098B
:10F660000023484684F84030BDE8F08700238046F8
:10F67000D4F848A06364822384F84130BAF1FF3F94
:10F68000256814D1AB689A06FCD42B68726823F005
:10F690000803082A43EA02032B6021D04FF040629E
:10F6A000394620464FF00009FFF7B8FCD8E7AB68B1
:10F6B0009B06EAD5FAF70CF9A0EB0800824502D3C5
:10F6C000BAF1000FDAD1042384F84130636C43F0BF
:10F6D00001036364C4E74FF002094846BDE8F087C0
:10F6E000326810232A63EB602B6843F480132B608D
:10F6F000D4E700BF704700BF08B5006C00238363E8
:10F70000C36290F84130082B0BD103680222DA6003
:10F710001A6842F400321A601A6842F002021A6053
:10F7200008BD012380F84130FFF7E4FF08BD00BFAA
:10F73000704700BF704700BF704700BF704700BFF1
:10F74000704700BF704700BF704700BF38B50368FF
:10F7500004469A68196855070ED548030CD594F8E5
:10F760004120122A75D094F84120222A00F0A1806D
:10F770002046FFF7E5FF38BD950726D5880324D539
:10F780000222DA601A6822F4E0221A6094F841201A
:10F79000122A7AD094F84120222A00F0A98094F805
:10F7A0004120022A00F0D08094F84120082AE2D1BA
:10F7B0005A690121204622F040625A6184F84110C2
:10F7C000636C3BBBFFF7B4FF38BD150725D4D507E5
:10F7D00035D5C80333D50125DD601A6822F47022BF
:10F7E0001A60626C42F0020262641A68520779D5AC
:10F7F0001A68E06B22F004021A60574B836507F029
:10F800000DFD0028B7D0636C204643F00403636409
:10F8100084F84150FFF76EFF38BD0803D7D50822A2
:10F82000DA601A68520206D51A68012122F4102201
:10F830001A6084F841102046FFF784FF38BDD006D7
:10F8400099D5CA0297D510222046DA60FFF77CFFCF
:10F8500038BD9A6850078BD518460EE0626A127858
:10F8600083F82020E16A20680139626AE16201328E
:10F87000816862624D077FF57BAFE26A002AEDD1B5
:10F88000036823F48023036072E71A68510709D5DF
:10F890001A68E16B22F0040209681A60CB6823F051
:10F8A0000103CB600123204684F84130FFF746FF77
:10F8B00038BD9A6852077FF55BAF18460EE093F8A3
:10F8C0002010226B1170A16B20680139226BA1639B
:10F8D00001328168226349077FF54AAFA26B002A93
:10F8E000EDD1CDE7204684F84150FFF703FF38BD46
:10F8F0001A6852071DD49A6812F47C5F0FD111E088
:10F9000093F82010226B1170A16B20680139226BD3
:10F91000A16301328168226311F47C5F02D0A26B83
:10F92000002AEDD10123204684F84130FFF704FF7F
:10F9300038BD1A68E16B22F0040209681A60CB68CE
:10F9400023F00103CB60EDE70123204684F841302A
:10F95000FFF7F0FE38BD00BFF9F60008454B30B4A4
:10F960009A6A9C6ADD6A14F47C7F596BC4F30510B3
:10F9700038D0C1F3CC0105F0010502F0030205FB0C
:10F9800001F1012A07EE901AB8EEE77A02D0022AB6
:10F990004ED04AB307EE900ADFED376AF8EEE77A09
:10F9A0001B6B86EEA76A9FED355AC3F3080306EE7C
:10F9B000903AF7EE005AF8EEE66AE7EE056A76EE60
:10F9C000A56A66EE266A2B4B1B6BC3F346230133F5
:10F9D00007EE903AB8EEE77AC6EE877AFCEEE77A61
:10F9E00017EE900A30BC70471A68920627D519683E
:10F9F00007EE900A224AF7EE005A1B6BC1F3C101D1
:10FA0000F8EEE77A9FED1D5AC3F30803CA4006EEED
:10FA1000903A06EE102AF8EEE66AB8EEC66AE7EE0D
:10FA2000056A86EE277A76EEA56A66EE876ACAE7E9
:10FA300007EE900ADFED136AF8EEE77AB0E707EE1B
:10FA4000900A9FED115A1B6BB7EE006AF8EEE77A49
:10FA5000DFED0A5AC3F30803C5EE276A07EE903AB2
:10FA6000F8EEE77AE7EE257A77EE867A66EEA76A11
:10FA7000A9E700BF004402580024744A000000397E
:10FA80000090D0030024744B0024744C002800F034
:10FA9000EC81F8B503680446D80730D5A5490A6952
:10FAA000896A02F03802102A00F00981182A00F051
:10FAB00001816368B3F5803F00F02C81002B00F0DA
:10FAC0006A81B3F5A02F9B4B1A6800F08E8222F456
:10FAD00080321A601A6822F480221A60F9F7F8FE60
:10FAE000944E41F28837054605E0F9F7F1FE401BD8
:10FAF000B84200F24E8133689A03F6D523689D0719
:10FB000000F18A80D90633D58A4A1369926A03F0D4
:10FB10003803082B00F0E380182B00F0DB80E3694A
:10FB2000844D002B00F071812B6843F080032B6023
:10FB3000F9F7CEFE064605E0F9F7CAFE801B02285B
:10FB400000F227812B68DB05F6D5F9F7D9FE41F2E3
:10FB50000303984200F27182226A6B68202A23F024
:10FB6000F8430CBF43F0804343EA82636B60236831
:10FB70001D0716D563696F4D002B00F024816B6F54
:10FB800043F001036B67F9F7A3FE064605E0F9F7BA
:10FB90009FFE801B022800F2FC806B6F9807F6D551
:10FBA00023689A0616D5A369624D002B00F01C81CC
:10FBB0002B6843F480532B60F9F78AFE064605E074
:10FBC000F9F786FE801B022800F2E3802B689F0471
:10FBD000F6D52368590700F1A380606AD0B1554D6E
:10FBE0002B6903F03803182B00F0B1812B68022831
:10FBF00023F080732B6000F04481F9F769FE04461E
:10FC000005E0F9F765FE001B022800F2C2802B68B0
:10FC10009B01F6D40020F8BD464A1369926A13F09E
:10FC200038032DD1434BE2681B68590701D5002AE0
:10FC30004ED0404D2B6823F0190313432B60F9F786
:10FC400047FE064605E0F9F743FE801B022800F256
:10FC5000A0802B685B07F6D5F9F752FE41F203034B
:10FC6000984200F2F98022696B68402A23F47C33C1
:10FC70000CBF43F4003343EA02336B60236841E76F
:10FC8000182B00F0E5802B4DE2682B68002A00F06D
:10FC9000CE8023F0190313432B60F9F719FE0646B3
:10FCA00004E0F9F715FE801B022872D82B685F0765
:10FCB000F7D5D1E701F0030102297FF4FAAE1D4A1E
:10FCC000126891037FF51BAF6268002A7FF417AFBB
:10FCD0000120F8BD02F00302012A7FF420AF154B8A
:10FCE0001B68DA0502D5E369802BF1D1F9F708FE2C
:10FCF00041F20303984200F2BA80226A202A00F0FF
:10FD0000AB810C494B6823F0F84343EA82634B60B4
:10FD100023682DE7074A136843F480331360DDE658
:10FD2000054D2B6843F480732B60F9F7D1FD06462F
:10FD300009E000BF0044025800480258F9F7C8FD26
:10FD4000801B642825D82B68DA05F7D5A368012B1A
:10FD500000F07C81002B00F05781052BA74B1A6F18
:10FD600000F0838122F001021A671A6F22F0040268
:10FD70001A67F9F7ADFDA14E41F28837054604E058
:10FD8000F9F7A6FD401BB84203D8336F9B07F7D5A0
:10FD900023E70320F8BD994D41F288372B6823F4FF
:10FDA00080332B602B6823F480232B60F9F790FDC0
:10FDB000064604E0F9F78CFD801BB842E9D82B68B1
:10FDC0009B03F7D49AE66B6F23F001036B67F9F797
:10FDD0007FFD064604E0F9F77BFD801B0228D8D89A
:10FDE0006B6F9907F7D4DBE62B6823F480532B6005
:10FDF000F9F76EFD064604E0F9F76AFD801B02285C
:10FE0000C7D82B689804F7D4E3E62B6823F0800367
:10FE10002B60F9F75DFD064604E0F9F759FD801BFC
:10FE20000228B6D82B68DF05F7D42368A0E623F0B4
:10FE300001032B60F9F74CFD064604E0F9F748FD95
:10FE4000801B0228A5D82B685807F7D4236859E6E9
:10FE500090077FF418AFE5E66B68226923F0FE4354
:10FE600043EA02636B6023684CE601207047634AF3
:10FE7000216AD36823F07C5343EA0163D36023688B
:10FE800076E6F9F725FD064605E0F9F721FD801B2A
:10FE900002283FF67EAF2B689901F6D4A96A584B29
:10FEA000A26A0B405749554E1343E26A43EA0213D4
:10FEB000AB62D4E90D32013B013A5B0212049BB202
:10FEC00002F4FE021343226B013AC2F30802134309
:10FED000E26B013A120602F0FE4213432B63EB6A17
:10FEE00023F00103EB626A6BA36C114041EAC3018A
:10FEF0006963EB6A226C23F00C031343EB62EB6A39
:10FF0000626C23F002031343EB62EB6A43F4803329
:10FF1000EB62EB6A43F40033EB62EB6A43F4802359
:10FF2000EB62EB6A43F00103EB622B6843F08073F2
:10FF30002B60F9F7CDFC044605E0F9F7C9FC001B7E
:10FF400002283FF626AF33689A01F6D562E601280B
:10FF5000AA6A2E6B3FF45FAE02F00303A16A8B42E4
:10FF60007FF4B6AEC2F30512E36A9A427FF4B0AEF4
:10FF7000236BC6F30802013B9A427FF4A9AE636B80
:10FF8000C6F34622013B9A427FF4A2AEA36BC6F3AE
:10FF90000642013B9A427FF49BAEE36BC6F30666D2
:10FFA000013B9E427FF494AE6B6BA26CC3F3CC0317
:10FFB0009A423FF42FAE114AD36A23F00103D36271
:10FFC000F9F786FC0546F9F783FCA842FBD00B4AFB
:10FFD0000020A16C0B4B546B234043EAC1035363D5
:10FFE000D36A43F00103D362F8BD42F480221A6061
:10FFF0001A6842F480321A6070E500BF004402586B
:020000040801F1
:100000000CFCFFFF0700FFFF1C4D41F288372B6FF0
:1000100023F001032B672B6F23F004032B67F9F701
:1000200057FC064605E0F9F753FC801BB8423FF643
:10003000B0AE2B6F9807F6D4CFE5EB68226A23F0B9
:100040007C5343EA0263EB60236891E50B4A136F2C
:1000500043F0010313678CE6084A536823F0F84322
:1000600043F080435360236882E542F004021A673C
:100070001A6F42F001021A677BE600BF0044025883
:10008000474A136903F03803102B04D0182B0DD006
:100090001BB14448704744487047136899064AD5D5
:1000A00013684248C3F3C103D8407047936A30B421
:1000B000946AD56A14F47C7F516BC4F3051038D070
:1000C000C1F3CC0105F0010503F0030305FB01F1C9
:1000D000012B07EE901AB8EEE77A02D0022B2CD053
:1000E00093B307EE900A9FED325AF8EEE77A136B5E
:1000F000C5EE276ADFED2F5AC3F3080307EE903AE7
:10010000B7EE006AF8EEE77AE7EE257A77EE867AC0
:1001100066EEA76A224B1B6BC3F34623013307EE3F
:10012000903AB8EEE77AC6EE877AFCEEE77A17EEF9
:10013000900A30BC70471D48704707EE900A9FED4B
:100140001E5AF8EEE77AD2E713689B0620D51468AA
:1001500007EE900A1549F7EE005A136BC4F3C10479
:10016000F8EEE77A9FED135AC3F30803E14006EE79
:10017000903A06EE101AF8EEE66AB8EEC66AE7EEB6
:10018000056A86EE277A76EEA56A66EE876AC1E78B
:1001900007EE900A9FED095AF8EEE77AA7E700BF4D
:1001A0000044025800093D000024F4000090D003F0
:1001B0000024744A000000390024744B0024744C5D
:1001C000002800F00C818C4A136803F00F038B4267
:1001D0002DE9F04104460D460CD2136823F00F03BD
:1001E0000B431360136803F00F038B4202D001200E
:1001F000BDE8F08123685F070BD5804920698A69D3
:1002000002F07002904204D98A6922F0700202431F
:100210008A611E070BD579496069CA6902F07002CC
:10022000904204D9CA6922F070020243CA61D8061A
:100230000BD57249A069CA6902F4E062904204D900
:10024000CA6922F4E0620243CA6199060BD56B4980
:10025000E0690A6A02F07002904204D90A6A22F048
:10026000700202430A629A0740F1AB806348E1687A
:10027000826902F00F02914204D9826922F00F02D2
:100280000A438261D80730D55C4AA168936923F498
:1002900070630B43936161681368022900F0A180C9
:1002A000032900F09880012900F0A18058079ED50D
:1002B000524E41F28838336923F007030B43336110
:1002C000F9F706FB074605E0F9F702FBC01B4045BE
:1002D00000F28B803369626803F03803B3EBC20F1E
:1002E000F2D12368990706D5E1684448826902F093
:1002F0000F028A4269D840490A6802F00F02AA42F6
:100300000AD90A6822F00F022A430A600A6802F03A
:100310000F02AA427FF46BAF5A070BD53749206909
:100320008A6902F07002904204D28A6922F0700257
:1003300002438A611F070BD530496069CA6902F020
:100340007002904204D2CA6922F070020243CA616C
:10035000DE060BD52949A069CA6902F4E062904221
:1003600004D2CA6922F4E0620243CA619D060BD539
:10037000224AE169136A03F07003994204D2136AB6
:1003800023F070030B431362FFF77AFE1B4A034608
:100390001B4891699269C1F303211A4D02F00F02C3
:1003A000194C415C825C01F01F01184802F01F02E9
:1003B000CB4000682B60D3402360BDE8F041F9F7E3
:1003C00025BADA073FF560AF95E7826922F00F02A0
:1003D000114381618FE79F013FF56AAF07E7012075
:1003E00070479B033FF564AF01E7032000E7DE059C
:1003F0003FF55EAFFBE600BF00200052004402580C
:10040000A0C20108580000245C00002474000024ED
:10041000184A38B5136903F03803102B1AD0182B7B
:1004200023D0CBB11448134B14499A699B69C2F38A
:100430000322134C03F00F03124D8A5CCB5C02F0D5
:100440001F0220FA02F203F01F0022FA00F02A60D5
:10045000206038BD0C48E6E713689B0608D5126893
:100460000A48C2F3C102D040DDE7FFF777FADAE7C6
:100470000648D8E70044025800093D00A0C2010820
:100480005C000024580000240024F4000090D003F5
:100490001C4A38B5136903F03803102B21D0182BF0
:1004A0002BD003B31848174A18499369184DC3F362
:1004B0000323184CCB5C03F01F0320FA03F390696D
:1004C00000F00F002B60085C00F01F00C3402360A9
:1004D000D269C2F30212885C00F01F0023FA00F018
:1004E00038BD0D48DFE713689B0609D510680B4B34
:1004F000C0F3C10023FA00F0D5E7FFF72FFAD2E7E7
:100500000648D0E70044025800093D00A0C2010897
:10051000580000245C0000240024F4000090D00364
:100520001C4A38B5136903F03803102B21D0182B5F
:100530002BD003B31848174A18499369184DC3F3D1
:100540000323184CCB5C03F01F0320FA03F39069DC
:1005500000F00F002B60085C00F01F00C340236018
:10056000D269C2F30222885C00F01F0023FA00F077
:1005700038BD0D48DFE713689B0609D510680B4BA3
:10058000C0F3C10023FA00F0D5E7FFF7E7F9D2E79F
:100590000648D0E70044025800093D00A0C2010807
:1005A000580000245C0000240024F4000090D003D4
:1005B000F8B53A4CA36A03F00303032B67D0236812
:1005C00006460F4623F080632360F9F781F905465C
:1005D00004E0F9F77DF9431B022B56D823681A0172
:1005E000F7D4A36A326823F47C3343EA0233A3626C
:1005F000D6E90232013B013A5B0212049BB202F4DB
:10060000FE0213437268013AC2F3080213433269CF
:10061000013A120602F0FE421343A363E36A7269D1
:1006200023F0C0031343E362E26AB36922F02002BD
:100630001A431B4BE262E26A22F01002E262E16BB3
:10064000F2690B4043EAC203E363E36A43F0100339
:10065000E362E36AEFB1012F0CBF43F4801343F46C
:100660000013E3620D4C236843F080632360F9F7C5
:100670002FF9054604E0F9F72BF9401B022804D8AE
:1006800023681B01F7D50020F8BD0320F8BD012029
:10069000F8BD43F40023E362E4E700BF00440258DE
:1006A0000700FFFFF8B53A4CA36A03F00303032BDE
:1006B00067D0236806460F4623F080532360F9F77E
:1006C00007F9054604E0F9F703F9431B022B56D856
:1006D00023689A00F7D4A36A326823F07C7343EA54
:1006E0000253A362D6E90232013B013A5B021204D3
:1006F0009BB202F4FE0213437268013AC2F308028D
:1007000013433269013A120602F0FE421343236496
:10071000E36A726923F440631343E362E26AB369F4
:1007200022F400721A431B4BE262E26A22F48072E6
:10073000E262616CF2690B4043EAC2036364E36AFC
:1007400043F48073E362E36AEFB1012F0CBF43F41B
:10075000000343F08073E3620D4C236843F0805341
:100760002360F9F7B5F8054604E0F9F7B1F8401B46
:10077000022804D823689B00F7D50020F8BD032089
:10078000F8BD0120F8BD43F48003E362E4E700BF55
:10079000004402580700FFFF2DE9F843D0E900327A
:1007A00004461D0103F0006623D5816EB1F5001FDC
:1007B00000F04F8512D8002900F0A585B1F5801F03
:1007C00040F09E8502210830FFF7F2FE0646002E1B
:1007D00040F01E85A16ED4E9003203E0B1F5401F60
:1007E00040F08E85AE4D0026286D20F44010014368
:1007F0002965D8050AD5A16D042906D8DFE811F0CE
:1008000032053905160510031003012635469905F2
:100810001DD5E16D802900F0128500F2F9800029D4
:1008200000F02084402940F0FA80002104F1080003
:10083000FFF7BEFE0546D4E90032002D40F0EB8301
:10084000974FE06D396D21F4E071014339655F0523
:1008500021D5D4F8A810B1F5800F00F01D8500F265
:10086000E180002900F00584B1F5001F40F0E2802E
:10087000002104F10800FFF79BFE0546D4E9003291
:10088000002D40F0CF83864FD4F8A800B96D21F435
:1008900060010143B965180521D5D4F8AC10B1F158
:1008A000007F00F0B98400F2C880002900F0D483F2
:1008B000B1F1807F40F0C980002104F10800FFF70A
:1008C00077FE0546D4E90032002D40F0A283744F34
:1008D000D4F8AC00B96D21F0E0610143B96599012C
:1008E00018D5E16C202900F01E8400F2B18039B1E6
:1008F000102940F0B0806A48C16A41F40031C162F9
:10090000002D40F0D383664FE06CF96C21F030018C
:100910000143F964DF041FD5216EB1F5005F00F0DB
:10092000B18400F29B80002900F09083B1F5805FD4
:1009300040F09C80002104F10800FFF739FE0546D5
:10094000D4E90032002D40F06883554F206E396D98
:1009500021F4E0410143396598041DD5616EB1F57C
:10096000003F00F00F8400F2848059B1B1F5803F60
:1009700040F08780012104F10800FFF719FE0546C9
:10098000D4E90032002D40F09B83454F606E396DF5
:1009900021F4E0210143396559041DD5D4F8B01084
:1009A000B1F1005F00F0FA836ED851B1B1F1805F10
:1009B00072D1012104F10800FFF7FAFD0546D4E9E0
:1009C0000032002D40F08083354FD4F8B000B96D6F
:1009D00021F0E0410143B9651F040DD5216FB1F14C
:1009E000805F00F0C783B1F1005F00F0258200292D
:1009F00000F02A8201263546D8015FD5A16C032973
:100A000000F2BB84DFE811F05600E1034E0056000F
:100A1000C0293FF412AFB1F5807F3FF40EAF01263D
:100A2000354614E7B1F5C00F3FF42AAFB1F5000F1A
:100A30003FF426AF012635462DE7B1F1407F3FF464
:100A400043AFB1F1806F3FF43FAF0126354646E733
:100A500030293FF455AF012635465BE7B1F5405FDD
:100A60003FF470AFB1F5804F3FF46CAF01263546CF
:100A700072E721F48030B0F5802F83D0B1F5403F8C
:100A800080D00126354687E721F08050B0F1804FB5
:100A900097D0B1F1405F94D0012635469CE700BF66
:100AA00000440258022104F10800FFF781FD0546C9
:100AB000D4E90032002D00F0FB822E46590200F1ED
:100AC0005A82D8072FD5E16F28292AD8DFE811F0FC
:100AD000FA012900290029002900290029002900FC
:100AE00006042900290029002900290029002900DD
:100AF000F2012900290029002900290029002900E4
:100B0000FA012900290029002900290029002900CB
:100B1000FA012900290029002900290029002900BB
:100B2000FA0101263546990717D5A16F052900F26C
:100B30002084DFE811F00E00BB0306000E000E005B
:100B40000E00012104F12800FFF7ACFD0546D4E9B1
:100B50000032002D00F099822E465F0718D5D4F898
:100B60009410052900F20D84DFE811F00E00AC03AB
:100B700006000E000E000E00012104F12800FFF710
:100B800091FD0546D4E90032002D00F086822E4604
:100B900098061FD5D4F89010B1F1005F00F00983DA
:100BA00000F20B8159B1B1F1805F40F0108100215A
:100BB00004F10800FFF7FCFC0546D4E90032002DE3
:100BC00040F05F82A64FD4F89000796D21F0E041AB
:100BD0000143796559061FD5D4F89C10B1F5006F13
:100BE00000F0B28200F2F68059B1B1F5806F40F0AA
:100BF000FB80002104F10800FFF7DAFC0546D4E988
:100C00000032002D40F06282954FD4F89C00B96DFF
:100C100021F4E0510143B9651F061FD5D4F8A01097
:100C2000B1F5804F00F09B8200F2E18059B1B1F53F
:100C3000005F40F0E680002104F10800FFF7B8FCF7
:100C40000546D4E90032002D40F03C82844FD4F8B0
:100C5000A000B96D21F460410143B96518070BD5B7
:100C6000D4F88400B0F5805F00F0B8827C4F796DD5
:100C700021F4405101437965D9060BD5D4F8980089
:100C8000B0F5807F00F0B782754FB96D21F44071E7
:100C90000143B9651F030ED5D4F8A410B1F5803F08
:100CA00000F0F480B1F5003F00F0F880002900F07A
:100CB0002E820126354658030FD5D4F88810B1F599
:100CC000001F00F0CF80B1F5401F00F0D380B1F5D8
:100CD000801F00F0148201263546D90309D5216D05
:100CE000002900F00382B1F5803F00F09D810126CC
:100CF00035469F0000F1F18098030CD5D4F88010A0
:100D0000B1F5807F00F0EA817ED921F48070B0F5E2
:100D1000007F7BD00126D90206D55148656F016D51
:100D200021F0004129430165DF0007D54C48D4F884
:100D3000B850016921F48041294301619D0206D523
:100D40004748E56E016D21F0807129430165580027
:100D500009D54349086920F4004008610869D4F8BE
:100D6000BC5028430861002B06DA3D48656DC16C14
:100D700021F040512943C164190207D53849D4F8FC
:100D80008C004B6D23F4400303434B65D30700F104
:100D9000B080970700F1BA80550700F1C4801007B2
:100DA00000F1CE80D10600F1D880920600F12581B5
:100DB000301E18BF0120BDE8F88321F08050B0F14B
:100DC000804F3FF4FCAEB1F1405F3FF4F8AE012636
:100DD0003546FFE621F48060B0F5805F3FF411AF47
:100DE000B1F5406F3FF40DAF0126354614E721F40D
:100DF0000050B0F5004F3FF426AFB1F5C04F3FF4BF
:100E000022AF0126354629E7002983D1002D40F085
:100E10006381134D686D20F44070014369657AE782
:100E20003546002D40F0FB800D4FA06D396D21F04F
:100E3000070101433965EAE4012104F10800FFF7E5
:100E4000B7FB0546D4E90032002D40F01C81044F69
:100E5000206F396D21F0405101433965CCE500BF69
:100E600000440258012104F12800FFF71BFC05464D
:100E7000D4E90032002D40F02D81B14FD4F8880024
:100E8000796D21F440110143796526E7022104F1CF
:100E90002800FFF707FC0546D4E90032002D40F09A
:100EA0001781A74FD4F8A400B96D21F44031014354
:100EB000B96500E7012104F12800FFF7F3FB0546BF
:100EC000D4E90032002D40F0DA809D4FE06F796D5B
:100ED00021F038010143796525E6022104F128005B
:100EE000FFF7E0FBD4E9003200283FF405AF01260C
:100EF00002E7002104F10800FFF75AFB62680028AE
:100F00003FF447AF970706467FF546AF012104F14E
:100F10000800FFF74DFB626800283FF43DAF55071E
:100F200006467FF53CAF022104F10800FFF740FBC5
:100F3000626800283FF433AF064610077FF532AFF2
:100F4000002104F12800FFF7ADFB626800283FF4A0
:100F500029AFD10606467FF528AF04F12805012107
:100F60002846FFF79FFB002800F0DB8063689B06A4
:100F70004CD5064643E0734F3B6843F480733B60B7
:100F8000F8F7A6FC804606E0F8F7A2FCA0EB080004
:100F9000642800F2AF813B68DA05F5D5002D40F0FA
:100FA000E381674AD4F8B430116F594011F4407F9F
:100FB0000BD0116F106F21F4407140F48030106736
:100FC000106F20F4803010671167B3F5807F00F058
:100FD000AD8103F44072B2F5407F00F0BB81584907
:100FE0000A6922F47C520A615548C3F30B01076F6A
:100FF0003943D4E90032016763E504F12805022191
:101000002846FFF74FFB00283FF4D2AE0120BDE891
:10101000F8832E4663E42E4619E42E469CE42E46C1
:10102000FFF7F5BB2E4636E4022104F10800FFF776
:10103000BFFA0546D4E90032002D5ED1404F206D45
:10104000F96C21F480310143F96452E63C48C16AED
:1010500041F40031C16275E43948C16A41F400319C
:10106000C16231E43648C16A41F40031C162FFF720
:10107000E4BB3348C16A41F40031C16200E42E464A
:1010800051E52E46A6E52E46B6E42D4FA06F796DAC
:1010900021F00701014379655FE5294FD4F89400F9
:1010A000B96D21F007010143B96571E52E4631E4C0
:1010B000234FA06CF96C21F003010143F964FDE4B6
:1010C0002E4669E42E46C9E52E4685E42E46A3E564
:1010D0002E46F0E52E4600E62E461CE6184FF86A2E
:1010E00040F40030F862002DF6D192E61448C16A4F
:1010F00041F40031C162002DA0D02E46F9E5104820
:10110000C16A41F40031C162002DE3D1B5E604F1BA
:101110000800FFF74DFA0546D4E90032002DD7D17B
:10112000BFE6626841E6022104F10800FFF740FAD9
:101130000546D4E90032002DB8D1FFF7E4BB00BF6B
:101140000044025800480258022104F12800FFF729
:10115000A9FA0546D4E90032002DB7D154E50221A1
:1011600004F12800FFF79EFA0546D4E90032002D6D
:10117000A8D16BE58448C16A41F40031C162002DF9
:1011800081D164E6012104F12800FFF78BFA0546BE
:10119000D4E90032002D93D1FFF7F7BB012104F110
:1011A0002800FFF77FFA0546D4E90032002D8BD1E5
:1011B0000AE4022104F12800FFF774FA0546D4E995
:1011C0000032002D7FF45DAFFCE46F48C16A41F44A
:1011D0000031C162002D7FF470AC69E7022104F197
:1011E0002800FFF75FFA002840F09480D4F88400CC
:1011F000D4E900323AE5022104F12800FFF752FA5F
:10120000002840F08D80D4F89800D4E900323BE506
:10121000D4E90032FFF7EDBA002104F12800FFF70E
:1012200041FA0546D4E90032FFF74EBB002104F134
:101230002800FFF737FA0546D4E90032F1E500212E
:1012400004F12800FFF72EFA0546D4E90032FFF733
:10125000F4BA02212830FFF725FA0646002E3FF4A3
:10126000B9AAD5E748483546C16A41F40031C162A0
:10127000D7E5002104F10800FFF79AF90546D4E903
:101280000032CEE5002104F12800FFF70BFA0546F5
:10129000D4E90032FFF756BB002104F12800FFF724
:1012A00001FA0546D4E90032FFF7EABA012104F158
:1012B0000800FFF77DF90546D4E90032002D7FF4E0
:1012C0004BACE2E6012104F10800FFF771F9054695
:1012D000D4E90032002D7FF45AACDEE6012104F19E
:1012E0000800FFF765F90546D4E90032002D7FF4C8
:1012F000C6AEEAE50326D4E900323546FFF7E1BB86
:101300000126FFF776BA204DE86A40F40030E86223
:10131000FFF768BAD4F884000126D4E90032A5E4C6
:10132000D4F898000126D4E90032ADE4F8F7D0FAF9
:10133000DFF85480074641F2883904E0F8F7C8FA2C
:10134000C01B4845D6D8D8F870309B07F6D5D4F8DE
:10135000B4303EE60C480D4A016902EA131221F44A
:101360007C510A4302613FE6D4E900322E46FFF782
:10137000A8BB01263546FFF7F0BB01263546FFF72F
:101380009DBB0126354603E400440258CFFFFF0011
:1013900008B5FFF73DF8054B054A1B6AC3F3021376
:1013A000D35C03F01F03D84008BD00BF00440258BF
:1013B000A0C20108584B70B4996A9D6ADE6A15F4A0
:1013C0007C3FC5F30532DC6B5CD0C4F3CC04C6F3C0
:1013D000001601F0030106FB04F4012907EE904A10
:1013E000B8EEE77A03D0022975D000294FD007EE76
:1013F000902ADFED4A6AF8EEE77A9B6B86EEA76AE1
:101400009FED475AC3F3080306EE903AF7EE005AF1
:10141000F8EEE66AE7EE056A76EEA56A66EE266AFB
:101420003D4AB7EE006A936BC3F3462307EE103ACA
:10143000B8EEC77A70BC37EE067AC6EE877AFCEE55
:10144000E77AC0ED007A936BC3F3064307EE103AD8
:10145000B8EEC77A37EE067AC6EE877AFCEEE77A00
:10146000C0ED017A936BC3F3066307EE903AF8EE92
:10147000E77A77EE867A86EEA77ABCEEC77A80EDB9
:10148000027A704770BCC0E9002282607047196818
:10149000890627D51C6807EE902A2249F7EE005AE4
:1014A0009B6BC4F3C102F8EEE77A9FED1D5AC3F3BC
:1014B0000803D14006EE903A06EE101AF8EEE66AFE
:1014C000B8EEC66AE7EE056A86EE277A76EEA56A7A
:1014D00066EE876AA4E707EE902ADFED136AF8EE5E
:1014E000E77A8AE707EE902A9FED105A9B6BB7EEDA
:1014F000006AF8EEE77ADFED0A5AC3F30803C5EE97
:10150000276A07EE903AF8EEE77AE7EE257A77EE6B
:10151000867A66EEA76A83E7004402580024744A7C
:10152000000000390090D0030024744B0024744C58
:10153000584B70B4996A9D6ADE6A15F07C7FC5F3DA
:1015400005525C6C5CD0C4F3CC04C6F3002601F0F9
:10155000030106FB04F4012907EE904AB8EEE77A8E
:1015600003D0022975D000294FD007EE902ADFED75
:101570004A6AF8EEE77A1B6C86EEA76A9FED475A37
:10158000C3F3080306EE903AF7EE005AF8EEE66A67
:10159000E7EE056A76EEA56A66EE266A3D4AB7EE84
:1015A000006A136CC3F3462307EE103AB8EEC77A0D
:1015B00070BC37EE067AC6EE877AFCEEE77AC0EDAD
:1015C000007A136CC3F3064307EE103AB8EEC77AFD
:1015D00037EE067AC6EE877AFCEEE77AC0ED017A3E
:1015E000136CC3F3066307EE903AF8EEE77A77EEF2
:1015F000867A86EEA77ABCEEC77A80ED027A7047CB
:1016000070BCC0E90022826070471968890627D53E
:101610001C6807EE902A2249F7EE005A1B6CC4F3AF
:10162000C102F8EEE77A9FED1D5AC3F30803D140DB
:1016300006EE903A06EE101AF8EEE66AB8EEC66AC2
:10164000E7EE056A86EE277A76EEA56A66EE876A89
:10165000A4E707EE902ADFED136AF8EEE77A8AE74F
:1016600007EE902A9FED105A1B6CB7EE006AF8EE59
:10167000E77ADFED0A5AC3F30803C5EE276A07EEDF
:10168000903AF8EEE77AE7EE257A77EE867A66EE1C
:10169000A76A83E7004402580024744A0000003916
:1016A0000090D0030024744B0024744C5C4B70B445
:1016B000996A9D6ADE6A15F47C7FC5F305125C6B3E
:1016C0005CD0C4F3CC0406F0010601F0030106FB74
:1016D00004F4012907EE904AB8EEE77A7ED0022999
:1016E00075D000294FD007EE902ADFED4E6AF8EE54
:1016F000E77A1B6B86EEA76A9FED4B5AC3F308038C
:1017000006EE903AF7EE005AF8EEE66AE7EE056A62
:1017100076EEA56A66EE266A414AB7EE006A136B5A
:10172000C3F3462307EE103AB8EEC77A70BC37EE23
:10173000067AC6EE877AFCEEE77AC0ED007A136B84
:10174000C3F3064307EE103AB8EEC77A37EE067ACF
:10175000C6EE877AFCEEE77AC0ED017A136BC3F32D
:10176000066307EE903AF8EEE77A77EE867A86EE31
:10177000A77ABCEEC77A80ED027A704770BCC0E9E8
:10178000002282607047196889062ED51C6807EE12
:10179000902A2649F7EE005A1B6BC4F3C102F8EEFB
:1017A000E77A9FED215AC3F30803D14006EE903A41
:1017B00006EE101AF8EEE66AB8EEC66AE7EE056ABB
:1017C00086EE277A76EEA56A66EE876AA4E707EECC
:1017D000902ADFED176AF8EEE77A8AE707EE902A9B
:1017E000DFED146AF8EEE77A83E707EE902A9FEDC3
:1017F0000D5A1B6BB7EE006AF8EEE77ADFED0A5A76
:10180000C3F30803C5EE276A07EE903AF8EEE77ACD
:10181000E7EE257A77EE867A66EEA76A7CE700BF68
:10182000004402580024744C000000390090D0039A
:101830000024744B0024744AA0F580730B4300B558
:1018400085B000F08480A0F500730B4339D0A0F57B
:1018500080630B4300F0E680A0F500630B4300F0CB
:101860008980A0F580530B4361D0A0F500530B4352
:1018700000F01281A0F500230B4300F0A380A0F537
:1018800080330B4300F0FA80A0F580430B4300F057
:101890004381A0F5004050EA010337D1994A136D06
:1018A00003F04053B3F1805F00F08380B3F1005F39
:1018B00000F0568153BB106810F4003044D09248B9
:1018C00042E0904A136D03F4E073802B00F0A58092
:1018D00020D9C02B37D0B3F5807F17D1D36C1168D6
:1018E00003F04053490702D5002B00F0C180854A20
:1018F0001268D00503D5B3F1805F00F00181814A01
:101900001268910302D5B3F1005FD8D0002005B072
:101910005DF804FB002B4CD0402BF7D1106810F081
:10192000006011D001A8FFF745FD01980CE0754A51
:10193000136D03F4E043B3F5005F6ED037D9B3F510
:10194000405F40F08780714805B05DF804FB6D4B47
:101950001B6D03F00703042BD8D801A252F823F023
:10196000031A0108DF190108EF19010847190108D6
:10197000EB190108634A936D03F0E063B3F1007F54
:101980004BD044D9B3F1407FDDD0B3F1806FBDD1EE
:10199000D36C126803F040535207A8D5002BA6D190
:1019A000584B5B481B68C3F3C103D840CCE7002BFE
:1019B00054D1106810F00070C6D001A8FFF776FE71
:1019C0000298C1E74F4A936D03F44033B3F5803F6B
:1019D00000F0D080B3F5003FDAD0002B96D1494B10
:1019E000186810F00060AFD09CE7464A76E7454B98
:1019F000186810F00050A7D001A8FFF799FD0198D2
:101A0000A2E7404B186810F000709DD0D5E7002B7E
:101A1000CFD0B3F1807F81D078E7106810F000500C
:101A200092D0E9E7374A936D03F46003B3F5800F72
:101A3000F3D006D8002BBCD0B3F5001F3FF46EAF37
:101A400064E7B3F5C00F3FF47EAFB3F5000F3FF48A
:101A500045AF5BE7B3F5804F9AD057E7B3F5805FAA
:101A60003FF45CAF52E7106810F004003FF46CAF35
:101A700013682748C3F3C103D84065E7214BDA6CEC
:101A8000D203BFD5186810F000603FF45DAF01A825
:101A9000FFF790FC039857E71A4A136D03F4E0230D
:101AA000B3F5403FDFD010D8B3F5803F58D0B3F541
:101AB000003F18D1134B186810F000503FF444AFAA
:101AC00001A8FFF735FD02983EE7B3F5802F12D04D
:101AD000B3F5A02F7FF41AAF0A4B186810F400304A
:101AE0003FF432AFEBE6002B7FF410AF05B05DF8AA
:101AF00004EBFEF7CDBC106810F480703FF424AF07
:101B0000044821E7004402580024F4000080BB0090
:101B10000090D00300093D00284B9B6D03F0E0438B
:101B2000B3F1405F37D014D8B3F1805F3FD0B3F149
:101B3000005FBFD0002B7FF4E9AEFEF769FC1F4BBE
:101B40001F4A1B6AC3F30213D35C03F01F03D84080
:101B5000FAE6B3F1804F17D0B3F1A04FBCD0D5E671
:101B6000106810F000603FF4EFAE01A8FFF722FC10
:101B70000298E9E6106810F000503FF4E5AE01A8C5
:101B8000FFF7D6FC0398DFE60C4B186810F4807062
:101B90003FF4DAAEB4E7094B186810F004003FF4E4
:101BA000D3AE1B680748C3F3C103D840CCE6034B50
:101BB000186810F000603FF4C7AED6E70044025842
:101BC000A0C201080090D003F8B501680546AB4BF0
:101BD00099421CD02033994219D003F57873994269
:101BE0004ED0203399424BD003F57873994200F0E0
:101BF0002E812033994200F02A81A14B994200F0B6
:101C000028812033994200F024810120F8BD9D4EA7
:101C100095F8913003F0FF02002B38D09A4B9B4A85
:101C20001B68A2FB03230A681B0B22F480329B0073
:101C30000A60002B32D00C68013B14F48034F8D1D8
:101C4000022385F89130EB68012B00F04481022BD0
:101C500015BF032023200227222715BF4FF0010CB8
:101C60004FF0210C00222022AB68013B042B00F234
:101C70006E81DFE813F0E1001C00E8001B00E400C7
:101C800095F89130824E03F0FF02002BC6D1284612
:101C900085F89020F6F714FB2968BFE7D5F8943053
:101CA000012043F04003C5F89430F8BD3A464FF4A4
:101CB00000672B6A3260002B49D0704B994200F0CC
:101CC0001F817448081AB0FA80F04009002840F0DB
:101CD0001781714B994200F021812033994200F025
:101CE0001D816E4B994200F012812033994200F021
:101CF0000E81634B994200F02181694B994200F0BB
:101D00001781AB69B3F5002F00F0EB80AA6A00EBF6
:101D10008000696CB2F1806F4FEA4003286A0CBF03
:101D20000222012200FB02F21202B3FBF2F35D4A2F
:101D3000A2FB0302D20802EB8200A3EB4003092BB3
:101D400008BF013204296A6201D152086A626B68D5
:101D500033F002032B6D40F0B980012B14BF4FF418
:101D600000740024F7F7CCFD696CB0F5005FD5E98D
:101D7000003242EA0102A96C42EA0102E96C42EA3D
:101D80000102E96A42EA0102696942EA0102C0F01D
:101D90009580A96918680A43A96A0A434249014023
:101DA000196029690A4319680A43696A42EA0152BB
:101DB0003E493A4322431A605A68286B1140EA6947
:101DC0000243686B5960024359680A4338495A60B4
:101DD0009A6811406A6E9960E96D98680A43296EA5
:101DE0000A43696D01390A43A96D013942EA0122AA
:101DF00002434FF220009A60D968AA6E0140D96070
:101E0000E96ED8680A43696F42EA0142296F0139D5
:101E100042EA0122194902438B42DA601BD0184A78
:101E2000934218D000230122C5F89430184685F853
:101E3000912085F89030F8BD4FF4806739E702466D
:101E40004FF4006735E762464FF4006731E7194EFB
:101E5000DEE6194EDCE6736C23F00103736495F83B
:101E60003830012BDED1D5E90F23013A43EA0213C2
:101E70007364736C43F001037364D3E70458014047
:101E80000454005800580140580000241BECCB9526
:101E9000005C014024580140045C014004600140A2
:101EA00024540058CDCCCCCC10C005F0F01FFFFF5F
:101EB0000080F8FF0060014000540058A9691868CC
:101EC0000A43244901401960A96A6BE7012B08BF46
:101ED0004FF4007446E7132012274FF0110C102224
:101EE000C2E6696C042930D008291ED06A6D00EB67
:101EF00080004300286A00FB02F2B3FBF2F316E70E
:101F000000214FF48070FFF797FC2968E1E600217B
:101F10004FF40070FFF790FC2968EAE600214FF4C7
:101F20000070FFF789FC2968DBE64FF48072DEE77A
:101F300000214FF40060FFF77FFCE2E600214FF440
:101F40008060FFF779FC2968D7E64022CFE70027B9
:101F5000AFE600BF10C005F8022938B5044635D9F0
:101F6000C81E012830D8002023676064E064E06563
:101F7000A0664FF6FF706067606830F002000CBF2B
:101F80000125002504294FF4003125650CBF0120EF
:101F90000D2021664FF48021A0656166032A13D8C5
:101FA000DFE802F03E4F555C2368474A934205D074
:101FB00002F1C052A2F58232934205D16368012B2F
:101FC00002D1636C002B37D0012038BD002023677D
:101FD0006064E064A066606830F0020014BF012015
:101FE000002020654FF48030E0654FF6FF70606799
:101FF00013F00100E8D149B94FF48020C4E918106A
:10200000032AE1D8DFE802F05546362C60664FF42B
:1020100000302066032AD7D8DFE802F04B3C2C22A0
:1020200080211B014022A1646365E266F7F768FC2A
:1020300094F83830012BB7D02046BDE83840FFF780
:10204000C3BD80225B01A2646365E266EEE7C02146
:102050005B018022A1646365E266E7E7E021F7E7C0
:102060005B08E02080219A01A0645B01E166C4E97D
:102070001523DBE75B08C022802502294FEA831085
:10208000A2644FEA4313E5666065A365CED10823D9
:10209000A366CBE75B08802202294FEA8310A26483
:1020A0004FEA4313E266C4E91503BFD11023A366C8
:1020B000BCE75B08802040215A01A0641B01E16657
:1020C000C4E91523B2E700BF0458014038B590F8C1
:1020D0009030012B61D0324A0546324B12680168BC
:1020E0000120A3FB023285F89000120B0B689200CE
:1020F00023F480330B60F2B10B68013A13F48033A0
:10210000F9D11C460B6823F400330B6095F891302D
:10211000122B2DD095F89130222B14D02A68012053
:102120000021536843F00803536085F8910020466E
:1021300085F8901038BDD5F89430012443F0400361
:10214000C5F89430DEE7D5F884000028E6D0F8F72B
:10215000D3F80028E2D0D5F884305B6D802BDDD039
:10216000D5F89430012443F08003C5F89430D5E7C6
:10217000D5F880000028CDD0F8F7BEF80028C9D0E7
:10218000D5F880305B6D802BC4D0D5F89430012415
:1021900043F08003C5F89430BCE70224204638BDE4
:1021A000580000241BECCB952DE9F8430F4604465C
:1021B0001546F7F78DFB002F61D0B5FA85F84FEA89
:1021C0005818002D5BD094F89130012B5FFA83F9F9
:1021D00050D194F89030012B4CD04346C4F89480F1
:1021E0000646D4F8800065F30F03226884F89090C7
:1021F000394665F31F43A7671C32E3672B46122558
:1022000084F891502E4DC0F8508005642D4DC56363
:102210002D4DC564F7F7CEFE00283ED1636C082B28
:10222000636831D005216122023B012B98BF114622
:10223000226813690B431361136843F4003313607E
:1022400006E0F7F745FB831BB3F57A7F2AD82268AF
:10225000556915F4E025F4D01368DB0303D4136843
:1022600043F4803313600023994684F89030484645
:10227000BDE8F8834FF002094846BDE8F8834FF007
:1022800001094846BDE8F88323F00202012A0BBF8A
:102290001521052171226122C6E7484684F8908005
:1022A000BDE8F883D4F894304FF0030984F89050D7
:1022B00043F040034846C4F89430BDE8F88300BFBB
:1022C00009240108A123010889240108F8B500297F
:1022D0004ED0B2FA82F513466D09002A48D090F824
:1022E00091200446012AD6B23FD190F89020012ACD
:1022F0003BD081670A462946222780F8906063F325
:102300000F01C0F8945063F31F41C167D0F88400F7
:1023100084F891701E4F216807641E4F1C310565BB
:10232000C7631D4FC764F7F745FE20BB636C626847
:10233000082B24D0052161202368023A012A98BF86
:1023400001461A690A431A611A6842F400321A6097
:102350001A68D20303D41A6842F480321A60002348
:102360001E4684F890303046F8BD02263046F8BD4F
:1023700001263046F8BD304684F89050F8BD22F072
:102380000203012B0BBF1521052171206120D3E72A
:10239000792401081524010889240108704700BF29
:1023A00008B5C369806BB3F5807F1BD003684FF01D
:1023B000000C416C1A680829A0F87EC022F4003293
:1023C0001A60426811D06FF0610C6FF00501023A9B
:1023D000012A98BF61461A694FF0010C0A401A6140
:1023E00080F891C0FFF7DAFF08BD22F00201012951
:1023F0000BBF6FF0710C6FF0610C6FF015016FF097
:102400000501E4E7704700BF806B08B5FFF7FAFFEE
:1024100008BD00BF08B5C369806BB3F5807F1BD0D2
:1024200003684FF0000C416C1A68082922F400324E
:102430001A604268A0F87EC011D06FF0610C6FF096
:102440000501023A012A98BF61461A694FF0010C52
:102450000A401A6180F891C0F6F738F808BD22F0FA
:10246000020101290BBF6FF0710C6FF0610C6FF06E
:1024700015016FF00501E4E7806B08B5F5F7EAFF99
:1024800008BD00BF704700BF10B5846BF8F7CAFCE9
:10249000022823D0D4F89420216842F08002134B04
:1024A0001348C4F894201B680A68A0FB030322F4B5
:1024B00000321B0B0A600A689B0022F480320A601B
:1024C0006BB10A68013BD203FAD4012200232046F3
:1024D00084F89120A4F87E30FFF7D4FF10BDD4F823
:1024E000943043F04003C4F89430EEE758000024E1
:1024F0001BECCB9518B338B590F82C3004460D463C
:1025000003F0FF02B3B12146022384F82C3051F8C6
:10251000040B00F099FB62682946206800F0D2FBAA
:10252000084A01210020136843F00043136084F837
:102530002C1038BD80F82D20F2F72EFBE3E70120A8
:10254000704700BF0040005270B590F82C30044630
:10255000022BD8B204D000F0FB06012E01D00120DE
:1025600070BD02230D46206884F82C3000F0F6FB85
:102570002B68022B03D0002084F82C6070BD05234B
:10258000002084F82C3070BD38B590F82C3004460B
:10259000022BD8B205D094F82C30012BDDB201D03B
:1025A000012038BD0223206884F82C3000F0EEFBB7
:1025B000002084F82C5038BD002800F0A58038B5E4
:1025C00090F83D30044603F0FF02002B76D02268DD
:1025D00002234E49B2F1804F84F83D30A2EB010155
:1025E0001368B1FA81F14FEA511127D031BB484845
:1025F000484D824267D000F58060824263D0551B0F
:1026000000F58060B5FA85F582424FEA551563D032
:10261000002D61D1404841498A4218BF824265D0AD
:1026200001F580618A4261D0A06923F08003E168EE
:10263000034313606368D162936223E0354D23F056
:102640007003A068551B0343B5FA85F56D09206931
:1026500023F440730343A06923F080030343136012
:10266000E368D3626368936251B94DB92A492B4B31
:102670009A4218BF8A4203D003F580639A4201D17F
:102680006369136301230020536184F8483084F8A0
:102690003E3084F83F3084F8403084F8413084F88C
:1026A000423084F8433084F8443084F8453084F86C
:1026B000463084F8473084F83D3038BD80F83C20FF
:1026C000F6F7C8F883E7551B23F07003A068B5FA46
:1026D00085F503436D09BAE7A06823F0700303434F
:1026E0000F488242B3D0002DB1D193E7206923F483
:1026F0004073A1690343E06823F080030B436168E2
:102700001360D0629162B1E7012070470000014080
:10271000000400400004014000400140004401402A
:10272000000C004090F83D30012B3DD10268234B56
:102730002349B2F1804F18BF9A4230B40CBF012335
:102740000023204D0224AA4208BF43F0010380F871
:102750003D401D4C8A4208BF43F001031B4801F570
:102760008051A24208BF43F00103824208BF43F0F8
:1027700001038A4208BF43F0010333B900F57050EA
:10278000101AB0FA80F0400998B19168104B0B40D4
:10279000062B0BD0B3F5803F08D01368002043F020
:1027A0000103136030BC704701207047002030BC2B
:1027B0007047136843F001031360F3E70000014022
:1027C0000008004000040040000C004000040140EC
:1027D0000700010090F83D30012B41D10268022131
:1027E000244BB2F1804F18BF9A4230B40CBF012382
:1027F0000023214D214CAA4208BF43F0010380F879
:102800003D10D168A24208BF43F0010304F5806483
:1028100041F001011A48A24208BF43F00103D16010
:10282000824208BF43F0010316498A4208BF43F0C1
:10283000010333B900F57050101AB0FA80F0400966
:1028400098B19168104B0B40062B0BD0B3F5803F2D
:1028500008D01368002043F00103136030BC7047B8
:1028600001207047002030BC7047136843F001031B
:102870001360F3E70000014000040040000800403E
:1028800000040140001800400700010090F83C30AF
:10289000012B00F081800246022370B404680120FD
:1028A00082F83D3082F83C005A4BA5682B40A3606B
:1028B0000B68702B00F09C8025D8502B6ED039D936
:1028C000602B18D1206A4D6820F01000C968206282
:1028D0000020A36923F4704343EA0133216A21F005
:1028E000A001A3614C4B41EA05112162A1680B4094
:1028F00043F06703A3600121002382F83D1082F8B2
:102900003C3070BC7047B3F5005F60D033D94349A9
:102910008B4206D029D942498B4202D010318B42DA
:10292000E9D1A0683C49014000200B4343F0070374
:10293000A360E0E7402B23D1236A256A486823F08F
:102940000A0325F00105CE681843334B2562A169BF
:1029500021F0F00141EA0611A16120620020A16886
:102960000B4043F04703A360C5E723F01001B1F526
:10297000801FC0D1D5E7B3F5805018BF0120BAE75A
:10298000B9D8202BCDD003D9302BCAD00120B2E743
:1029900033F01001AFD1C4E702207047236A256AE3
:1029A000486823F00A0325F00105CE6818431A4B46
:1029B0002562A16921F0F00141EA0611A1612062BE
:1029C0000020A1680B4043F05703A36093E7D1E9CF
:1029D0000153A0682B43CD6820F47F41002043EAD7
:1029E00005230B43A360A36843F48043A36082E7FD
:1029F000D1E90153A0682B43CD6820F47F4100202A
:102A000043EA05230B43A360A36843F07703A36065
:102A100071E700BF8800CEFF8FFFCFFF20001000BE
:102A200030001000704700BF704700BF704700BF04
:102A3000704700BF036870B5DE6805461C69A107D2
:102A400001D5B20754D4620701D573073DD42007DE
:102A500001D5310727D4E30601D5F00610D4E107EC
:102A600001D5F20762D4230652D5300666D460063B
:102A700001D5710673D4A20601D5B3064DD470BD3D
:102A80002B686FF0100228461A6108222A77DB694A
:102A900013F4407F74D1FFF7C5FF2846FFF7C6FF48
:102AA00000232B77DBE72B686FF0080228461A61BA
:102AB00004222A77DB699A075FD1FFF7B3FF284624
:102AC000FFF7B4FF00232B77C5E72B686FF00402F4
:102AD00028461A6102222A779B6913F4407F49D164
:102AE000FFF7A0FF2846FFF7A1FF00232B77AEE7F3
:102AF0006FF002021A61012202779B69990736D1B1
:102B0000FFF790FF2846FFF791FF00232B779AE706
:102B1000E205ACD533061AD4A9E72B686FF0200282
:102B200028461A61BDE8704000F088B82B686FF045
:102B3000010228461A61F5F77DFF94E72B686FF0D4
:102B4000800228461A6100F07BF8E1058FD52B68DA
:102B50006FF4807228461A6100F074F887E72B68DA
:102B60006FF0400228461A61FFF762FF83E7FFF724
:102B70005BFFCAE7FFF758FFB7E7FFF755FFA1E78D
:102B8000FFF752FF8CE700BF90F83C30012B4BD091
:102B900003680246022030B4244D82F83D00AB4267
:102BA00058689C6829D005F58065AB4225D0204D3A
:102BB00020F07000AB4218BFB3F1804F05F580657F
:102BC0000CBF4FF0010C4FF0000CAB4208BF4CF0B3
:102BD000010C05F58065AB4208BF4CF0010C0D6897
:102BE0002843144D5860AB4214BF60464CF00100BE
:102BF00060B91148834209D00DE04D6820F470009F
:102C000028430D6820F0700028435860896824F03C
:102C100080040C439C6000230121184682F83D107B
:102C200082F83C3030BC7047022070470000014001
:102C3000000400400018004000400140704700BF01
:102C4000704700BF704700BF0B6810B4D3B9046869
:102C5000A3F500434A6823401343D1E902422343CA
:102C60001343D1E9044223431343D1E906422343EA
:102C70001343D1E9084223435DF8044B1343036037
:102C8000002070470268D1E9074322F4F84222434A
:102C90004C6A1A430A4B2243026042681340D1E94E
:102CA000014223431343D1E9034223431343D1E9B0
:102CB000054223435DF8044B1343436000207047F3
:102CC0000080FFFF30B40ABB8368D1E9002403F021
:102CD0007043013C013A43EA04131343D1E902244F
:102CE000013A013C43EA022343EA0432D1E90434C5
:102CF0008969013B013C013942EA034343EA045339
:102D000043EA016330BC8360002070478268CC686E
:102D1000114B013C13404A6943EA0433541E43EA11
:102D20000454D1E900258460C3686C1E013A03F0A5
:102D3000704343EA04130C691A438B68013C8969A8
:102D4000013B013942EA032343EA044343EA0163B6
:102D500030BCC36000207047FF0F0FFF10B4D1E9F3
:102D60000034024600692343D1E9021443EA4423B4
:102D7000054C01390440002023435DF8044B43EA2D
:102D800041131361704700BF0000C0FF0246054BAE
:102D9000002010B4546923405DF8044B43EA41011C
:102DA0005161704701C0FFFF84B0844600B583B015
:102DB0000DF1140E8EE80E000A9B012B3ED1826BA2
:102DC000A3F14213119922F4803201298263C2686F
:102DD00003EA0203C360C36823F44013C3607CD0DA
:102DE0000023404A009303E0DCF81030002B41DB65
:102DF000009B01330093009B9342F5D90320079B6E
:102E0000012B16D1DCF85C20374B92B2CCF85C2059
:102E1000DCF85C201343CCF85C30DCF8083043F07D
:102E20000603CCF80830DCF8083043F02003CCF877
:102E3000083003B05DF804EB04B07047C3680021AC
:102E4000284A43F04003C360019103E0DCF81030EE
:102E5000002B2CDB019B01330193019B9342F5D99D
:102E600003200E9BE3B9DCF8383043F48033CCF810
:102E70003830C4E700231B4A0093DCF8103043F0DD
:102E80000103CCF8103004E0DCF8100010F0010071
:102E9000B5D0009B01330093009B9342F4D9ADE77A
:102EA000DCF8383023F48033CCF83830A7E700233F
:102EB0000C4A0193DCF8103043F00103CCF81030D9
:102EC00004E0DCF8100010F00100CAD0019B0133CF
:102ED0000193019B9342F4D9C2E7C36843F4801382
:102EE000C3607DE7400D03000000EE03022A0346A5
:102EF0000BD04FF4105CD968002021F47051D960D8
:102F0000DA6842EA0C02DA607047234A23480A442E
:102F100082422CD9224A23480A4482422AD9224A90
:102F200022480A44824228D9214A22480A4482423D
:102F300026D3214A21480A44824224D9204A2148E2
:102F40000A44824222D3204A20480A448242D0D3F3
:102F50001F4A20480A4482421BD31F4A1F480A4482
:102F6000824234BF4FF4E05C4FF4C05CC3E74FF4DF
:102F7000705CC0E74FF4605CBDE74FF4505CBAE7AB
:102F80004FF4405CB7E74FF4305CB4E74FF4205C9B
:102F9000B1E74FF4005CAEE7405327FFFF340C006D
:102FA000401E1BFF3F420F0000DC0BFF7F4F120053
:102FB000808CF9FE20D6130060B6E5FE5FE31600B4
:102FC00000D3CEFE40771B00C05BB3FEC091210052
:102FD00000CA91FE20753800E05459FEE09C410083
:102FE000034600209A6842F001029A60704700BFD1
:102FF000034600209A6822F001029A60704700BFE1
:1030000038B5C3680129054623F0C043C36017D013
:10301000A1B9C3680C4643F08043C36001E0322C81
:103020000CD001200444F6F759FC6B69DB07F6D499
:10303000A4F13200B0FA80F0400938BD012038BD5B
:10304000C368002443F00053C36001E0322CF5D084
:1030500001200444F6F742FC6B69DA07F6D5A4F1C7
:103060003200B0FA80F04009E7E700BF84B02DE9F4
:10307000F04383B00BAC159D84E80E0000230C4692
:10308000C0F80431C0F80831C0F80C31C0F8103174
:10309000C0F81431C0F81831C0F81C31C0F8203124
:1030A000C0F82431C0F82831C0F82C31C0F83031D4
:1030B000C0F83431C0F83831C0F83C31002D40F050
:1030C000A780D0F8043800F5006C43F00203CCF878
:1030D0000430836B23F400138363036843F04003DD
:1030E0000360036843F0800303600023C0F8003EE0
:1030F000109B012B00F09980DCF8003043F00303B3
:10310000CCF800300023624A009303E00369002BEF
:10311000C0F2A380009B01330093009B9342F5D93A
:10312000012100235A4A019303E00369002BC0F2F6
:103130008380019B01330193019B9342F5D90121C7
:103140000022CCF81020CCF81420CCF81C20DCB1E4
:1031500000F510634FF090484FF0006917464FF6A6
:103160007F3E07E01F6001321F61C3F808E0203393
:10317000944230D01E68002EF4DA12B1C3F80080F9
:10318000F1E7C3F80090EEE7DCF81030002223F4FA
:103190008073CCF810306FF08043826143610D9BE7
:1031A0001BB9836943F0100383618269394B134370
:1031B000119A83611AB1836943F008038361012D79
:1031C00003D18269344B13438361084603B0BDE8E1
:1031D000F04304B07047002200F530634FF0904890
:1031E0004FF0006917464FF67F3E07E01F6001323F
:1031F0001F61C3F808E020339442C5D01E68002E3A
:10320000F4DA12B1C3F80080F1E7C3F80090EEE7FA
:10321000836B00F5006C43F4001383630023C0F854
:10322000003E109B012B7FF467AF0E9B43BBDCF885
:103230000030CCF8003065E70023154A01931023D5
:10324000036103E00369DB067FF57AAF019B01337D
:103250000193019B9342F5D971E700230C4A009337
:103260004FF48463036104E0016911F020013FF42D
:1032700058AF009B01330093009B9342F4D94FE772
:10328000DCF8003043F00103CCF800303AE700BF2F
:10329000400D030000383C800400004082B0002351
:1032A000124A019302E00369002B08DB019B013302
:1032B0000193019B9342F6D9032002B07047890124
:1032C00000230A4A41F020010193016103E00369F0
:1032D00013F0200306D0019B01330193019B93421D
:1032E000F5D9E9E7184602B0704700BF400D03006A
:1032F00082B00023114A019302E00369002B08DB2E
:10330000019B01330193019B9342F6D9032002B044
:10331000704700211023094A0191036103E003690A
:1033200013F0100306D0019B01330193019B9342DC
:10333000F5D9EBE7184602B0704700BF400D030017
:10334000D0F8083813F0060004D013F0020F14BFB1
:1033500002200F20704700BF30B44B780A78012B51
:1033600020D002F00F0C4FF48033D0F81C4800EB53
:10337000421203FA0CF32343C0F81C38D2F8003B86
:103380001B040CD48B68D2F8004BC3F30A030879F2
:103390001449234343EA80431943C2F8001B002029
:1033A00030BC704700F5006402F00F0500EB4210DE
:1033B000AB40E5692B43E361D0F800391C04EED43F
:1033C0008B68D0F80059C3F30A030C7905492B43E5
:1033D00043EA844343EA8252114330BCC0F80019E7
:1033E00000207047008000104A780B78012A00EB1B
:1033F000431C2AD0DCF8002B002A19DB4FF4803262
:1034000003F00F03D0F83C1802FA03F3234A21EA31
:103410000301C0F83C18D0F81C1821EA0303C0F8D7
:103420001C380020DCF8003B1A40CCF8002B704719
:10343000DCF8002B42F00062CCF8002BDCF8002B0B
:1034400042F08042CCF8002BD8E7DCF80029002AB3
:103450000BDADCF8002942F00062CCF80029DCF835
:10346000002942F08042CCF8002903F00F0201232A
:10347000D0F83C1893400A4A21EA0301C0F83C18EE
:10348000D0F81C1821EA0303C0F81C380020DCF82F
:1034900000391A40CCF80029704700BF0078F3EFDC
:1034A000007833EC2DE9F0414B780C78012B45D0B6
:1034B00000EB44139A4E9B4DD3F8107B03F5306C10
:1034C0003E40C3F8106BD3F8106B3540C3F8105B67
:1034D0007CBB0C69002C40F093808C680C62DCF89B
:1034E0001050C4F31204012A44EA0504CCF8104039
:1034F000DCF8104044F40024CCF8104000F0A18027
:103500000A79012A0CD1D0F8082812F4807FD3F868
:10351000002B0CBF42F0005242F08052C3F8002B47
:10352000D3F8002B002042F00442C3F8002BBDE882
:10353000F0810C69002C66D18C68D0E70B6900EB38
:1035400044162BBBD6F810C9012A764F744D0CEAED
:103550000707C6F81079D6F8107947F40027C6F89F
:103560001079D6F8107905EA0705C6F8105906F55E
:1035700010650F7900F0B180D6F800C9012F4CF02A
:10358000044CC6F800C900F088800020BDE8F08136
:10359000D6F810C9624F634D0CEA0707C6F81079D8
:1035A000D6F810793D40C6F8105906F51065002C84
:1035B0004ED18F68BB4200F2A0802F6947F40027EC
:1035C0002F61D5F810C0C3F3120747EA0C072F612B
:1035D0000F79012F4DD0012A00F08A80D6F80029FA
:1035E00042F00442C6F80029002BCED004F00F02AE
:1035F0000124D0F8343894401C43C0F83448C4E760
:103600008C680C616AE78D68012A474E2C4404F1EE
:10361000FF34B4FBF5F4A4B204FB05F506EAC44498
:10362000DCF810600D62C5F3120544EA0604CCF81C
:103630001040DCF8104045EA0405CCF810507FF447
:103640005FAFCA68002A3FF45BAFCCF8142057E79D
:10365000D1F808E0344F03EB0E0CD5F810800CF1D4
:10366000FF3CBCFBFEFC07EACC4747EA08072F619A
:10367000A7E7D5F810C0012A2CF0C04CC5F810C03F
:10368000D5F810C04CF0005CC5F810C038D0D6F8A2
:10369000007947F00447C6F80079D0F8086816F4B6
:1036A000807F2E680CBF46F0005646F080562E6094
:1036B000002A7FF46AAF9BB203339A083FF465AFE8
:1036C000CB6800EB043003EB820100F5805053F827
:1036D000042B8B420260FAD157E7CB695BB9012F0B
:1036E00011D02B68002043F004432B60BDE8F0812B
:1036F000CB69002BF5D06B61F1E73B460F615CE7CE
:10370000CB69002BF7D1D0F8083813F4807F2B68F1
:103710000CBF43F0005343F080532B60E1E700BF40
:103720000000F8FFFFFF07E00000F81F002382B051
:1037300001934B78012B0B7820D000F5306000EB23
:1037400043100368002B02DB002002B070470368BF
:1037500042F2107243F000630360036843F0804359
:10376000036002E00368002BEEDA019B0133019352
:10377000019B9342F6D9012002B0704700F510601A
:1037800000EB43131A68002ADEDA1A6842F210715D
:1037900042F000621A601A6842F080421A6002E049
:1037A0001A68002AD0DA019A01320192019A8A42FB
:1037B000F6D9E0E710B49DF8044064B903339B08E0
:1037C00009D0013201EB830300EB023051F8042BE6
:1037D0008B420260FAD100205DF8044B704700BFB5
:1037E0005FEA920C70B5054602F003061CD000F5A6
:1037F000805E0A4600230133DEF800409C4542F813
:10380000044BF8D101EB8C006EB105F58055731EA9
:103810002A689BB202702BB1110A012B417001D0B2
:10382000120C8270304470BD0846EDE74A780B7880
:10383000012A00EB43100CD0D0F8002B0BB1002A6A
:1038400014DAD0F8003B43F40013C0F8003B00202A
:103850007047D0F80029002A00DB73B9D0F800398E
:1038600043F40013C0F8003900207047D0F8003B43
:1038700023F08043C0F8003BE3E7D0F8003923F0A1
:103880008043C0F80039D0F8003943F40013C0F881
:103890000039E9E74A780B78012A00EB431013D08E
:1038A000D0F8003B23F40013C0F8003B0B79023B37
:1038B000012B01D900207047D0F8003B43F0805322
:1038C000C0F8003B00207047D0F8003923F4001303
:1038D000C0F800390B79023B012BEBD8D0F8003946
:1038E00043F08053C0F800390020704703460901B7
:1038F0000020D3F8002801F4FE6122F4FE62C3F830
:103900000028D3F800281143C3F80018704700BFFF
:1039100003460020D3F8002E03F5006122F00302D5
:10392000C3F8002ED3F8043823F002034B6070472D
:1039300003460020D3F8002E03F5006122F00302B5
:10394000C3F8002ED3F8043843F002034B607047ED
:10395000426980691040704700EB4111D1F80805B9
:10396000D1F80C3518407047D0F81838D0F81C083A
:103970001840000C704700BFD0F81838D0F81C0869
:10398000184080B2704700BF00EB411100F50060A5
:10399000D1F8082B40691040704700BFD0F81028BC
:1039A000D0F8343800EB411001F00F01D0F80809CD
:1039B000CB40DB01DBB2134318407047406900F095
:1039C000010070470346094A002003F5006110B466
:1039D000D3F8004922405DF8044BC3F80029D3F81E
:1039E000043843F480734B60704700BF00F8FFFF5A
:1039F000144B10B4046C9C421AD800F530600023BC
:103A000001290361036943F400230361036943F05F
:103A100018030361036943F0C043036104D14261A9
:103A2000036843F08023036000205DF8044B704777
:103A3000D0F8003B00F53060002BE0DA00205DF8A4
:103A4000044B70470A30544FD0F8002401F00303B0
:103A5000012900F5806C22F00302C0F80024D0F8A0
:103A6000002443EA0203C0F8003409D0022905D13A
:103A700041F270730020CCF8043070470120704789
:103A80004BF680330020CCF804307047D0F8140493
:103A900080B2704700EB4111002310B483B001F5F0
:103AA000A06C0193D1F80035D1F8004582689B0CD9
:103AB000920601D5002C25DA13F0010FD1F800355C
:103AC00043F08043C1F8003521D0D0F8103413F40E
:103AD0007F0FD1F800353AD123F00043C1F800350B
:103AE000D1F8003543F00043C1F8003503E0DCF8BD
:103AF0000030002B06DA019B01330193019BB3F5E3
:103B00007A7FF4D9002003B05DF8044B70478368D6
:103B10009B0625D4C36A13F47F0FD1F8003516D164
:103B200023F00043C1F80035D1F8003543F00043DD
:103B3000C1F8003503E0DCF80030002BE2DA019B2D
:103B400001330193019BB3F57A7FF4D9DAE743F0AF
:103B500000430020C1F8003503B05DF8044B704706
:103B6000D1F80035002043F00043C1F8003503B020
:103B70005DF8044B704700BF10B4002485B0764A4E
:103B800001460194836823F001038360029403E0FB
:103B90000B69002BC0F2BB80029B01330293029B96
:103BA0009342F5D9012000236B4A039303E00B698C
:103BB000002BC0F2BF80039B01330393039B93420E
:103BC000F5D90120D1F8003501F5A06201F5E06CCE
:103BD00023F0802343F08043C1F80035D1F820352D
:103BE00023F0802343F08043C1F82035D1F84035DD
:103BF00023F0802343F08043C1F84035D1F860358D
:103C000023F0802343F08043C1F86035D1F880353C
:103C100023F0802343F08043C1F88035D1F8A035EC
:103C200023F0802343F08043C1F8A035D1F8C0359C
:103C300023F0802343F08043C1F8C035D1F8E0354C
:103C400023F0802343F08043C1F8E035D1F80036FB
:103C500023F0802343F08043C1F80036D1F82036AA
:103C600023F0802343F08043C1F82036D1F840365A
:103C700023F0802343F08043C1F84036D1F860360A
:103C800023F0802343F08043C1F86036D1F88036BA
:103C900023F0802343F08043C1F88036D1F8A0366A
:103CA00023F0802343F08043C1F8A036D1F8C0361A
:103CB00023F0802343F08043C1F8C036D1F8E036CA
:103CC00023F0802343F08043C1F8E036136823F4E7
:103CD000004343F04043136002E01368002B06DA10
:103CE000019B01330193019BB3F57A7FF5D9203213
:103CF0006245EBD14FF0FF33C1F814344B618B6850
:103D000043F001038B6005B05DF8044B7047002061
:103D10004FF48463104A02900B6104E0086910F0CC
:103D200020003FF440AF029B01330293029B934279
:103D3000F4D937E700241023074A03940B6103E00A
:103D40000B69DB067FF53EAF039B01330393039BB7
:103D50009342F5D935E700BF400D030008B588B19F
:103D60000023C0F8B832C0F8C432C0F8D03209B16C
:103D7000C0F8B4120123027080F89C32BDE80840FC
:103D8000F5F720BC054806F0D1FD054806F0CEFD4C
:103D90000A2006F0E3FD032008BD00BF88D7010814
:103DA00090D7010810B5002382B0ADF8063089B174
:103DB000CB6A0446C0F8B81223B10DF1060098474B
:103DC000C4F8D002D4F8D83200200133C4F8D83275
:103DD00002B010BD054806F0A9FD054806F0A6FD95
:103DE0000A2006F0BBFD0320F2E700BF88D70108D8
:103DF000A8D70108F5F758BCD0F8B8320BB11B684A
:103E000018471846704700BF08B5D0F8B8325B684D
:103E10009847002818BF032008BD00BF38B500F23E
:103E2000AA250446284600F007FCB4F8B03294F8FE
:103E3000AA120122C4F8983201F01F03C4F8942298
:103E4000934209D0022B13D063B1204601F08001C8
:103E5000BDE83840F5F756BC29462046BDE8384055
:103E600000F0F8BA29462046BDE8384000F042B9D3
:103E700029462046BDE8384000F02EBB70B5044608
:103E800031B90B46D0F89412032910D0002070BD30
:103E900090F89C32032BF9D1D0F8B8329B69002BF3
:103EA000F4D00022BDE87040C0F8D4221847D0E911
:103EB0005715A94208D890F89C22032A0FD0204613
:103EC00000F02CFC002070BD4B1B11462A469D4281
:103ED000C0F85C3128BF1A4600F016FCD6E7D0F8CF
:103EE000B8221269002AEAD0C0F8D4329047E6E737
:103EF00070B5044659B9D0F89432022B16D094F814
:103F0000A03213B1002384F8A032002070BD90F8D5
:103F10009C32032BF9D1D0F8B8325B69002BF4D076
:103F20000022BDE87040C0F8D4221847D0E9073617
:103F30000D46B34210D81CD094F89C32032B2BD0E2
:103F400080212046F5F7DEFB204600F0F3FB94F8D5
:103F5000A032002BD9D0D5E79B1B1146C3611A466E
:103F600000F0BAFB2B462A4629462046F5F716FCF8
:103F7000C5E782699342DFD8D0F898329A42DBD203
:103F80000A4600F0A9FB2B462A4629462046C4F8DB
:103F90009852F5F703FCB2E7D4F8B832DB68002B8F
:103FA000CED000222046C4F8D4229847C8E700BFEC
:103FB000F8B500210122D0F8B832044680F89C22DE
:103FC0004160C0F89412C0F8A41280F8A0121BB18E
:103FD0005B680BB19847B0B9002740230022012647
:103FE00020461D461146F5F76DFB00222B46802129
:103FF0002046A4F86461C4F86051F5F763FB3846C5
:10400000A6842562F8BD0327E7E700BF034600202A
:104010001974704790F89C220346042A04D090F843
:104020009C22D2B280F89D220422002083F89C2298
:10403000704700BF90F89C32042B04D190F89D3259
:10404000DBB280F89C320020704700BF90F89C22C1
:10405000032A01D00020704708B5D0F8B83213B158
:10406000DB6903B19847002008BD00BFD0F8D42217
:10407000AE3250F822205AB108B590F89C32032B8A
:1040800001D0002008BD136A23B19847002008BD65
:1040900003207047184608BDD0F8D422AE3250F83D
:1040A00022205AB108B590F89C32032B01D0002091
:1040B00008BD536A23B19847002008BD032070470C
:1040C000184608BD002070470121D0F8B82280F8BA
:1040D0009C1242B15268017908B5904708B9002096
:1040E00008BD032008BD0020704700BF00207047B6
:1040F00000207047F0B50C7883B00E46054604F0FA
:104100006004202C0ED0402C0CD0BCB1802128465D
:10411000F5F7F8FA002128460C46F5F7F3FA2046A1
:1041200003B0F0BDD5F8D43231462846AE3355F849
:1041300023309B6803B0BDE8F04018474B78092B4B
:10414000E4D801A252F823F0A9410108D74101089F
:104150000D410108F54101080D4101081742010810
:104160004F4201080D4101088142010871410108D7
:104170008978B34E0129317000F2508190F89C3259
:10418000022BDFB200F00E81032F00F01F8180218F
:104190000324F5F7B7FA00212846F5F7B3FA31788A
:1041A0002846FFF731FEBAE790F89C22013A022A2E
:1041B00026D8CA88022A23D10121D0F8A422C160BE
:1041C0000AB10322C260022205F10C0128461C46F6
:1041D00000F074FAA3E790F89C32013B022B0FD851
:1041E0004B88012B9BD100232846C5F8A43200F050
:1041F00095FA94E74B88012BF6D0022B00F007814B
:1042000080212846F5F77EFA00212846F5F77AFA4C
:10421000204603B0F0BD8B88002BF1D1CB88002B5A
:10422000EED14E887F2EEBD890F89C32032BE7D04E
:10423000F1B280F89E12F5F795FA284600F06EFA72
:10424000002E40F0E080012385F89C3267E70023D0
:104250004A88ADF80630130A013B062BD0D801A1DD
:1042600051F823F00D430108F34201081D430108F2
:104270000142010801420108DF420108A74201088A
:10428000CA88012ABCD190F89C120229CBB200F254
:104290008280002B3FF43AAF0146002341F8083FEB
:1042A00000F00CFA3BE7037C002BA9D1D0F8B83220
:1042B0000DF106001B6B984707234370F288002A14
:1042C00065D0BDF80630002B9AD09A4201462846A8
:1042D00028BF1A46ADF8062000F0F0F91FE7037C6E
:1042E000002B8DD1D0F8B8320DF106005B6B9847EA
:1042F000E4E7037C002B40F09A80D0F8B8320DF14F
:1043000006009B6A984702234370D7E7D0F8B4327F
:104310000DF10601007C1B689847CFE7D2B2052A51
:104320003FF66EAFDFE802F026201A140E03D0F835
:10433000B4329B69002B3FF463AF0DF10601287C7A
:104340009847BBE7D0F8B4325B69002BF5D157E74B
:10435000D0F8B4321B69002BEFD151E7D0F8B4325A
:10436000DB68002BE9D14BE7D0F8B4329B68002B17
:10437000E3D145E7D0F8B4325B68002BDDD13FE7ED
:10438000022341600C4680F89C32FFF73DFD284631
:1043900000F0C4F9C3E6032B7FF4B8AE011D00F0B2
:1043A0008DF9BCE60029F2D001214160FFF724FD20
:1043B0000446002846D080212846F5F7A3F90021BD
:1043C0002846F5F79FF985F89C72A8E60029D7D012
:1043D00041680129DBD0C9B2FFF716FD31782846C4
:1043E0006960FFF709FD06460028D0D080212846E5
:1043F000F5F788F9002128463446F5F783F929793D
:104400002846FFF701FD022385F89C3287E68B885A
:104410001B0A80F8A03200F081F980E68021032495
:10442000F5F770F900212846F5F76CF977E6D0F832
:10443000B8320DF10600DB6A9847022343703DE76E
:1044400040EE0624284600F069F9032385F89C32E3
:1044500065E600BF38B50B780D46044603F06002F0
:10446000402A0BD05B0609D500258021F5F74AF9D3
:1044700020462946F5F746F9284638BD94F89C327F
:10448000013B022B02D8297901290AD98021204633
:10449000F5F738F9002120460D46F5F733F928469F
:1044A00038BD2046FFF722FE90B9D4F8B8329B6899
:1044B00073B12946C4F8D40220469847EB880546D4
:1044C000002BD9D10028D7D1204600F027F9D3E717
:1044D0000325284638BD00BF30B50C468A8883B016
:1044E00005462378D1B203F06003202B1ED0402B69
:1044F0001CD06BB380212846F5F704F9002128462B
:10450000F5F700F9002003B030BD90F89C32022B83
:10451000DAB259D0032AEDD16388002BF2D14B06D1
:104520007ED12846019100F0F9F801992846FFF75D
:10453000DFFD0028E6D1D5F8B832C5F8D4029B6873
:10454000002BDFD02146284603B0BDE83040184795
:104550006378012BD9D0032B24D0002BCAD190F83B
:104560009C32022BD8B238D00328C3D101F00F03FC
:10457000120603EB830305EB83033FD4B3F86431E6
:10458000002BB7D001F07F03142404FB035404F57F
:10459000AA74002B3ED1236002222146284600F057
:1045A0008DF8AFE790F89C32022BDAB20CD0032AD8
:1045B000A0D1638823B9480602D0E388002B36D007
:1045C000284600F0ABF89DE74A0693D0F5F79AF835
:1045D00080212846F5F796F894E748068AD1110617
:1045E0004FF000034FF0020228464CBF05F11401C2
:1045F00005F5AA710B6000F061F883E79B8C002B36
:104600003FF478AF01F07F035C1C04EB840405EBFE
:104610008404BEE72846F5F791F830B10123BAE7E4
:104620000191F5F77DF801997BE72060B4E7284612
:10463000F5F768F8C4E700BF0B7803704B78437058
:104640004B8843808B888380CB88C380704700BFB2
:1046500010B504468021F5F755F800212046BDE845
:104660001040F5F74FB800BF18B3037830B40BB360
:104670000446C0F1010C04EB0C0314F8015FDBB23B
:10468000002DF8D101335B00DCB2138003230C70E2
:104690004B7004785CB1022300255A1CCC540233C1
:1046A000D2B2DBB28D5410F8014F002CF5D130BCE2
:1046B0007047704702242346E7E700BF10B5134652
:1046C00002240A460021C0F89442C0E90633F5F7F7
:1046D00057F8002010BD00BF8C46002108B51346D6
:1046E0006246F5F74DF8002008BD00BF10B513462F
:1046F00003240A460021C0F89442C0E95633F5F776
:104700004DF8002010BD00BF8C46002108B51346AF
:104710006246F5F743F8002008BD00BF002310B53E
:1047200004241A461946C0F89442F5F729F80020E7
:1047300010BD00BF002310B505241A461946C0F865
:104740009442F5F72BF8002010BD00BFD0F880335D
:10475000DB69C3E903127047D0F8C8230132C0F8FF
:10476000C82302780B2A00D07047D0F88033002B82
:10477000FAD09B69184700BF012380F823337047A4
:10478000002380F82333704703460022012110469E
:1047900083F8201383F8212383F82223704700BF76
:1047A00038B501230025044680F8213380F82353CF
:1047B00080F82053F5F71AF82179204600F006F822
:1047C0006179204600F002F8284638BD0A2907D84A
:1047D00000EB8100D0F88833C3F30E03C0F88833B0
:1047E00000207047704700BF012910B506D002298C
:1047F00015D051B1BDE81040FAF708BC0A4634485C
:104800003449FFF7ABFAE8B1FEE7334B0A46334CC5
:10481000334934481C60FFF7A1FA68B1FEE7012272
:104820002C492B48FFF79AFA00B1FEE72E49284899
:10483000FFF7B8FAC0B1FEE72B492A48FFF7B2FAF2
:1048400060B1FEE728492248FFF7ACFA00B1FEE765
:1048500026491F4804F04EFC08B3FEE724492148CE
:1048600004F048FCA8B1FEE72049194804F042FCD6
:1048700000B1FEE71648FFF7BDFA024640B9164BF5
:10488000164C174917481C60FFF768FA68B1FEE735
:10489000FEE71448FFF7AEFA0028ABD0FEE70C485D
:1048A000FFF7A8FA0028A5D0FEE70F490D48FFF74B
:1048B00079FA00B1FEE70E490A4804F01BFC00B18A
:1048C000FEE70848FFF796FA002893D0FEE700BFFE
:1048D00020F10624EC030024FCF30624E54701083C
:1048E000D003002444EE062450040024AC0300242A
:1048F0009803002410B50B4B012A0B4C0846196095
:10490000216006D0022A01D03AB110BD02F0CEFAE1
:104910002068BDE8104002F0CFBABDE8104002F0B8
:10492000C5BA00BFFCF3062400F406240148F9F7D9
:1049300003BC00BF18E106240148F9F7FDBB00BF26
:1049400018E106240148F9F7F7BB00BF18E1062477
:10495000704700BF00214FF47772084810B5084C2B
:10496000C4E90011C4E90211216105F021FF2046CC
:10497000044A0549BDE8104005F03ABA004000304D
:1049800008F4062400000024514901080C4A82B0B2
:104990000C4BD2F8DC1041F04001C2F8DC10D2F828
:1049A000DC2002F040020192019A1A6822F02002F3
:1049B0001A601A6842F004021A6002B0704700BF21
:1049C000004402580018024870B5002304464FF412
:1049D000806204214FF440353448C4F83821C4F8CB
:1049E000D410C4F83431C4F84C113149C4F8B000C3
:1049F000C4F82811C4E92F32C4E93133C4E933358E
:104A0000C4E93733C4E94F33C4E95135C4E95533F8
:104A1000A2680323C4F8D830C4F85031042A0AD855
:104A2000DFE802F01F262D34030055225623C4F878
:104A3000B420C4F82C310022402304F1B005C4F89E
:104A4000B8202846C4F83031F5F746F808B1FFBE63
:104A5000FEE704F594763046F5F73EF8E8B1FFBE80
:104A6000FEE725222623C4F8B420C4F82C31E2E75F
:104A700027222823C4F8B420C4F82C31DBE73D22D8
:104A80003E23C4F8B420C4F82C31D4E75322542375
:104A9000C4F8B420C4F82C31CDE704F12803C4E9EC
:104AA0002865C4F8E830C4F8603170BD40040240A5
:104AB000580402402DE9F04F814683B00E46174658
:104AC0001D4600F12804204603F05CF901288246C7
:104AD000F9D14846FFF778FF8046002835D1EFF33B
:104AE0001083019372B6DFF888B00C9B99F9082007
:104AF000DFF880A0DFF88090CBF800300D9B89F8BC
:104B00000020CAF800300DB11846A847BAB23146A5
:104B1000204602F0C9FC30B9019B03B962B6404699
:104B200003B0BDE8F08F0023CBF80030CAF80030A6
:104B3000FF2389F800300C9B8BB101210D9888462A
:104B40009847019B002BEAD1E8E70C9B53B1D04674
:104B50000D9851469847404603B0BDE8F08F4FF09E
:104B60000108D9E7D046404603B0BDE8F08F00BF4A
:104B70003CFE062444FE062440FE06242DE9F04FA8
:104B8000814683B00E4617461D4600F12804204694
:104B900003F0F8F801288246F9D14846FFF714FFE0
:104BA0008046002835D1EFF31083019372B6DFF809
:104BB00088B00C9B99F90820DFF880A0DFF880907E
:104BC000CBF800300D9B89F80020CAF800300DB1F9
:104BD0001846A847BAB23146204602F025FD30B942
:104BE000019B03B962B6404603B0BDE8F08F0023D5
:104BF000CBF80030CAF80030FF2389F800300C9B56
:104C00008BB101210D9888469847019B002BEAD172
:104C1000E8E70C9B53B1D0460D9851469847404663
:104C200003B0BDE8F08F4FF00108D9E7D046404609
:104C300003B0BDE8F08F00BF3CFE062444FE06240E
:104C400040FE06242DE9F04F814683B00F461646FC
:104C5000984600F12804204603F094F80128FAD180
:104C600082464846FFF7B0FE0546002838D1EFF3EC
:104C70001083019372B699F90830DFF88890DFF855
:104C800088B089F800300D9BDFF880A0CBF80030A9
:104C90000E9BCAF800300C9B0BB10E9898471FFA78
:104CA00088F33A463146204602F088FD30B9019B30
:104CB00003B962B6284603B0BDE8F08F0023CBF8F5
:104CC0000030CAF80030FF2389F800300D9B8BB10B
:104CD00001210E980D469847019B002BEAD1E8E789
:104CE0000D9B4BB155460E9851469847284603B048
:104CF000BDE8F08F0125DAE75546284603B0BDE848
:104D0000F08F00BF40FE06243CFE062444FE06242D
:104D10002DE9F041022286B000260446056904967A
:104D2000CDE90226D0E90272BF000AB3022D00F0DD
:104D3000C8802078B5FA85F50126D4F820800B28A4
:104D40004FEA551521D1A0780B2801D0002E3AD179
:104D500020790B2801D0002D5ED1A079B8F1000F89
:104D600002D00B2840F08480002006B0BDE8F0811E
:104D700035F002032078D4F820800CBF01260026ED
:104D8000023D18BF01250B28DDD0764B617853F822
:104D900027301A780B2A02D0904200F09A80DA78F5
:104DA00003F1030C0B2A02D0824200F0A2809A7910
:104DB00003F1060C824202D10B2A40F0A0800120B0
:104DC00006B0BDE8F0817A1C664BE17853F82230DA
:104DD0001A780B2A02D0904200F09A80DA78DE1C12
:104DE0000B2A02D0904200F0AC809A799E1D90422E
:104DF000E5D10B2AE3D0DB798B42E0D133469B78B7
:104E00000A28059340F28980002001238B4001A9E4
:104E10000193F6F709F89BE7BA1C524B617953F8F6
:104E200022301A780B2A01D090427AD0DA78DD1C31
:104E30000B2A02D0904200F08A809A799D1D904200
:104E4000BDD10B2ABBD0DB798B42B8D12B469B78E6
:104E50000A28059369D9002001238B4001A90193F9
:104E6000F5F7E2FFA079B8F1000F7FF47AAF7BE7A6
:104E70003C4B0337E47953F827301A780B2A01D0DA
:104E8000904256D0DA78D91C0B2A01D0904264D0D7
:104E90009A79991D904292D10B2A90D0DB79A34246
:104EA0008DD10B469B780A28059346D90020012313
:104EB00001A9A3400193F5F7B7FF002006B0BDE8B4
:104EC000F08100780125D4F820800B283FF440AF12
:104ED0005BE75A788A427FF462AF9B780A28059391
:104EE00012D9002001238B4001A90193F5F79CFF03
:104EF00029E71A798A427FF45AAF6346EDE7DB79F6
:104F00008B427FF45CAFF8E7174B03EB8020E9E7B7
:104F10005A788A427FF462AF71E7134B03EB80202B
:104F200073E75A788A4281D191E70F4B03EB8020D7
:104F300092E75A78A242A5D1B4E70B4B03EB80204D
:104F4000B5E71A798A427FF450AF334657E71A79AA
:104F50008A427FF472AF2B4679E71A79A24297D141
:104F60000B469FE7C4D7010800000258B04A036807
:104F7000934200F05F83A2F57842934200F05C8395
:104F800002F58062934200F0598302F57842934221
:104F900000F0568302F5E052934200F05383A54A95
:104FA000934240F051830521A34B10B54FF4D074C8
:104FB000B2B001FB04F41A5D1C440A2A19D8DFE8D8
:104FC00012F02B03AB02B902C902D702E502F302C9
:104FD00001030F031D030B00984AD2F8E00040F4D0
:104FE0008060C2F8E000D2F8E02002F480623192E2
:104FF000319AA2780A2A19D8DFE812F0E200F0000C
:10500000FE000C0122013001CA01D801E601F401C1
:105010000B008A4AD2F8E00040F48060C2F8E00059
:10502000D2F8E02002F480622692269A22790A2A97
:1050300019D8DFE812F0E501F30101020F021D02A9
:105040002B0239024702550263020B007B4AD2F859
:10505000E00040F48060C2F8E000D2F8E02002F402
:1050600080621B921B9AA2790A2A19D8DFE812F0F3
:1050700020012E013C014A015801660174018201A0
:10508000040112010B006D4AD2F8E00040F4806088
:10509000C2F8E000D2F8E02002F480621092109A88
:1050A0004FF4D07202FB01339B68052B11D8DFE867
:1050B00003F0192F455B7103604BD3F8F42042F0E5
:1050C0002002C3F8F420D3F8F43003F02003059352
:1050D000059B2046FFF71CFE012801D032B010BD11
:1050E000FFBEFEE7554B00222320D3F8F01041F419
:1050F0008051C3F8F0101146D3F8F03003F4805318
:105100000093009BEFF758F92320EFF793F9E0E7BE
:105110004A4B00222420D3F8E81041F48041C3F820
:10512000E8101146D3F8E83003F480430193019B63
:10513000EFF742F92420EFF77DF9CAE73F4B002251
:105140003320D3F8E81041F40041C3F8E8101146C9
:10515000D3F8E83003F400430293029BEFF72CF9F5
:105160003320EFF767F9B4E7344B00225420D3F82B
:10517000F01041F40051C3F8F0101146D3F8F030AC
:1051800003F400530393039BEFF716F95420EFF752
:1051900051F99EE7294B00225520D3F8F01041F435
:1051A0008011C3F8F0101146D3F8F03003F48013E7
:1051B0000493049BEFF700F95520EFF73BF988E7DC
:1051C0001E4AD2F8E00040F00100C2F8E000D2F838
:1051D000E02002F001021C921C9A27E7174AD2F83D
:1051E000E00040F00200C2F8E000D2F8E02002F057
:1051F00002021D921D9A19E7104AD2F8E00040F011
:105200000400C2F8E000D2F8E02002F004021E928E
:105210001E9A0BE7094AD2F8E00040F00800C2F8F5
:10522000E000D2F8E02002F008021F921F9AFDE68B
:1052300000300140001400581CF4062400440258B9
:10524000C34AD2F8E00040F01000C2F8E000D2F803
:10525000E02002F010022092209AE7E6BC4AD2F841
:10526000E00040F02000C2F8E000D2F8E02002F0B8
:1052700020022192219AD9E6B54AD2F8E00040F402
:105280008070C2F8E000D2F8E02002F480720E9242
:105290000E9A05E7AE4AD2F8E00040F40070C2F87A
:1052A000E000D2F8E02002F400720F920F9AF7E6C5
:1052B000A74AD2F8E00040F00100C2F8E000D2F8BE
:1052C000E02002F001020692069AE9E6A04AD2F82E
:1052D000E00040F00200C2F8E000D2F8E02002F066
:1052E00002020792079ADBE6994AD2F8E00040F002
:1052F0000400C2F8E000D2F8E02002F004020892B4
:10530000089ACDE6924AD2F8E00040F00800C2F8D0
:10531000E000D2F8E02002F008020992099ABFE604
:105320008B4AD2F8E00040F01000C2F8E000D2F85A
:10533000E02002F010020A920A9AB1E6844AD2F8FA
:10534000E00040F02000C2F8E000D2F8E02002F0D7
:1053500020020B920B9AA3E67D4AD2F8E00040F0BF
:105360004000C2F8E000D2F8E02002F040020C92C7
:105370000C9A95E6764AD2F8E00040F08000C2F838
:10538000E000D2F8E02002F080020D920D9A87E64C
:105390006F4AD2F8E00040F04000C2F8E000D2F8D6
:1053A000E02002F040022292229A3FE6684AD2F8B8
:1053B000E00040F08000C2F8E000D2F8E02002F007
:1053C00080022392239A31E6614AD2F8E00040F449
:1053D0008070C2F8E000D2F8E02002F480722492DB
:1053E000249A23E65A4AD2F8E00040F40070C2F84A
:1053F000E000D2F8E02002F400722592259A15E62A
:10540000534AD2F8E00040F00100C2F8E000D2F8C0
:10541000E02002F001021192119A24E64C4AD2F8DF
:10542000E00040F00200C2F8E000D2F8E02002F014
:1054300002021292129A16E6454AD2F8E00040F0B3
:105440000400C2F8E000D2F8E02002F00402139257
:10545000139A08E63E4AD2F8E00040F00800C2F88D
:10546000E000D2F8E02002F008021492149AFAE563
:10547000374AD2F8E00040F01000C2F8E000D2F85D
:10548000E02002F010021592159AECE5304AD2F8AD
:10549000E00040F02000C2F8E000D2F8E02002F086
:1054A00020021692169ADEE5294AD2F8E00040F072
:1054B0004000C2F8E000D2F8E02002F0400217926B
:1054C000179AD0E5224AD2F8E00040F08000C2F8F6
:1054D000E000D2F8E02002F080021892189AC2E5AB
:1054E0001B4AD2F8E00040F48070C2F8E000D2F825
:1054F000E02002F480721992199AB4E5144AD2F8A5
:10550000E00040F40070C2F8E000D2F8E02002F4BD
:1055100000721A921A9AA6E50D4AD2F8E00040F0FD
:105520000200C2F8E000D2F8E02002F00202289265
:10553000289A5EE5064AD2F8E00040F00400C2F87E
:10554000E000D2F8E02002F004022992299A50E506
:10555000004402583E4AD2F8E00040F00800C2F889
:10556000E000D2F8E02002F008022A922A9A40E5F0
:10557000374AD2F8E00040F01000C2F8E000D2F85C
:10558000E02002F010022B922B9A32E5304AD2F83A
:10559000E00040F02000C2F8E000D2F8E02002F085
:1055A00020022C922C9A24E5294AD2F8E00040F0FF
:1055B0004000C2F8E000D2F8E02002F040022D9254
:1055C0002D9A16E5224AD2F8E00040F08000C2F899
:1055D000E000D2F8E02002F080022E922E9A08E538
:1055E0001B4AD2F8E00040F48070C2F8E000D2F824
:1055F000E02002F480722F922F9AFAE4144AD2F833
:10560000E00040F40070C2F8E000D2F8E02002F4BC
:1056100000723092309AECE40D4AD2F8E00040F08B
:105620000100C2F8E000D2F8E02002F00102279267
:10563000279ADEE40021B7E40121B5E40221B3E4B6
:105640000321B1E40421AFE400231B78FFDE00BF97
:10565000004402582DE9F043002289B01B4B012180
:105660000DF1040C9E461A4B0791E146E046674651
:105670000EF11C060EF138050EF15404CDE901229D
:10568000CDE90322CDE90522FF221A70BCE80F0004
:10569000AEE80F009CE807008EE80700B9E80F00AD
:1056A0000FC69CE8070086E80700B8E80F000FC5A2
:1056B0009CE8070085E807000FCF0FC49CE80700AF
:1056C00084E8070009B0BDE8F08300BF380100247A
:1056D00040FE0624014802F04BBA00BF44F4062401
:1056E000014802F045BA00BFE4F50624014802F083
:1056F0003FBA00BF84F70624014802F039BA00BF60
:1057000024F90624014802F033BA00BFC4FA062483
:1057100010B5EFF3108472B6084B1A78120602D552
:1057200004B962B610BD1B784FF4D07204485BB266
:1057300002FB0300B030F5F721F8F1E740FE062444
:105740001CF4062410B5EFF3108472B6094B1A78D6
:10575000120602D504B962B610BD1B784FF4D072A0
:1057600005485BB202FB030000F59470F5F706F8FC
:10577000F0E700BF40FE06241CF406242DE9F041AA
:1057800084B0EFF3108772B6284AFF21284C1368C3
:10579000217023B100211160264A106898472378B0
:1057A0001B061CD5DFF894800025234E4446216853
:1057B00079B162686AB1A369012B22D0A3B9636988
:1057C0003046019323690093E3682289FFF7D6F9F5
:1057D00018B301351C3406F5D076042DE7D107B98E
:1057E00062B604B0BDE8F081D4E90430CDE90130FF
:1057F000E068238900903046FFF724FA0028E8D1BA
:105800000BE0D4E904301146CDE900303046E368BE
:105810002289FFF74FF90028DBD1C5EBC50508EB5E
:10582000850348F825005860D9E700BF3CFE0624F0
:1058300040FE062444FE06241CF4062438010024FD
:105840002DE9F04184B0EFF3108772B6284AFF21AA
:10585000284C1368217023B100211160264A10687A
:10586000984723781B061CD5DFF894800025234E2B
:105870004446216879B162686AB1A369012B22D0DC
:10588000A3B963693046019323690093E3682289D1
:10589000FFF774F918B301351C3406F5D076042DE2
:1058A000E7D107B962B604B0BDE8F081D4E90430AD
:1058B000CDE90130E068238900903046FFF7C2F956
:1058C0000028E8D10BE0D4E904301146CDE90030DE
:1058D0003046E3682289FFF7EDF80028DBD1C5EBFD
:1058E000C50508EB850348F825005860D9E700BFD7
:1058F0003CFE062440FE062444FE06241CF4062436
:10590000380100242DE9F04184B0EFF3108772B61E
:10591000284AFF21284C1368217023B1002111600F
:10592000264A1068984723781B061CD5DFF8948018
:105930000025234E4446216879B162686AB1A369A3
:10594000012B22D0A3B963693046019323690093E8
:10595000E3682289FFF712F918B301351C3406F504
:10596000D076042DE7D107B962B604B0BDE8F08166
:10597000D4E90430CDE90130E06823890090304655
:10598000FFF760F90028E8D10BE0D4E904301146B4
:10599000CDE900303046E3682289FFF78BF8002814
:1059A000DBD1C5EBC50508EB850348F82500586039
:1059B000D9E700BF3CFE062440FE062444FE062430
:1059C0001CF40624380100242DE9F04184B0EFF3E3
:1059D000108772B601F094FC284A294CFF21136805
:1059E00021702BB1002111600121264A10689847CF
:1059F00023781B061CD5DFF894800025224E4446F0
:105A0000216879B162686AB1A369012B22D0A3B978
:105A100063693046019323690093E3682289FFF7A5
:105A2000ADF818B301351C3406F5D076042DE7D156
:105A300007B962B604B0BDE8F081D4E90430CDE91D
:105A40000130E068238900903046FFF7FBF800281A
:105A5000E8D10BE0D4E904301146CDE900303046FE
:105A6000E3682289FFF726F80028DBD1C5EBC505DE
:105A700008EB850348F825005860D9E73CFE06246A
:105A800040FE062444FE06241CF4062438010024AB
:105A90005E4B00226FF0F411022030B40824DA616A
:105AA0005862C3F8BC21C3F8C401C3F85C23C3F82F
:105AB0006403C3F8E014C3F8E414C3F8F444C3F86F
:105AC000F824C3F8FC24C3F80405C3F88016C3F80F
:105AD0008416C3F89446C3F89826C3F89C26C3F8E6
:105AE000A406C3F820184A4DC3E90542C3E96D4234
:105AF000C3E9D542C3E90011C3E96811C3E9D01174
:105B0000C3F824184349C3F83448C3F83828424C32
:105B1000C3F83C28C3F844080A888B783F482372AE
:105B2000E280C28003723E4C3E48E280A0F803202F
:105B300023724371C28003723B4C3C480968E28087
:105B40002372A0F803203A4C4371C2800372394893
:105B5000E2802372A0F80320374C4371C2800372A5
:105B6000080C2180EA802B72A070A4F803206371D6
:105B7000E2802372314C2180A070A4F8032063716D
:105B8000E28023722E4C2180A070A4F80320637160
:105B9000E28023722B4C2180A070A4F80320637153
:105BA000E2802372284C2180A070A4F80320637146
:105BB000E2802372254C2180A070A4F80320637139
:105BC000E2802372224C2180A070E2802372A4F82C
:105BD000032063711F4C21801F49A070E2801F4881
:105BE0002372A1F803204B71CA800B72A4F8032022
:105BF0001B4963711B4CC280E28023720372A1F8BF
:105C000003204B71CA800B7230BC70471CF4062411
:105C1000FC000024C0D70108C0000024B400002408
:105C200078000024E4000024CC00002408010024B3
:105C3000F0000024900000240CFE0624F4FD06244D
:105C400000FE0624DCFD062430FE062418FE062491
:105C500024FE0624E8FD06242C0100242001002453
:105C60009C000024140100241F4BC1680268F0B599
:105C7000D3F88C5083B00369ADB24D1BA2B1AB42D7
:105C800012D00446866811D2F018E91ACDE9001046
:105C9000F3F742F80023DDE90010D4E90062B047D1
:105CA000E3682561AB421BD003B0F0BDF018C91A00
:105CB000CDE90001F3F730F80023DDE90001D4E974
:105CC0000072B84730462946F3F726F800233046DD
:105CD000626829462668B047E3682561AB42E3D194
:105CE0000023236103B0F0BD000002402DE9F84F0E
:105CF00004460F4690461E4600F13405284602F041
:105D000049FB2028FAD14FF480630020C4F8D83032
:105D1000C4F850314FF44033C4F8D400C4F8E8302C
:105D2000C4F860314E4BC4F8E400C4F8C83003F541
:105D30007A73C4F8EC00C4F840314023C4F8D000B2
:105D4000C4F84831E369C4F84C01C4F85C01C4F8F4
:105D50006401C4E93700C4E95500072B0BD8DFE81C
:105D600003F061535A373E454C045123C4F8CC30FC
:105D70005223C4F8443104F5A0794846F3F7ACFE49
:105D800008B1FFBEFEE7C4F8B090C4F87851EFF355
:105D9000108972B6DFF8D0B094F91C30DFF8CCA0CF
:105DA0008BF800300A9B2F4CCAF800300B9B236005
:105DB0000EB11846B0471FFA88F23946284601F05E
:105DC000E5FFB0BBB9F1000F00D162B6BDE8F88FB6
:105DD0003F23C4F8CC304023C4F84431CBE74123FF
:105DE000C4F8CC304223C4F84431C4E74723C4F894
:105DF000CC304823C4F84431BDE74F23C4F8CC303D
:105E00005023C4F84431B6E72B23C4F8CC302C23FC
:105E1000C4F84431AFE72D23C4F8CC302E23C4F8A6
:105E20004431A8E72923C4F8CC302A23C4F84431EC
:105E3000A1E7FF238BF800300023CAF8003023606D
:105E40000A9B3BB10B98012198470120B9F1000F43
:105E5000BCD1BAE70120B9F1000FB7D1B5E700BF57
:105E600088000240C80D0724C40D0724C00D072474
:105E70002DE9F84F04460F4690461E4600F13405C2
:105E8000284602F087FA2028FAD14FF480630020D8
:105E9000C4F8D830C4F850314FF44033C4F8D400BB
:105EA000C4F8E830C4F860314E4BC4F8E400C4F8DC
:105EB000C83003F57A73C4F8EC00C4F840314023CD
:105EC000C4F8D000C4F84831E369C4F84C01C4F800
:105ED0005C01C4F86401C4E93700C4E95500072B2C
:105EE0000BD8DFE803F061535A373E454C04512389
:105EF000C4F8CC305223C4F8443104F1C8094846F0
:105F0000F3F7EAFD08B1FFBEFEE7C4F8B490C4F8A9
:105F10000051EFF3108972B6DFF8D0B094F91C305D
:105F2000DFF8CCA08BF800300A9B2F4CCAF8003069
:105F30000B9B23600EB11846B0471FFA88F2394612
:105F4000284602F0D5FEB0BBB9F1000F00D162B611
:105F5000BDE8F88F3F23C4F8CC304023C4F8443167
:105F6000CBE74123C4F8CC304223C4F84431C4E722
:105F70004723C4F8CC304823C4F84431BDE74F234D
:105F8000C4F8CC305023C4F84431B6E72B23C4F80E
:105F9000CC302C23C4F84431AFE72D23C4F8CC30E7
:105FA0002E23C4F84431A8E72923C4F8CC302A238F
:105FB000C4F84431A1E7FF238BF800300023CAF86E
:105FC000003023600A9B3BB10B98012198470120C8
:105FD000B9F1000FBCD1BAE70120B9F1000FB7D178
:105FE000B5E700BF88000240C80D0724C40D072490
:105FF000C00D07242DE9F0410D4682B0EFF3108764
:1060000072B6002948D1FF23254A264C2370136815
:106010002BB1002029461060234A10689847237846
:106020001B0625D5DFF888800025204E444605E074
:1060300001351C3406F5DC76092D19D0A369012B36
:106040001BD0002BF4D1216830460029F0D06369C1
:10605000019323690093E3682289FFF709FF002871
:10606000E6D1C5EBC50508EB850348F82500586067
:1060700007B962B602B0BDE8F08161680029D7D0E7
:1060800063693046019323690093E3682289FFF72F
:106090002DFE0028CCD1E4E702F0A4FDB3E700BF59
:1060A000C00D0724C40D0724C80D072448FE06248C
:1060B000A8010024F0B5002387B00222044604930F
:1060C000CDE90223C369007E5D000B2821D1A07EAB
:1060D0000B2802D1002007B0F0BD454A6B1C454992
:1060E00052F823304D780A781978E47E8A424CD0F1
:1060F00088425AD0D978DE1C91424ED088426DD069
:1061000099799E1D8A4265D088426CD0012007B0E3
:10611000F0BD374B374953F825300A7891F801E044
:10612000197894F819C08A4222D0884225D0D978AB
:10613000DE1C8A4225D0884233D099799E1D8A423E
:1061400027D08842E2D1DB796345DFD133469B78A3
:106150000A28059308D90020012301A903FA0CF3AA
:106160000193F4F761FEB2E7234B03EB8020F3E7E2
:106170005E787645DBD08842D9D159786145D6D151
:10618000E5E71F797745D6D1D7E75E78AE42AFD144
:10619000B0E7DA797245D4D1B8E71F79AF42ADD113
:1061A000AEE719796145C8D1D0E75978A142A1D1AC
:1061B0009B780A28059309D90020012301A9A3404F
:1061C0000193F4F731FE002007B0F0BD0A4B03EB5A
:1061D0008020F2E7DA79AA4296D197E71979A142AD
:1061E0008ED13346E4E7DB79A3428FD13346DFE734
:1061F000C0020024BC02002400000258B34A036815
:10620000934270B5A4B000F03D82A2F54C42934297
:1062100000F03A8202F58062934200F0378202F584
:106220008062934200F0348202F58062934200F073
:10623000338202F54442934200F02C82A2F51C42C4
:10624000934200F02B8202F58062934200F0288294
:106250009F4A934240F0268208259E4C4FF4DC7002
:1062600000FB0540837E0A2B19D8DFE813F0B70145
:10627000C501D301E101EF01FD017F018D019B010A
:10628000A9010B00944BD3F8E02042F48062C3F8DC
:10629000E020D3F8E03003F480631E931E9B037E5E
:1062A0000A2B19D8DFE813F0380146015401CB005E
:1062B000D900E700F50003011C012A010B00864B01
:1062C000D3F8E02042F48062C3F8E020D3F8E03055
:1062D00003F480631393139B4FF4DC7303FB0543B8
:1062E000DB69082B13D8DFE803F03A485664728064
:1062F0008E9C0500784BD3F8F42042F00802C3F8D6
:10630000F420D3F8F43003F008030893089BFFF758
:10631000D1FE012801D1FFBEFEE74FF4DC7324AAB1
:106320006E4E0DF17C0C03FB0544E36902EB430563
:106330000FCEACE80F0033680022ACF800301146F5
:1063400035F9140CEEF738F8E36924AA02EB43039D
:1063500033F9140C24B0BDE87040EEF76BB85E4B17
:10636000D3F8F02042F01002C3F8F020D3F8F03058
:1063700003F010030093009BC9E7574BD3F8E820C4
:1063800042F40032C3F8E820D3F8E83003F40033D5
:106390000193019BBBE7504BD3F8E82042F48022E5
:1063A000C3F8E820D3F8E83003F480230293029B7B
:1063B000ADE7494BD3F8E82042F40022C3F8E820C7
:1063C000D3F8E83003F400230393039B9FE7424B89
:1063D000D3F8E82042F48012C3F8E820D3F8E8307C
:1063E00003F480130493049B91E73B4BD3F8F02014
:1063F00042F02002C3F8F020D3F8F03003F020037D
:106400000593059B83E7344BD3F8E82042F08042A4
:10641000C3F8E820D3F8E83003F080430693069BE6
:1064200075E72D4BD3F8E82042F00042C3F8E8208E
:10643000D3F8E83003F000430793079B67E7264B48
:10644000D3F8E02042F00802C3F8E020D3F8E030AF
:1064500003F008030C930C9B3EE71F4BD3F8E0209E
:1064600042F01002C3F8E020D3F8E03003F010034C
:106470000D930D9B30E7184BD3F8E02042F020023B
:10648000C3F8E020D3F8E03003F020030E930E9B16
:1064900022E7114BD3F8E02042F04002C3F8E0209D
:1064A000D3F8E03003F040030F930F9B14E70A4B3F
:1064B000D3F8E02042F08002C3F8E020D3F8E030C7
:1064C00003F080031093109B06E700BF001001400B
:1064D000000C005848FE06240044025840BF010842
:1064E000724BD3F8E02042F48072C3F8E020D3F876
:1064F000E03003F480731193119BEDE66B4BD3F8FE
:10650000E02042F40072C3F8E020D3F8E03003F456
:1065100000731293129BDFE6644BD3F8E02042F045
:106520000102C3F8E020D3F8E03003F0010309933F
:10653000099BD1E65D4BD3F8E02042F00202C3F89C
:10654000E020D3F8E03003F002030A930A9BC3E68D
:10655000564BD3F8E02042F00402C3F8E020D3F811
:10656000E03003F004030B930B9BB5E64F4BD3F8DD
:10657000E02042F04002C3F8E020D3F8E03003F01E
:1065800040031A931A9B8AE6484BD3F8E02042F066
:106590008002C3F8E020D3F8E03003F080031B93BF
:1065A0001B9B7CE6414BD3F8E02042F48072C3F899
:1065B000E020D3F8E03003F480731C931C9B6EE65C
:1065C0003A4BD3F8E02042F40072C3F8E020D3F84D
:1065D000E03003F400731D931D9B60E6334BD3F84A
:1065E000E02042F00102C3F8E020D3F8E03003F0ED
:1065F00001031493149B52E62C4BD3F8E02042F095
:106600000202C3F8E020D3F8E03003F00203159350
:10661000159B44E6254BD3F8E02042F00402C3F872
:10662000E020D3F8E03003F004031693169B36E61F
:106630001E4BD3F8E02042F00802C3F8E020D3F864
:10664000E03003F008031793179B28E6174BD3F8A5
:10665000E02042F01002C3F8E020D3F8E03003F06D
:1066600010031893189B1AE6104BD3F8E02042F061
:106670002002C3F8E020D3F8E03003F020031993A0
:10668000199B0CE60025E8E50125E6E50225E4E591
:106690000325E2E50525E0E50425DEE50625DCE544
:1066A0000725DAE500239B7EFFDE00BF0044025889
:1066B0002DE9F04F91B0002301223F490DF1240A4A
:1066C00009938B4601F11C09CAF8143001F138080E
:1066D000CDF800A001F15407CDF804A001F1700637
:1066E000CDF808A001F18C05CDF80CA001F1A804AB
:1066F000CDF810A001F1C40ECDF814A001F1E00C0A
:10670000CAE90133CAE903330F92FF222B4BCDE9CB
:1067100006AA1A70BAE80F00ABE80F009AE8070063
:10672000009B8BE807009B46BBE80F00A9E80F0021
:106730009AE80700019B89E807009946B9E80F002D
:10674000A8E80F009AE80700029B88E8070098462F
:10675000B8E80F000FC79AE80700039B87E8070017
:106760001F460FCF0FC69AE80700049B86E8070074
:106770001E460FCE0FC59AE80700059B85E8070067
:106780001D460FCD0FC49AE80700069B84E807005A
:106790001C460FCCAEE80F00079B9AE807001C468A
:1067A0008EE807000FCCACE80F009AE807008CE8F1
:1067B000070011B0BDE8F08FA8010024C40D072424
:1067C00010B5094C04F1340001F0C6FB237D1BB168
:1067D000636BDB69DB0600D410BD2046FFF744FA8B
:1067E000636B10221A6210BD48FE062410B50B4CD4
:1067F00004F5F67001F0B0FB94F8CC3123B1D4F875
:10680000EC31DB69DB0600D410BD04F5DC70FFF76A
:106810002BFAD4F8EC3110221A6210BD48FE06247F
:1068200010B50B4C04F5697001F096FB94F88433B5
:1068300023B1D4F8A433DB69DB0600D410BD04F522
:106840005C70FFF711FAD4F8A43310221A6210BD5D
:1068500048FE062410B50B4C04F25C5001F07CFBA2
:1068600094F83C3523B1D4F85C35DB69DB0600D401
:1068700010BD04F5A560FFF7F7F9D4F85C351022D8
:106880001A6210BD48FE062410B50B4C04F21470B9
:1068900001F062FB94F8F43623B1D4F81437DB69C5
:1068A000DB0600D410BD04F5DC60FFF7DDF9D4F899
:1068B000143710221A6210BD48FE062410B50B4C86
:1068C00004F6CC0001F048FB94F8AC3823B1D4F8BE
:1068D000CC38DB69DB0600D410BD04F69800FFF766
:1068E000C3F9D4F8CC3810221A6210BD48FE062431
:1068F00010B50B4C04F6842001F02EFB94F8643A9A
:1069000023B1D4F8843ADB69DB0600D410BD04F56A
:106910002560FFF7A9F9D4F8843A10221A6210BD55
:1069200048FE062410B50B4C04F63C4001F014FB65
:1069300094F81C3C23B1D4F83C3CDB69DB0600D462
:1069400010BD04F60840FFF78FF9D4F83C3C102244
:106950001A6210BD48FE062410B50B4C04F6F45024
:1069600001F0FAFA94F8D43D23B1D4F8F43DDB6990
:10697000DB0600D410BD04F55C60FFF775F9D4F8B0
:10698000F43D10221A6210BD48FE062410B5EFF344
:10699000108472B6084B1A78120602D504B962B692
:1069A00010BD1B784FF4DC7204485BB202FB03009D
:1069B000C830F3F7E3FEF1E7C40D072448FE0624D0
:1069C00010B5EFF3108472B6094B1A78120602D58F
:1069D00004B962B610BD1B784FF4DC7205485BB297
:1069E00002FB030000F5A070F3F7C8FEF0E700BF5C
:1069F000C40D072448FE06240021FFF7FBBA00BFA0
:106A0000214A036893422BD0A2F54C42934229D0ED
:106A100002F58062934227D002F58062934225D02E
:106A200002F58062934223D002F54442934221D082
:106A3000A2F51C4293421FD002F5806293421DD002
:106A4000124A93421CD108224FF4DC71104B01FB17
:106A50000233197D11B11846FFF706B9FFF7CABA1C
:106A60000022F1E70122EFE70222EDE70322EBE744
:106A70000422E9E70522E7E70622E5E70722E3E744
:106A800000231B7DFFDE00BF00100140000C0058FA
:106A900048FE0624204A0368934229D0A2F54C42BE
:106AA000934227D002F58062934225D002F580629E
:106AB000934223D002F58062934221D002F54442F2
:106AC00093421FD0A2F51C4293421DD002F5806272
:106AD00093421BD0114A93421AD1082310484FF415
:106AE000DC7202FB0300037D03B97047FFF7BCB8FB
:106AF0000023F3E70123F1E70223EFE70323EDE7A8
:106B00000423EBE70523E9E70623E7E70723E5E7A7
:106B100000231B7DFFDE00BF00100140000C005869
:106B200048FE0624214A036893422BD0A2F54C422A
:106B3000934229D002F58062934227D002F5806209
:106B4000934225D002F58062934223D002F544425D
:106B5000934221D0A2F51C4293421FD002F58062DD
:106B600093421DD0124A93421CD108224FF4DC718B
:106B7000104B4FF0000C01FB0233012183F814C0CD
:106B8000FFF738BA0022F1E70122EFE70222EDE732
:106B90000322EBE70422E9E70522E7E70622E5E71F
:106BA0000722E3E700231B75FFDE00BF0010014052
:106BB000000C005848FE06245A4B0122002147F6DB
:106BC000122030B46FF0F4141A6259629C61C3F859
:106BD000D041C3F88843C3F84045C3F84825C3F8FB
:106BE0004C15C3F85425C3F85805C3F8F846C3F844
:106BF0000027C3F80417C3F80C27C3F81007C3F81D
:106C0000B048C3F8B828C3F8BC18C3F8C428C3F800
:106C1000C808C3F8684A444DC3E90B20C3E976218C
:106C2000C3E97920C3E9E421C3E9E720C3F8702A66
:106C3000C3F8204CC3F8D84D3C4CC3F8741AC3F8C1
:106C40007C2AC3F8800AC3F8282CC3F82C1CC3F88C
:106C5000342CC3F8380CC3F8E02DC3F8E41DC3F896
:106C6000EC2D2188A278C3F8F00D314B3148A3F800
:106C700003105A71D9801A722F4B2A72E980A3F837
:106C800003102E4D5A71D9801A722D4BE9802A7249
:106C9000A0F803104271C1800272A3F803105A7168
:106CA000D98020681A72040C264B274D1880A3F84F
:106CB00003105A71D9801A729C70244BE980A3F892
:106CC00003105A71D9801A72214B2A72A3F803104B
:106CD0005A71D9801A721F4B18809C70A3F8031048
:106CE0005A71D9801A721C4B18809C70A3F803103B
:106CF0005A71D9801A72194B18809C701848A3F8E1
:106D000003105A71D9801A72164BA0F80310427101
:106D1000C1800272A3F803105A71D9801A7230BC74
:106D2000704700BF48FE062450030024BC02002424
:106D3000680300245C03002480030024440300242F
:106D400074030024F00D07242C0300248C0300247A
:106D500038030024CC0D0724E40D0724D80D0724A4
:106D6000B0020024A4020024704700BF0020704736
:106D700070B50446074E0D463046214602F0D4F960
:106D8000304602F0DDF9044B204629461B6898473F
:106D9000002070BD44EE0624FC2D072470B5044687
:106DA000074E0D463046214602F0BEF9304602F04D
:106DB000C7F9044B204629461B689847002070BD40
:106DC00020F10624002E072400220949094808B5AD
:106DD00002F09CF90849074802F0A6F9074B1A6827
:106DE0000AB1002008BD064A00201A6008BD00BF95
:106DF000FC1D072444EE0624FC0D0724FC2D07246B
:106E0000696D010800220949094808B502F07EF9B8
:106E10000849074802F088F9074B1A680AB10020B0
:106E200008BD064A00201A6008BD00BFFC250724E3
:106E300020F10624FC150724002E0724696D0108A3
:106E400020280AD0212806D1094B18689A889B79F6
:106E500008608A808B7100207047054B0868B1F884
:106E600004C08A7918600020A3F804C09A717047A2
:106E7000C003002420280AD0212806D1094B186815
:106E80009A889B7908608A808B7100207047054B37
:106E90000868B1F804C08A7918600020A3F804C01B
:106EA0009A717047C803002400207047014B186096
:106EB000704700BFFC2D0724014B1860704700BFCE
:106EC000002E0724122301480B8070471C04002465
:106ED000122301480B807047080400240423014852
:106EE0000B8070473004002410B5044C0A46044857
:106EF0002146FDF7B9FB204610BD00BF042E072434
:106F000024D8010810B5044C0A4604482146FDF770
:106F1000ABFB204610BD00BF042E072434D8010867
:106F200010B5044C0A4604482146FDF79DFB204657
:106F300010BD00BF042E072448D8010810B5044C2A
:106F40000A4604482146FDF78FFB204610BD00BFCE
:106F5000042E072454D8010810B5044C0A460448EE
:106F60002146FDF781FB204610BD00BF042E0724FB
:106F700064D80108042301480B80704730040024C2
:106F800010B5044C0A4604482146FDF76DFB204627
:106F900010BD00BF042E072424D80108464A4FF034
:106FA0001A0CD2F80008D2F80838A1F800C0C318AB
:106FB00001D142487047180FB3F1204FD2F804189E
:106FC0004FF0000C3D4A2CBF3730303082F803C000
:106FD0004FF0000C9070C3F3036082F805C04FF0CF
:106FE000000C092882F807C04FF0000C8CBF373026
:106FF000303082F809C04FF0000C1071C3F3035019
:1070000082F80BC04FF0000C092882F80DC08CBF2D
:10701000373030309071C3F3034009288CBF3730CC
:1070200030301072C3F3033009288CBF3730303052
:107030009072C3F3032009288CBF373030301073AF
:10704000C3F3031003F00F0309288CBF373030302F
:10705000092B90734FF0000094BF30333733B1F1F8
:10706000204FD07313744FEA11734FF000002CBF00
:1070700037333033507400209374C1F30363D074FA
:107080000020092B50754FF000008CBF3733303390
:10709000D0751375C1F303530848092B8CBF3733E0
:1070A00030339375C1F30343092B94BF3033373327
:1070B000137600235376704700E0F11F3404002458
:1070C000464A4FF01A0CD2F80008D2F80838A1F856
:1070D00000C0C31801D142487047180FB3F1204FC8
:1070E000D2F804184FF0000C3D4A2CBF3730303036
:1070F00082F803C04FF0000C9070C3F3036082F875
:1071000005C04FF0000C092882F807C04FF0000CB2
:107110008CBF3730303082F809C04FF0000C10714E
:10712000C3F3035082F80BC04FF0000C092882F81B
:107130000DC08CBF373030309071C3F30340092845
:107140008CBF373030301072C3F3033009288CBF46
:10715000373030309072C3F3032009288CBF3730AA
:1071600030301073C3F3031003F00F0309288CBFF2
:1071700037303030092B90734FF0000094BF30331C
:107180003733B1F1204FD07313744FEA11734FF0BE
:1071900000002CBF37333033507400209374C1F398
:1071A0000363D0740020092B50754FF000008CBF92
:1071B00037333033D0751375C1F303530848092BA7
:1071C0008CBF373330339375C1F30343092B94BF1E
:1071D00030333733137600235376704700E0F11FC6
:1071E0003404002410B5044C0A4604482146FDF737
:1071F0003BFA204610BD00BF042E072454D80108D6
:1072000010B5044C0A4604482146FDF72DFA2046E5
:1072100010BD00BF042E072448D80108034688B1DA
:1072200090F83D20022A03D0802201209A66704700
:1072300002680421002083F83D10D36823F0010385
:10724000D36070470120704703682C495A6910B415
:107250009C6944F008049C619C6944F010049C61A2
:107260001C6824F001041C601C69214019619968A4
:1072700021F44041996090F88110042901D09106D1
:1072800030D490F88110032901D054061FD4910501
:1072900009D5D0F8841041F00101C0F88410996933
:1072A00041F400719961D20509D5D0F8842042F0EB
:1072B0000802C0F884209A6942F480729A6100231F
:1072C0005DF8044BA0F86230A0F86A307047D0F83F
:1072D000841041F00401C0F88410996941F0400124
:1072E0009961D4E7D0F8841041F08001C0F884108F
:1072F000996941F020019961C3E700BF90FCFFFF4D
:10730000002800F0C980664A00212DE9F84303688F
:1073100004468162934217D0A2F57842934213D07B
:1073200002F580629342C26800F0AE800F2A08D84E
:10733000C06B02F108014509C90805FB01110829C4
:1073400016D90120BDE8F883E268E06B02F108017C
:10735000534E4509C90805FB0111524DAB4218BFF8
:10736000B34203D005F58065AB4201D11029E8D8BE
:1073700094F8811001F0FF0500297AD04FF0000841
:107380000221A769A56B84F88110B7F1806F196895
:1073900021F001011960996801F4F81C616858D066
:1073A00011F4800901D0062A49D8D3F800E02EF460
:1073B000807EC3F800E0666B42EA08023743666AE3
:1073C00037432669374366693743266A3743E66C95
:1073D0003743A6683743A66C3743E6693243104308
:1073E000A26D3A4340EA0C000A4398601543DD6001
:1073F000B9B99A6822F4C05242F400629A609A685D
:1074000022F4C06242F480629A601A6D22F0010296
:107410001A6500200123C4F8840084F88130BDE897
:10742000F8831A6D22F001021A65B9F1000FF0D04D
:10743000DA68616D22F000420A43DA60E9E7D3F8C6
:1074400000E0266D2EF4807E4EEA060EC3F800E0C2
:10745000B1E7B1F5800F06D00029A1D1B5F1805F69
:1074600002D08946A1E7CDB91E6846F480561E6059
:1074700096E7204684F88050FDF778FD2368E2689F
:10748000D4F82880E06B7BE7C06B02F10801450966
:10749000C90805FB011169E701207047894682E7A9
:1074A0000030014000380040F8B590F88030012BE2
:1074B00000F0928090F88130154601220446DEB239
:1074C000934280F880206BD1002964D0B5FA85F30F
:1074D0005B09002D5FD003224366A0F8683080F876
:1074E0008120C0F88430A0F86250A0F86A300268A9
:1074F000C165A0F86050C0E91C338368B3F5C02FA4
:1075000065D0D36823F4C02343F40033D360E36829
:10751000A06F0F2B4AD98369B3F5804F3BD13E4F03
:10752000203252F8183C07643C4F23F40043C763F1
:107530003B4FC7640027076542F8183CB4F8623037
:107540009BB2F2F737FD002849D1A36F354ADB69BA
:10755000B3F5807F2368596802EA010218BF2A4305
:107560005A609A68616842F40042B1F5800F9A60EF
:107570001A6942F448721A611A6842F001021A60EC
:1075800003D11A6842F400721A6000231E4684F880
:1075900080303046F8BD002384F880303046F8BD96
:1075A0000023022680F880303046F8BD072B83691F
:1075B00021D8B3F5005F27D0B3F5804FAFD1B4F831
:1075C00062309BB203339B08A4F86230A7E71368CC
:1075D00043F4006313609AE702263046F8BDD4F8FE
:1075E0008430012284F8807043F01003C4F88430A2
:1075F00084F88120D2E7B3F5804F05D0B3F5005F62
:10760000C9D1B3F5804F8AD1B4F862309BB201334F
:107610005B08A4F8623082E74D7A0108D17901084D
:10762000797A01080000FFFFF8B590F88030012B4F
:1076300000F0968090F88130154601220446DEB2B3
:10764000934280F880206AD1002963D0B5FA85F38F
:107650005B09002D5ED00422A0F86030416680F8FE
:107660008120C0F88430A0F86A50A0F86230A0F8F9
:107670006850C0E91C338368B3F5C02F03686AD033
:10768000DA6822F4C02242F48022DA60E2680F2A2B
:107690004BD9E06F8269B2F5804F3BD19A6822F4F2
:1076A00080429A60414F0A4603F13001B4F86A30D3
:1076B00007643F4F9BB2C7633E4FC764002707650F
:1076C000F2F778FC00284ED1E36F3B4ADB69B3F553
:1076D000807F2368596802EA010218BF2A435A6072
:1076E0009A68616842F48042B1F5800F9A601A6925
:1076F00042F450721A611A6842F001021A6003D112
:107700001A6842F400721A6000231E4684F8803022
:107710003046F8BD002384F880303046F8BD0023A1
:10772000022680F880303046F8BD072A27D89A68AC
:10773000E06F22F480429A608269B2F5005F2DD03A
:10774000B2F5804FAED1B4F86A2092B203329208FB
:10775000A4F86A20A6E71A6822F400621A6095E786
:1077600002263046F8BDD4F88430012284F88070B7
:1077700043F01003C4F8843084F88120CDE7E06F33
:107780008769B7F5804F02D0B7F5005FC2D19A681C
:10779000B7F5804F22F480429A6083D1B4F86A2012
:1077A00092B201325208A4F86A207BE75D7A0108A0
:1077B000F9790108797A01080000FFFF2DE9F84303
:1077C0001D4690F88030012B00F083800123044691
:1077D00080F8803090F88130012BDEB251D1002D3D
:1077E00018BF002A47D0B1FA81F35B09002942D0C3
:1077F000C165A0F8605001684266A0F86850C0E911
:107800001C33052084F88100C4F88430A4F8625049
:10781000A4F86A50CB6823F4C023CB608B6823F4B0
:1078200040438B60E3680F2B32D9E06F8369B3F577
:10783000804F20D1624F4FF00008B4F86A303031E9
:107840000764DFF888919BB25E4FC0F84C90C76325
:10785000C0F85080F2F7AEFB074600283DD0D4F8C0
:107860008430012284F8808043F01003C4F884300F
:1078700084F8812002E0002384F880303046BDE89F
:10788000F8830023022680F880303046BDE8F88374
:10789000072B5DD8A36F9B69B3F5005F78D0B3F574
:1078A000804F06D1B4F862309BB203339B08A4F832
:1078B0006230E06F8369B3F5005F61D0B3F5804F4C
:1078C000B8D1B4F86A309BB203339B08A4F86A308D
:1078D000B0E702263046BDE8F8832268A06F9368BF
:1078E0002032E16D43F4804342F8183CB4F8623032
:1078F000C0F84C909BB20765C0E90F77F2F75AFBCE
:1079000000284DD1A36F304ADB69B3F5807F23682F
:10791000596802EA010218BF2A435A609A686168EE
:1079200042F40042B1F5800F9A601A6942F458722D
:107930001A611A6842F001021A6004D000231E4640
:1079400084F880309AE71A6842F400721A60F5E70A
:10795000E06F8369B3F5804F02D0B3F5005F8AD141
:10796000A76FBF69B7F5804F06D1B4F86270BFB298
:1079700001377F08A4F86270B3F5804F7FF45AAFE7
:10798000B4F86A309BB201335B08A4F86A3051E75F
:10799000B4F862309BB201335B08A4F8623088E728
:1079A000E06FF2F7A9FCD4F88430012284F88070EB
:1079B00043F01003C4F8843084F881205EE700BFF0
:1079C0006D7A0108217A01080000FFFF797A010829
:1079D000806B08B590F88130072B09D0836FDB6985
:1079E000B3F5807F05D00268136943F00803136183
:1079F00008BDFDF7C3FE08BD806B08B590F8813067
:107A0000072B09D0C36FDB69B3F5807F05D002680F
:107A1000136943F00803136108BDFDF711FF08BDAA
:107A2000806B08B590F88130072B09D0836FDB6934
:107A3000B3F5807F05D00268136943F00803136132
:107A400008BDFDF75FFF08BD704700BF806B08B53C
:107A5000FFF7FAFF08BD00BF704700BF806B08B595
:107A6000FFF7FAFF08BD00BF704700BF806B08B585
:107A7000FFF7FAFF08BD00BF10B5846BF3F7D2F92A
:107A8000022800D110BD236830495A69986940F036
:107A900008009861986940F010009861186820F01B
:107AA00001001860186901401961996821F440418A
:107AB000996094F88110042901D091063AD494F881
:107AC0008110032901D0500629D4910509D5D4F895
:107AD000841041F00101C4F88410996941F40071E7
:107AE0009961D20509D5D4F8842042F00802C4F87F
:107AF00084209A6942F480729A6100230122204610
:107B0000A4F86230A4F86A30D4F8843043F010034B
:107B1000C4F8843084F88120FDF756FF10BDD4F8F6
:107B2000841041F00401C4F88410996941F04001C7
:107B30009961CAE7D4F8841041F08001C4F8841038
:107B4000996941F020019961B9E700BF90FCFFFFFE
:107B500008B5806B00230122A0F86A30A0F86230DB
:107B600080F88120FDF730FF08BD00BF704700BFDF
:107B7000036819695A692DE9F0419F6801EA020515
:107B800090F8816012050446F6B202D5090700F1AB
:107B9000D28005F06402042A3ED005F04502012A95
:107BA00044D005F02602022A00F0DC802A075CD5CA
:107BB0009A6942F008029A619A6942F010029A6149
:107BC0009A6942F400629A611A6922F008021A6105
:107BD0009A6812F4404F33D1B4F86A2092B27AB363
:107BE000616E0EE02268126B41F8042B6166B4F8F6
:107BF0006A20013A92B2A4F86A20B4F86A2092B2DC
:107C0000F2B1E2680F2AEDD8072A40F2A3801A8E5B
:107C100021F8022B6166EAE72046636F9847236FDD
:107C20002046984705F04503012B02D1236F2046DB
:107C3000984705F02605022D00F09480BDE8F081FC
:107C40002046FFF701FB012384F88130D4F884300B
:107C5000002B7CD1052E00F08A80042E00F08A8053
:107C6000032EEBD1FDF78AFDE8E715F4587FE5D048
:107C70006E0609D5D4F8842042F00402C4F88420AA
:107C80009A6942F040029A61A80509D5D4F8842087
:107C900042F00102C4F884209A6942F400729A61A9
:107CA000E90509D5D4F8842042F00802C4F88420FC
:107CB0009A6942F480729A61AA0609D5D4F88420A0
:107CC00042F08002C4F884209A6942F020029A614E
:107CD000D4F88420002AB1D0196807F44047274A15
:107CE00021F00101B7F5404F1960196902EA01025C
:107CF0001A6128D19A68E06F22F440429A6050B12C
:107D00001F4B0365F2F770FC28B1D4F8843043F0C0
:107D10004003C4F88430A06F00288FD0184B03654F
:107D2000F2F762FC002889D0D4F8843043F0400395
:107D3000C4F8843082E79A6942F400629A61FFF7DE
:107D400015FFBDE8F0810123204684F88130FDF75E
:107D50003BFE73E7226892F830200A70616E0131B1
:107D6000616644E7636F2046BDE8F0411847FDF7C0
:107D7000C9FD63E7FDF764FD60E700BF94FCFFFF0A
:107D8000517B010890F88100704700BF70B5D0F8B2
:107D90008860202E31D171B3B2FA82F56D0952B3E9
:107DA0002123A0F856200446C0F890500165A0F8A1
:107DB0005420C0F88830C06F60B105651346134D7C
:107DC0002268C563124D28320564124DC564F2F76E
:107DD000F1F8A0B922684023136202F1080353E8C6
:107DE000003F43F0800302F1080040E80031002921
:107DF000F3D1002070BD012070BD022070BD1023A2
:107E00000120C4F89030C4F8886070BD197E010864
:107E1000617E01086D7E010808B5C369806BB3F50A
:107E2000807F18D000230268A0F8563002F10803C2
:107E300053E8003F23F0800302F1080040E80031DE
:107E40000029F3D152E8003F43F0400342E80031FB
:107E50000029F7D108BDFEF7CFFD08BD704700BF70
:107E6000806B08B5FFF7FAFF08BD00BF806B0368A1
:107E7000D0F8881010B5D0F88C409A68120601D559
:107E800021290DD09A68520601D5222C23D0D0F892
:107E9000903043F01003C0F89030FEF743FE10BD61
:107EA0000022A0F8562053E8002F22F0C00243E839
:107EB00000210029F7D103F1080252E8002F22F433
:107EC000000203F1080C4CE800210029F3D1202224
:107ED000C0F88820D6E70022A0F85E2053E8002FE3
:107EE00022F4907243E800210029F7D1134C03F1EA
:107EF000080252E8002F224003F1080C4CE8002150
:107F00000029F4D1C26E012A06D000232022436743
:107F1000C0F88C20C366BAE753E8002F22F01002A5
:107F200043E800210029F0D053E8002F22F010028E
:107F300043E800210029EFD1E7E700BFFEFFFFEF94
:107F400008B5806B0023A0F85E30A0F85630FEF72D
:107F5000E9FD08BD704700BF036840F60F0CDA6901
:107F600012EA0C0F70B51D680446996800F0218173
:107F7000B14EB24805EA060C08405CEA000640F043
:107F80008980E06E012822D0D00202D54E0200F195
:107F90003981100606D501F4000105F08000014387
:107FA00040F02881510667D56E0665D553E8002F4D
:107FB00022F0400243E800210029F7D120220023CB
:107FC0002046C4F88820A367FEF716FD70BDD006D2
:107FD000DAD5EE06D8D510221A629A68550640F115
:107FE0003C81D4F8800001684A6892B2002AEDD042
:107FF000B4F85C109142E9D9A4F85E20C269B2F5E8
:10800000807F2FD053E8002F22F4807243E80021B4
:108010000029F7D103F1080252E8002F22F00102F3
:1080200003F1080545E800210029F3D103F1080216
:1080300052E8002F22F0400203F1080545E8002134
:108040000029F3D12022C4F88C20E16653E8002FE8
:1080500022F0100243E800210029F7D1F2F74CF991
:10806000B4F85C10022320462367B4F85E30C91AC6
:1080700089B2FFF76FFF70BD100202D5690000F1F1
:10808000E780D301A2D5002DA0DA2046BDE87040DC
:1080900000F054BED60709D5EE0507D501261E62AD
:1080A000D4F8906046F00106C4F89060960740F15D
:1080B0009280CE070AD502261E62D4F8906046F060
:1080C0000406C4F89060560700F18B8016070BD5A4
:1080D00005F02006304307D008201862D4F890003D
:1080E00040F00800C4F8900016050AD5680108D5CC
:1080F0004FF400601862D4F8900040F02000C4F8FB
:108100009000D4F8900000283FF460AF96060BD59D
:1081100005F0200501F0805155EA010204D0626F9C
:1081200012B1204690472368D4F890509A6805F021
:10813000280502F04002154300F0C58053E8002FE7
:1081400022F4907243E800210029F7D13C4803F162
:10815000080252E8002F024003F1080545E800211B
:108160000029F4D1E26E012A54D000222021C4F863
:108170008C10E266996862674D0665D503F10802C6
:1081800052E8002F22F0400203F1080040E80021ED
:108190000029F3D1D4F88000002855D0294B03657D
:1081A000F2F722FA00283FF411AFD4F88000036DF3
:1081B0000EE096067FF5E5AE05F0200601F0805C46
:1081C00056EA0C063FF4DDAE436F002B3FF4FEAEE3
:1081D000BDE87040184756077FF578AFCE077FF5AA
:1081E00075AF04261E62D4F8906046F00206C4F80B
:1081F00090606BE7A36F002B3FF4E8AE2046BDE82C
:10820000704018474FF4801220461A62BDE8704053
:1082100000F092BD53E8002F22F0100243E8002145
:108220000029A2D053E8002F22F0100243E80021D9
:108230000029EFD199E700BF2001000401000010E0
:10824000FEFFFFEF417F01082046FEF76BFC70BD8B
:108250002046BDE8704000F073BDB4F85E00B4F88D
:108260005C10B4F85E20091A92B289B2002A3FF479
:10827000ADAE00293FF4AAAE53E8002F22F490726D
:1082800043E800200028F7D1124D03F1080252E81C
:10829000002F2A4003F1080646E800200028F4D108
:1082A00020226067C4F88C20E06653E8002F22F09B
:1082B000100243E800200028F7D10223204623675C
:1082C000FFF748FE70BD2046FEF72CFCC4F8905026
:1082D00070BD00BFFEFFFFEF806B08B50123036791
:1082E000C36E012B02D0FEF7D5FB08BDB0F85C10C1
:1082F0004908FFF72FFE08BD08B5C369806BB3F5C9
:10830000807F29D000220368A0F85E2053E8002F68
:1083100022F4807243E800210029F7D103F108021A
:1083200052E8002F22F0010203F1080C4CE8002172
:108330000029F3D103F1080252E8002F22F0400295
:1083400003F1080C4CE800210029F3D12022C0F8E9
:108350008C20C26E012A07D000230367C36E012B55
:1083600013D0FEF74DFB08BD53E8002F22F010029A
:1083700043E800210029EFD053E8002F22F010023B
:1083800043E800210029EFD1E6E7B0F85C10FFF7E1
:10839000E1FD08BDD0F88820D0F88C00104370476C
:1083A0000169826803680A43C04930B545690446DB
:1083B000C06987B02A431D6802432940BC4D0A4367
:1083C000E168AB421A605A6822F4405242EA010264
:1083D000A1695A6000F0E080226A9D681143B54AA5
:1083E0002A40656A11439960DA6A22F00F022A4333
:1083F000DA62B14A934223D0B04A934276D0B04A6F
:10840000934200F08F81AF4A934200F0E181AE4A7F
:10841000934200F02181AD4A934200F0E381AC4ADF
:10842000934200F03482AB4A934200F0E78101208E
:1084300000234FF001126367A266A36707B030BD47
:10844000A54B5B6D03F03803282BF0D8A34AD35C0F
:10845000B0F5004F55D0202B00F24A81202BE6D8F2
:1084600001A252F823F000BFA7860108A1860108E7
:108470002F8401082F840108918601082F840108A8
:108480002F8401082F840108838601082F840108A6
:108490002F8401082F8401082F8401082F840108EC
:1084A0002F8401082F8401086D8601082F8401089C
:1084B0002F8401082F8401082F8401082F840108CC
:1084C0002F8401082F8401082F8401082F840108BC
:1084D0002F8401082F8401082F8401082F840108AC
:1084E0002F8401082F840108118801087A4B5B6DE5
:1084F00003F00703052B9AD8794AB0F5004FD35CF7
:10850000A9D1202B00F24581202B90D801A252F84E
:1085100023F000BF7B880108758801082F840108BB
:108520002F840108818801082F8401082F84010805
:108530002F840108638801082F8401082F84010813
:108540002F8401082F8401082F8401082F8401083B
:108550002F8401084F8801082F8401082F84010807
:108560002F8401082F8401082F8401082F8401081B
:108570002F8401082F8401082F8401082F8401080B
:108580002F8401082F8401082F8401082F840108FB
:108590002F8401088B8801089868464A02404E489B
:1085A0000A439A60DA6A616A22F00F020A43DA62C9
:1085B000836D03F00703052B3FF639AF494AD35CBF
:1085C000202B00F2B980012B7FF631AF023B1E2B2E
:1085D0003FF62DAF01A252F823F000BF45880108F5
:1085E0002F8401083B8801082F8401082F8401088B
:1085F0002F840108298801082F8401082F8401088D
:108600002F8401082F8401082F8401082F8401087A
:108610002F840108158801082F8401082F84010880
:108620002F8401082F8401082F8401082F8401085A
:108630002F8401082F8401082F8401082F8401084A
:108640002F8401082F8401082F8401082F8401083A
:108650002F8401084B8801081F4B5B6D03F0070353
:10866000052B3FF6E4AE204AD35CF1E61A4B1A68BC
:10867000920640F1C1801B681C48C3F3C103D84077
:108680003BE003A8F8F754FF049838B90020CFE680
:108690006846F8F78FFE01980028F7D0656A2CE04D
:1086A000F7F73EFFF1E7F7F7F3FEEEE7F369FFCFE9
:1086B000000C0058FFF4FF1100100140004400407E
:1086C00000480040004C00400050004000140140B1
:1086D00000780040007C00400044025878D801082F
:1086E000A4D80108ACD80108A4D801080090D00390
:1086F000402B7FF49CAE4FF400406C4B4FF6EF7173
:10870000626833F81530B0FBF3F303EB5203B3FBAD
:10871000F2F3A3F110028A423FF689AE22680020EC
:10872000D36085E6624B5B6D03F00703052B3FF6D4
:108730007EAE604AD35C8BE6402B7FF478AE4FF47C
:1087400000405A4B656833F8112005EB4501B0FB3A
:10875000F2F399423FF66BAEB3EB053F3FF667AEDF
:1087600000231946E7F7D8FF2A460902030241EA27
:108770001061680818184FF0000341F10001E7F795
:10878000CBFF4D4AA0F54071034691423FF64FAEF4
:10879000C4E7402B7FF44BAE444B626833F81510AE
:1087A0005308B0FBF1F003EB40004FF6EF73B0FB62
:1087B000F2F0A0F110029A423FF639AE20F00F031A
:1087C000C0F3420022689BB203430020D3602FE62F
:1087D000374B5B6D03F00703052B3FF628AE374A96
:1087E000D35C35E6324B5B6D03F03803282B3FF644
:1087F0001EAE334AD35C2BE632487EE72C4B5B6DD2
:1088000003F00703052B3FF612AE2F4AD35C1FE699
:108810002E4872E7264B1A68900642D51B682948F5
:10882000C3F3C103D8408CE703A8F8F781FE04988E
:1088300000283FF42BAF616A83E76846F8F7BAFD7A
:108840000198F5E7F8F7A4FDF2E7204879E7184B1F
:108850001A68910627D51B681A48C3F3C103D8408C
:108860009AE703A8F8F764FE049800283FF40EAFD7
:10887000656A91E7F7F754FEF7E7F7F709FEF4E7C3
:108880006846F8F797FD0198EFE7104884E7084B32
:108890005B6D03F00703052B3FF6C9AD0C4AD35CB3
:1088A000D6E508484DE7074876E700BFB4D8010889
:1088B00000440258A4D80108FFFC0F00A4D8010806
:1088C00078D801080090D003A4D8010800093D0021
:1088D000A4D80108836A1A0710B406D50168846B0E
:1088E0004A6822F4004222434A60DC0706D5016848
:1088F000C46A4A6822F4003222434A60990706D5C6
:108900000168046B4A6822F4803222434A605A07A5
:1089100006D50168446B4A6822F4802222434A60EB
:10892000DC0606D50168C46B8A6822F480522243B3
:108930008A60990606D50168046C8A6822F40052A0
:1089400022438A605A060AD50168446C4A68B4F525
:10895000801F22F4801242EA04024A600BD01B06F8
:1089600006D50268C16C536823F400230B4353609F
:108970005DF8044B70474A68846C22F4C0022243BD
:108980004A60ECE738B500230446C0F89030F0F7B1
:108990009FFF2268054613681B070ED4136859070A
:1089A00032D4002320221846C4F8882084F884306A
:1089B000C4F88C20E366236738BDD3699802EDD4F0
:1089C0000CE019681A46490705D5D96908074FD43C
:1089D000D96909057AD4DB699802DFD4F0F778FF0A
:1089E000431BB3F1007F2368EBD353E8002F22F041
:1089F000800243E800210029F7D12023032084F8D6
:108A00008410C4F8883038BDD3695B02C9D40DE046
:108A10001A68500707D5DA69110700F18580DA690D
:108A2000120500F1AF80DB695B02BAD4F0F750FFAA
:108A3000431BB3F1007F2368EAD353E8002F22F4ED
:108A4000907243E800210029F7D103F1080252E8AF
:108A5000002F22F0010203F1080040E80021002964
:108A6000F3D12023032084F88410C4F88C3038BD5F
:108A700008221A6253E8002F22F4907243E8002182
:108A80000029F7D1564803F1080252E8002F0240AE
:108A900003F1080545E800210029F4D1E26E012A1E
:108AA0000BD0002220200821C4F88C006267E26607
:108AB00084F88420C4F8901097E753E8002F22F040
:108AC000100243E800210029F7D1EAE74FF40062E1
:108AD0001A6253E8002F22F4907243E80021002923
:108AE000F7D13F4803F1080252E8002F024003F19A
:108AF000080545E800210029F4D1E26E012A0AD0D8
:108B0000002220216267C4F88C1084F88420E26679
:108B1000C4F8901069E753E8002F22F0100243E8F0
:108B200000210029F7D1EBE708221A6253E8002F51
:108B300022F4907243E800210029F7D1284803F17C
:108B4000080252E8002F024003F1080545E8002121
:108B50000029F4D1E26E012A0BD000222020082146
:108B6000C4F88C006267E26684F88420C4F8901030
:108B700063E753E8002F22F0100243E800210029A8
:108B8000F7D1EAE74FF400621A6253E8002F22F4AB
:108B9000907243E800210029F7D1114803F108023F
:108BA00052E8002F024003F1080545E800210029A2
:108BB000F4D1E26E012A0AD0002220216267C4F8B3
:108BC0008C1084F88420E266C4F8901035E753E8EE
:108BD000002F22F0100243E800210029F7D1EBE733
:108BE000FEFFFFEF80B3D0F8883010B5044633B3F2
:108BF00022682423A16AC4F88830136823F0010393
:108C00001360C1B92046FFF7CBFB012811D02368C0
:108C100020465A6822F490425A609A6822F02A024A
:108C20009A601A6842F00102BDE810401A60FFF72E
:108C3000A9BE012010BD2046FFF74CFEE2E780F8F8
:108C40008430FDF7DBFAD3E70120704738B50446DE
:108C500000232220C4F89030C4F88C00D4F880009F
:108C6000A165A4F85C2070B12568036513460A4627
:108C700005F124011B4DC5631B4D05641B4DC564E7
:108C8000F1F798F928BB23694BB1236853E8002F0B
:108C900042F4807243E800210029F7D100E0236804
:108CA00003F1080252E8002F42F0010203F108002C
:108CB00040E800210029F3D103F1080252E8002F17
:108CC00042F0400203F1080141E800200028F3D1FE
:108CD00038BD102220230120C4F89020C4F88C3025
:108CE00038BD00BFF9820108D98201086D7E0108F4
:108CF000D0F88C30202B1AD1B9B1B2FA82F35B09CB
:108D00009AB130B40468C3660A4B9C420AD06368C7
:108D10001B0207D554E8003F43F0806344E8003568
:108D2000002DF7D130BCFFF791BF01207047022022
:108D3000704700BF000C0058704700BF704700BF6D
:108D4000704700BFD0F8D43200EB830010B5D0F8E4
:108D5000C04294B1D0F8C4326BB194F80002FF283D
:108D600009D09B68214694F801229847FF230020F0
:108D700084F8003210BD002010BD032010BD00BFDC
:108D8000054A0346054912780548012A12BF4322C5
:108D9000652208461A80704704F406246005002402
:108DA00088040024054A0346054912780548012A2B
:108DB00012BF4322652208461A80704704F4062435
:108DC00060050024CC040024054A034605491278B6
:108DD0000548012A12BF4322652208461A807047BF
:108DE00004F40624600500241C05002403460A221E
:108DF00001481A80704700BF1005002438B5D0F82C
:108E0000D432B03350F8235095B10446F0F7D4FC77
:108E100005F50371D4F8D432C5F80C0204EB8304D1
:108E2000D5F80402D4F8C432DB689847002038BD76
:108E3000032038BDD0F8D43200EB830C70B5DCF8D9
:108E4000C0526DB301F00F0E0A460EEB8E0600EB1A
:108E50008606B3696BB9DCF8C43200241B69C5F817
:108E60001442DBB105F50471D5F808029847204695
:108E700070BDD0F8C8420EEBCE0E04EB8E0EDEF8BD
:108E80004440B3FBF4FE04FB1E34002CE3D1234624
:108E90002246B461F0F774FC204670BD184670BDE0
:108EA000032070BDD0F8D43200EB8303F0B5044644
:108EB00083B00020D3F8C0728DF80500ADF806002D
:108EC000002F66D091F800C00D461CF060061DD042
:108ED000202E07D0294620460326FBF7B9FB304653
:108EE00003B0F0BDCA887AB31CF0800F55D14B781F
:108EF0003F2A87F8003260D940231A463946204677
:108F000087F801320026FBF7F1FBE8E74B780B2BE3
:108F1000E0D801A252F823F07B8F0108DF8E010810
:108F2000D58E0108D58E0108D58E0108D58E010891
:108F3000D58E0108D58E0108D58E0108D58E010881
:108F4000658F01085B8F0108D3F8C4321646487854
:108F50009B689847304603B0F0BD94F89C32032BD1
:108F6000BDD0B7E794F89C32032BB3D101220DF1A9
:108F700005012046FBF7A2FBB1E794F89C22032AE7
:108F8000A8D102220DF1060120461E46FBF796FBF2
:108F9000A5E70326304603B0F0BDD3F8C432394606
:108FA000064668789B689847EA8839462046072A2B
:108FB00028BF0722FBF782FB91E7D3B29EE700BFF1
:108FC00038B5044600258121F0F78EFB01212046AB
:108FD0002587F0F789FB82212046A4F87851F0F725
:108FE00083FBD4F8D432E56404EB8303D3F8C022C6
:108FF0008AB1D3F8C4325B689847D4F8D432B0331E
:1090000054F8230001F0AEFBD4F8D432B03344F866
:109010002350C4F8BC52002038BD00BF2DE9F041F8
:10902000044601214FF4077001F054FBD4F8D43208
:109030000546002858D0B03344F82300237CC4F8F8
:10904000BC02CBB34023022281212046F0F73AFB39
:10905000012640233146022226872046F0F732FBC4
:10906000102303228221A4F878612046A4F84E3010
:109070000823F0F727FBD4F8D43200264FF001087C
:1090800004EB8303A4F84C80D3F8C432C5F804621F
:109090001B689847D5F80422C5F81462C5F8186211
:1090A000F2B1277C9FB94FF4007341462046F0F798
:1090B00075FB3846BDE8F0814FF400730222812130
:1090C0002046F0F7FFFA01264FF40073C2E7374657
:1090D000402341462046F0F761FB3846BDE8F08169
:1090E00002273846BDE8F081B033022744F8230058
:1090F000DFE700BF034639B1D0F8D422002003EBEC
:109100008203C3F8C412704703207047D0F8D432EA
:10911000B03350F823302BB10020C3F80812C3F845
:109120001022704703207047D0F8D432B03350F883
:1091300023301BB10020C3F804127047032070478E
:10914000D0F8D422B03250F8222010B59AB1047C65
:1091500044B100244023D2F804220121F0F71EFB81
:10916000204610BD4FF40073D2F804220121F0F71D
:1091700015FB204610BD0324204610BD704700BFDC
:10918000064A0749074808B500F032FE034A044979
:109190000548BDE8084000F02BBE00BF00000024D9
:1091A0007D910108043007240830072407EE901A47
:1091B000324A00230021B8EEE77A0260304A436069
:1091C000C0EE077A9FED2F0A81858360C26010B5DB
:1091D0002DED048B9FED2C8ABFEE009A0446F7EE2E
:1091E000008A80ED048A80ED059A80ED069AFDEEF6
:1091F000E77AB8EEE77AC0ED0A7A27EE087A80EED1
:10920000070A00F02FFFD4ED057AF4EE487A38EE25
:10921000C00AF1EE10FA84ED070A0FD0D4ED0A7AF5
:1092200084ED058AB8EEE70A20EE080A89EE000A06
:1092300000F018FF38EEC00A84ED080A9FED127A9C
:10924000D4ED067AF4EE477AF1EE10FA13D0D4EDAD
:109250000A7ABFEE000A84ED067AF8EEE77A67EE46
:10926000877A80EE270A00F0FDFEF7EE007A37EEEF
:10927000C00A84ED090ABDEC048B10BD3333333FC3
:10928000AE47813F12AF93C0CDCCCC3D012380F8D7
:109290002C3009B100234360704700BF022910B58C
:1092A00004462AD0042916D0012900D010BDD0EDE3
:1092B000047AB4EE670AF1EE10FA30D0B5EEC00AC7
:1092C000002384ED040AA360F1EE10FA2FDC4FF0C6
:1092D0007E53E36110BDD0ED067AB4EE670AF1EE7D
:1092E00010FAE3D0B5EEC00A80ED060AF1EE10FAEE
:1092F00045DC4FF07E53436210BDD0ED057AB4EEED
:10930000670AF1EE10FAD1D0B5EEC00A80ED050A79
:10931000F1EE10FA20DC4FF07E53036210BDD0ED69
:10932000027AF5EE407AF1EE10FAC7D110BDD4ED15
:109330000A7A1C4BF8EEE77A9FED1B7AE36027EE82
:10934000800A87EE000A00F08DFEF7EE007A37EE15
:10935000C00A84ED070A10BDD0ED0A7ABFEE007A8C
:10936000F8EEE77A27EE800A87EE000A00F07AFE30
:10937000F7EE007A37EEC00A84ED080A10BDD0ED92
:109380000A7ABFEE007AF8EEE77A27EE800A87EED7
:10939000000A00F067FEF7EE007A37EEC00A84EDAF
:1093A000090A10BDAE47813F12AF93C090F82D302F
:1093B00051BB33B10423838590ED097ADFED257A23
:1093C00009E090F82C3080F82D10022B13D190ED8D
:1093D000087AD0ED007A90ED010ADFED1F6A77EE92
:1093E000C07AA7EE870AB4EEE60AF1EE10FA29D4A5
:1093F00080ED010A7047042BDED0012BD0ED076A07
:1094000009D09FED150A7047002BDAD140F2011305
:10941000D0ED076A838590ED010AB7EE007AD0EDB2
:10942000037A77EEC07AA7EEA60AB4EEC70AF1EE89
:1094300010FADDDD0223B0EE470A80ED017A80F8F4
:109440002C3070470023B0EE660AC0ED016A80F848
:109450002C3070470AD723BC00000000B1EE006A30
:109460009FED435AF7EE006A0023F6EE007A80ED96
:10947000000A20EE064A80ED155A87FE857AF0EE46
:10948000474A8365C6EE845A87FE677A80ED127A72
:10949000F4EEE64AF1EE10FAC0ED015A64DD84FE06
:1094A000C66A36EEC77A80ED136A76EE667AE7EE24
:1094B000876AF0EE664ADFED2F6AB1EE047ADFEDDF
:1094C0002E2A20EE260ADFED2D7A82FE877A87FE8D
:1094D000400A30EE000A9FED2A5AB1EE007ADFED25
:1094E000240A85FE205A60EE277ADFED266A9FED7A
:1094F000261A9FED266A67EEA57ADFED255A85FECE
:10950000655A25EE075ADFED231A67EEA75A9FED3D
:10951000223AA7EE816A9FED212A27EE833A9FED3A
:10952000204A26EEE57ADFED1F3AC0ED144A65EEDB
:10953000844A25EEA34AC0ED102AA7EEA17A80ED59
:109540000F5AF0EE466AE5EEC26AF0EE477AE5EEB3
:10955000837AB0EE667AA5EEC47AE5EEE47A80ED21
:10956000117AC0ED027A7047C0ED134AA3E700BF3D
:10957000000000009A99D93E00409C45DB0F49400D
:10958000CDCC4C3E8863DD3EAC8B5B3D9CC4803FC4
:109590006666E63F363C7D3F166A0D3E5C8FC23DF7
:1095A000787AA53CCDCC4C3D9FED764AB5EE002AAD
:1095B000D0ED147A0423D0ED0E4A60EE271AD0EDD8
:1095C0000F0AB0EE440A90ED111A90ED0D5A90ED8D
:1095D000087A90ED0C6A826DD0ED0B5A90ED023A4C
:1095E000DFED692ADFED693A2DED0E8BF7EE009A7B
:1095F000D0ED158AB0EE089A90ED128AB8EE08AA5E
:10960000D0ED0ACAB0EE44BAD0ED09BAD0ED07DA0F
:10961000DFED5FAA79EEC47AF0EE646A67EEA17AB4
:10962000E4EE287AE7EEC86A60EEE66AE6EE817A52
:10963000F4EEC97AF1EE10FA00F39780F4EECA7AEC
:10964000F1EE10FA00F19680B3EE0BCA67EEA76A4E
:10965000B2EE02EAB0EE4CDAA6EE8EDA76EE8C6A64
:1096600066EEA77A87EE8DCA2CEE22DAADEEA3DA8B
:1096700080ED07CA67EE236A2BEEA37A6CEEA37A1D
:109680007DEE65BAEBEE835AE5EEA26AC0ED0B5AA9
:10969000C0ED085A76EEC66AA6EE836AA6EE227A76
:1096A00080ED0C6A80ED096A37EE457AA7EE035A21
:1096B000E5EE227A80ED0D5A80ED0A5A77EEE47AD3
:1096C000E7EE834AC0ED0E4A052A58D8DFE802F0DB
:1096D0004A473A331A0376EE0C7AB0EE007AE5EE9A
:1096E000C77A67EE827A013B30EE270A34EE024AEF
:1096F0001CD0F0EE4CDAB0EE657AF0EE46BAF0EE41
:1097000045CA87E735EE257A013B74EE8C7AF1EE97
:10971000006A34EE024AE7EE667AB1EE087AE6EEC7
:10972000077A67EE827A30EE270AE2D1C0ED151A89
:10973000BDEC0E8B704775EEC67A77EEA77A67EEB2
:10974000827AD0E7F2EE007A74EE866AB1EE007AA1
:1097500067EEC57AE6EE877A67EE827AC3E766EE51
:10976000027AC0E764EE827ABDE7B7EE00CAB0EED7
:1097700062DA7BE7BFEE00CAB0EE6ADA76E7F0EEB7
:109780004B7AB0E7000000004FEC443FC54E6C3E02
:109790004FEC44BF9FED245AB1EE047A90ED006A7D
:1097A00080FE077A26EE056ADFED207A87FE467A8C
:1097B00037EE077AD0ED015ADFED1D6ADFED1D2A85
:1097C00067EE277A9FED1C6A9FED1C3A9FED1C4ABD
:1097D00067EEA57ADFED1B3A9FED1B5ADFED1B4AC2
:1097E00067EEA75A80ED100AA7EEA26A27EE844A18
:1097F00026EEE57A25EE855A65EEA44AA7EE837A31
:10980000F0EE466AE5EEE36AF0EE477AE5EE847A3A
:10981000B0EE667AA5EEE47AE5EEC57A80ED117ACF
:10982000C0ED027A704700BF9A99D93EDB0F4940DC
:109830008863DD3EAC8B5B3D9CC4803F363C7D3F06
:10984000166A0D3E5C8FC23D787AA53CCDCC4C3D6E
:10985000F1EE007ADFED066A9FED067A80FE260AB9
:1098600080FE470A20EE270A80ED0F0A704700BFEE
:10987000000000006666E63FD0ED057A20EE270A7C
:10988000704700BF8B6943F6095C90ED056AB6EE40
:10989000004B002B9FED395AB8BF03F580330CFB0A
:1098A00003F310B403F1010C354C1FFA8CF31CF4D4
:1098B000004F04EB021C18BFA3F580331201DCED4E
:1098C000027A8B6186EE277AB7EEC77A37EE047B91
:1098D000BDEEC77BD1ED037AF8EEE75AD1ED027AFF
:1098E00081ED077AF8EEE77AE5EE857AF0EE676AC1
:1098F000D1ED007AF8EEE77A77EEE67AF5EEC07A07
:10990000F1EE10FA0AD5D1ED016AF8EEE66A77EECB
:10991000A67AF5EEC07AF1EE10FAF8D4C7EE865AC0
:1099200007EE903A2244DFED172A90ED033AD2ED8C
:10993000014A92ED005AF8EEE76ADFED133AF8EECD
:10994000C77A5DF8044BB7EE007A66EEA46AB6EE0D
:10995000004B66EEA26AA3EE265A75EEC56AC6EE05
:10996000A75AA6EE257A27EE237AB7EEC77A37EE06
:10997000047BBDEEC77B81ED047A70470000803127
:10998000CCD80108000000380000804D0000000025
:10999000F7EE007A5849B7EE021B584AB0EE404A3B
:1099A0000123F0EE673ADFED560A9FED562A2DE9C6
:1099B000F04700274FF0000A00F5B275524C534EA5
:1099C000B8462DED048B9FED4A8B016000F1240118
:1099D00080ED020A80ED050A4260C0ED037AC0F80E
:1099E00010A0C0ED067AC0F81CA00362D4ED004AB6
:1099F0004FF0000994ED013AB6EE005BB7EEE49A41
:109A0000C1F81490B7EEC36AC1F8009005EB870364
:109A10004246A6EE019B4B62B7EEC99B29EE046A53
:109A2000B7EEC66A36EE086BBDEEC66B81ED016A15
:109A3000B8EEC66A94ED037AB7EEC77A37EE057BC7
:109A4000BDEEC77BF8EEC77A81ED067A67EE837AC2
:109A500067EEA07AE7EEA34AA4EEC46AFDEEC67AEA
:109A6000B8EEE77AC1ED027A36EE477A27EE027A4F
:109A7000B7EEC77A37EE057BBDEEC77B81ED037A83
:109A8000FFF700FF4A68C1F820A04A4509DD4B46B0
:109A90004A6A02EB83020133C2F800A04A689A4284
:109AA000F6DC20EE097A08F10108B8F1080FB7EEEC
:109AB000C77A37EE087BBDEEC77B17EE103A07EB8F
:109AC00083070AD0B74201F1280104F1100409DC30
:109AD00090ED054AD0ED033A88E7BDEC048B0020F9
:109AE000BDE8F087BDEC048B0120BDE8F08700BF26
:109AF0000000000000803040EC51783F00401C46E0
:109B0000000000380000804DCCD8010878820100A8
:109B10002DE9F8431F46036A002B2DED048B40F31B
:109B20004D81D0ED017A814690ED077A0D461446BD
:109B3000F4EE477AF1EE10FA40F0FD8090ED068ADF
:109B4000DFEDA70A4FF0000899ED117ABFEE002A69
:109B5000D9ED1B6AB0EE600A37EE207AD9ED257A8E
:109B600099ED2F4A4046D9ED394A37EE267A99EDDC
:109B7000435AD9ED4D5AF5EE006A99ED576A77EEE2
:109B8000277AD5ED008A94ED009A09F14C04D9F8B2
:109B9000286077EE847ADFED939A9FED8F1B77EE46
:109BA000A47A77EE857A77EEA57A77EE867AE7EE75
:109BB000A68AA7EEA69AF0EE687A16E054F80C3C56
:109BC00070EEA70A013B002B44F80C3C40F399804F
:109BD00008F10108B8F1080F00F09D80666818F0E0
:109BE000010004F1280448FE897A14ED027AA4F1F8
:109BF000280154F8282C54F8043C77EEC77A03EB7C
:109C00008203C3ED007A54F8285C0135B542A8BF41
:109C1000AD1B44F8285C54E90852B2F1805F06DBC2
:109C200022F0704305EB22751A4644E90853B54209
:109C300002DBAD1B44F8205C07EE902AB0EE426ACE
:109C4000B7EE007A002DB8EEE75AF6EE004AF0EED5
:109C5000087A25EE295AF0EE425AA5EE056A35EE4D
:109C6000077AE7EE245AB7EEC66A26EE016BB7EE26
:109C7000C66B66EE277A75EEC65AB0EE674A77EE87
:109C8000C57A97EE244A76DDB31EAB4240F394804A
:109C90006FF0404654F8043C2E4403EB860393EDEA
:109CA000003AD3ED016AD3ED023AD3ED034A66EEF2
:109CB000A77A54F8183C14ED027A1344E3EE257A9F
:109CC00044F81C3CD9ED005AE3EE847AE4EE867A3F
:109CD000E7EE856AF0EE477AE5EEE67A67EE887A97
:109CE000E5EEA67A44ED027A00287FF467AF54F8D7
:109CF0000C3C30EE270A013B002B44F80C3C3FF7AC
:109D000067AF424608F101084846FFF7BBFDB8F1CE
:109D1000080F7FF463AFDFED347A00200C9B20EE58
:109D2000270A60EEA70ABDEC048B87ED000AC3ED9D
:109D3000000ABDE8F8839FED2D7AC0ED077A67EE43
:109D4000877A90ED050A87EE800A00F05DF8F0EE64
:109D5000007ABFEE007A37EEC08AA8EE087AB5EE38
:109D6000407AF1EE10FA2ED4F1EEC77A38EE678A17
:109D700089ED068AE4E66B1E33445D1C54F804CC7E
:109D8000AE420CEB8303D8BFAD1B93ED003A0CEB56
:109D900085030135D3ED006AB542A8BFAD1B0CEBBE
:109DA00085030135B542D3ED003AA8BFAD1B0CEBDE
:109DB0008505D5ED004A7AE76B1EDFE7BDEC048B25
:109DC0000120BDE8F883B0EE470A00F057FCF0EE42
:109DD000407ACBE7AFF30080555555555555C53FF3
:109DE00000000000000080313333B33EDB0FC94078
:109DF0000B460146184600F075BC00F000B800F0B4
:109E0000B1BC00000000000038B510EE104AC4F3E9
:109E10000A53B3F57D7FB7EEC07A1ED227EE077BDB
:109E2000B3F5667F6FD327EE071B634B93ED142BBF
:109E300093ED125B93ED0E3BA7EE025B93ED0C0BE3
:109E400093ED104BA7EE030B27EE017BA1EE040B65
:109E5000A5EE070BB7EEC00B38BD40F22E42934281
:109E600054D8554991ED086B27EE066BFDEEC66B95
:109E700091ED0A5B16EE903A03F500031B1613F002
:109E8000020F06EE903A01F1700208BF0A46D807A9
:109E9000B8EEE66BA6EE457B27EE076B1AD503F00E
:109EA000030301EBC30393ED002B92ED1A4B92EDEC
:109EB000185B92ED163BA6EE045B27EE027B27EEC5
:109EC000064B26EE046BA4EE037BA5EE067BB7EEF5
:109ED000C70B38BD92ED142B92ED127B92ED0E3B29
:109EE00092ED0C0B92ED104B26EE065BA6EE027B7C
:109EF000A6EE030B26EE056BA5EE040BA7EE060BF4
:109F0000B7EEC00B38BDB7EE000A38BDB3F5FF6F32
:109F10003DD22A4BC4F3836203EB820153F8222023
:109F20000D69C4F31603C4F3C25043F40003834025
:109F3000086A03FB02F2A3FB0010E3FB050202F137
:109F400000518D0F01F04041511AE6F7B7FB1C4B51
:109F50009FED177B05EBD47441EC160B14F0020F48
:109F6000A3F1700208BF1346E90726EE077B27EE30
:109F7000076B10D504F0030402EBC40494ED002B2E
:109F800093ED1A4B93ED185B93ED163B93E7BDE809
:109F9000384000F057B893ED142B93ED127B93EDFE
:109FA0000E3B93ED0C0B93ED104B9DE7AFF3008050
:109FB000182D4454FB21193C20DC0108C0DB0108AA
:109FC00090DC010810B582B08DED010A044600F066
:109FD00097FB9DED010A046002B010BD30B1F1EEB7
:109FE000407A27EE800A2220FFF7ECBFF0EE407A9D
:109FF00027EE800A2220FFF7E5BF00BF9FED010A90
:10A00000FFF7ECBF000000109FED010AFFF7E6BF6D
:10A010000000201A9FED010AFFF7E0BF000000706A
:10A020009FED070AFFEE007AB7EE007A00284FF0A6
:10A03000220047FE277A87EE800AFFF7C3BF00BFE2
:10A040000000000070EE407AB4EE400A87EEA77A76
:10A05000F1EE10FAB0EE470A02D62120FFF7B2BFA8
:10A06000704700BF10EE103A40F22A41C3F30A5283
:10A070008A42B7EEC03A32D8B7EE000B2D4B93EDC3
:10A080004A2B93ED481BB0EE417BA2EE037B17EE0B
:10A09000100A37EE417B00F01F0203EBC20130B41F
:10A0A00092EE037B93ED4C4B53F832404D6893EDA9
:10A0B0004E6B93ED505BA4EE076B27EE074B002130
:10A0C0000A1905EBC033A5EE070B43EC172BA6EEE0
:10A0D000040B30BC20EE070BB7EEC00B704713F536
:10A0E000000F20D0B2F5FF6F1AD2DFED137AB4EE75
:10A0F000E70AF1EE10FA10DCDFED107AB4EEE70AB1
:10A10000F1EE10FA12D4DFED0E7AB4EEE70AF1EEBA
:10A1100010FAB1D50020FFF777BF0020FFF77ABF14
:10A1200030EE000A70479FED070A70470020FFF7E6
:10A1300065BF00BF50D901081772B142B4F1CFC258
:10A14000CF8ECEC20000000030B410EE103A2DEDDC
:10A15000028BA3F5000110EE902AB1F1FE4F10EE34
:10A16000104A82B04FEA42017ED201F1FF3C6FF00B
:10A170008070844580F0F980002004F1404303F5AD
:10A180004D03C3F3C341DB0DDB05E21ADB1507EE1C
:10A19000903ABFEE001BB24B03EB011191ED004B67
:10A1A00005EE102AB7EEC55AA4EE051B93ED444BFD
:10A1B00021EE012B93ED465B93ED403BA1EE045B5A
:10A1C00093ED426B93ED484BA1EE036B22EE023B05
:10A1D000B8EEE78BB7EEE07A91ED020B38EE000BAC
:10A1E000A1EE040BA2EE050BA6EE030B27EE000B6F
:10A1F00010EE903A48F2BF02C3F3CF33934252D2EB
:10A20000B7EE007B974B93ED402B30EE023B13EE05
:10A21000102A33EE423B02F01F01821803EBC1000B
:10A2200053F83140456830EE433B93ED465B93ED88
:10A23000424BA3EE057BB0EE470B93ED446B00233E
:10A24000181905EBC23141EC170BA3EE046B23EE9A
:10A25000034BA6EE040B20EE070BB7EEC00B02B0CB
:10A26000BDEC028B30BC70474D1E6FF08070854294
:10A2700080F0CE8059004D1E854280F09280002BE8
:10A2800055DB0020B4F5000FBFF477AFDFED767A31
:10A2900007EE103A67EE277A17EE904A24F0004452
:10A2A000A4F1386469E79FED667BB4EEC70BF1EE6D
:10A2B00010FA15DC9FED647BB4EEC70BF1EE10FADB
:10A2C00020DD4FF04C5388B10193DDED017ABFEEF4
:10A2D000007A77EE677AF4EE477AF1EE10FA11D051
:10A2E00002B0BDEC028B30BCFFF794BE0093DDEDF5
:10A2F000007AB7EE007A77EE877AF4EE477AF1EEDD
:10A3000010FAEDD19FED527BB4EEC70BF1EE10FACF
:10A3100057D99FED517BB4EEC70BF1EE10FA7FF5E4
:10A320006FAF02B0BDEC028B30BCFFF76DBEC2F365
:10A33000C7517E2911DD962954DC0120C1F1960117
:10A3400000FA01F1481E104207D111EA020018BFBD
:10A350004FF4803024F0004494E700EE103A02B04D
:10A36000BDEC028B30BCFFF76DBE002952D0B3F1BB
:10A370007E5F2CD06400B4F17F4F2ED8B1F17F4FB7
:10A380002BD1B4F1FE4F4BD0B4F1FE4F6FEA020275
:10A3900034BF00240124D20F94424CD09FED330AE5
:10A3A0005DE7002B20EE000A1EDB002000293AD1D9
:10A3B000002ABFF654AF02B0BDEC028B30BCFFF7F1
:10A3C0002FBE02B0BDEC028B30BCFFF717BE82F48B
:10A3D0008002520012F5000F22D907EE903A37EEB4
:10A3E000A00A3CE70020B5E7C2F3C753A3F17F0002
:10A3F0001728DAD8C3F19600012303FA00F0441EAF
:10A400001442D2D11040D1D0B1EE400A1846CDE767
:10A410000029AFD184F48002520012F5000FDCD87D
:10A42000B7EE000A1BE7002ABFF619AFF7EE007A75
:10A4300087EE800A13E720EEA00A10E7AFF3008052
:10A4400071D5D1FFFFFF5F40E2AAA3FFFFFF5F408E
:10A450000000000000C062C00000000000A062C058
:10A4600098DA010850D901080000004B00000000F4
:10A4700030B510EE104AC4F30A53B3F57D7FB7EE42
:10A48000C06A83B01BD226EE065BB3F5667F70D33D
:10A4900026EE052B25EE021B754B93ED1A3B93ED33
:10A4A000187B93ED164BA5EE037BA2EE046BB0EE8A
:10A4B000460BA7EE010BB7EEC00B03B030BD40F268
:10A4C0002E42934260D86A4991ED087B26EE077BC5
:10A4D000FDEEC77B91ED0A5B17EE903A03F50003A2
:10A4E0001B1613F0020F07EE903A01F1700208BF3D
:10A4F0000A46D807B8EEE77BA7EE456BB0EE460BF1
:10A5000026EE067B1BD403F0030301EBC30392ED9D
:10A510001A5B93ED003B92ED186B20EE030B92ED6E
:10A52000164BA7EE056B20EE075B27EE057BA5EE2D
:10A53000040BA6EE070BB7EEC00B03B030BD92EDD7
:10A54000142B27EE075B92ED126B92ED0E3BA7EEFC
:10A55000026B92ED0C0B92ED104BA7EE030B27EE66
:10A56000057BA5EE040BA6EE070BB7EEC00B03B000
:10A5700030BD220D12F4FF6FDFD1B7EEC55B00EEE8
:10A58000104A8DED015AD8E7B3F5FF6F4BD2394B26
:10A59000C4F3836203EB820153F822200D69C4F3F4
:10A5A0001603C4F3C25043F400038340086A03FB5C
:10A5B00002F2A3FB0010E3FB050202F100518D0F34
:10A5C00001F04041511AE6F779F82B4B9FED267BBD
:10A5D00005EBD47441EC160B14F0020FA3F17002DA
:10A5E00008BF1346E90726EE077B27EE076B1FD44B
:10A5F00004F0030402EBC40493ED1A4B94ED002B1A
:10A6000093ED185B27EE027B93ED163BA6EE045B01
:10A6100027EE064B26EE046BA4EE037BA5EE067B2D
:10A62000B7EEC70B89E703B0BDE83040FFF70ABDBE
:10A6300093ED142B26EE065B93ED127B93ED0E3B10
:10A64000A6EE027B93ED0C0B93ED104BA6EE030BE5
:10A6500026EE056BA5EE040BA7EE060BB7EEC00BBE
:10A660006BE700BFAFF30080182D4454FB21193C69
:10A6700020DC0108C0DB010890DC010808B52DEDE5
:10A68000028BB0EE408A00F021F80E4B93F90030B7
:10A6900001330BD0B4EE488AF1EE10FA06D6DFEDA6
:10A6A0000A8AB4EEE88AF1EE10FA02D4BDEC028B0D
:10A6B00008BD00F025F888EEA80ABDEC028B212326
:10A6C000036008BDC505002400000000B1EEC00A0B
:10A6D000704700BF024B0A460146186800F070B888
:10A6E000C805002410B5054C13462CB10A46014696
:10A6F0000220AFF3008010BD2046FCE70000000000
:10A70000014B1868704700BFC805002470B50D4D97
:10A710000D4C641BA4100026A64209D10B4D0C4C15
:10A7200003F0A2FB641BA4100026A64205D170BD55
:10A7300055F8043B98470136EEE755F8043B984737
:10A740000136F2E788DE010888DE010888DE0108AC
:10A75000BCDE0108024B0146186800F08DB800BF4E
:10A76000C8050024024B0146186800F039B800BF44
:10A77000C805002410B501390244904201D10020DF
:10A7800005E0037811F8014FA34201D0181B10BD5A
:10A790000130F2E70A44914200F1FF3300D17047E3
:10A7A00010B511F8014B03F8014F9142F9D110BDDA
:10A7B00002440346934200D1704703F8011BF9E7B6
:10A7C00013B54A431146019200F056F8044618B1F9
:10A7D000019A0021FFF7ECFF204602B010BD0000F7
:10A7E00037B5002944D051F8043C0190002BA1F169
:10A7F0000404B8BFE41800F0ABFA1E4A01981368CD
:10A8000033B96360146003B0BDE8304000F0A6BA0D
:10A81000A34208D9256861198B4201BF19685B689A
:10A8200049192160EDE71A465B680BB1A342FAD9DA
:10A8300011685518A5420BD1246821445418A3422D
:10A840001160E0D11C685B68536021441160DAE755
:10A8500002D90C230360D6E7256861198B4204BF37
:10A8600019685B68636004BF491921605460CAE7D6
:10A8700003B030BD0C300724F8B5CD1C25F003051E
:10A8800008350C2D38BF0C25002D064601DBA942EA
:10A8900003D90C2333600020F8BD00F059FA214998
:10A8A0000A6814469CB9204F3B6823B921463046BC
:10A8B00000F0A8F838602946304600F0A3F8431CA1
:10A8C00023D10C233360304600F048FAE3E72368D5
:10A8D0005B1B17D40B2B03D923601C44256004E0B9
:10A8E0006368A2420CBF0B605360304600F036FA3A
:10A8F00004F10B00231D20F00700C21ACCD01B1A54
:10A90000A350C9E722466468CCE7C41C24F00304C2
:10A91000A042E3D0211A304600F074F80130DDD1B6
:10A92000CFE700BF0C300724103007240FB40A4BC8
:10A9300013B51C6824B1A36913B9204600F056F979
:10A9400005AB049AA1680193204600F093FB02B086
:10A95000BDE8104004B07047C8050024094B13B58A
:10A960001C68014634B1A36923B90190204600F068
:10A970003DF90199A268204602B0BDE8104000F000
:10A980003DBE00BFC8050024164B10B51C68A36B64
:10A99000B3B91820FFF7DEFEA06328B90246124BB8
:10A9A00012484E2100F0ACF8114A124BC0E90023C6
:10A9B000114B83600B23838101220023C0E9042310
:10A9C000A46B0E4A206963690D49424301FB0322CF
:10A9D000A0FB0101431C42EB0100C4E9043020F05C
:10A9E000004010BDC805002404DD01081BDD01087E
:10A9F0000E33CDAB34126DE6ECDE05002DF451586C
:10AA00002D7F954C38B5064D0023044608462B6033
:10AA100001F08AF9431C02D12B6803B1236038BDD1
:10AA2000183007240CB430B5174B0C1E1D689DB0B0
:10AA300008DA8B232B604FF0FF301DB0BDE83040AB
:10AA400002B070474FF40273ADF8143014BF04F134
:10AA5000FF332346049307934FF6FF73029006904B
:10AA6000ADF81630209A21AB02A92846019300F0D8
:10AA7000D7F9431CBCBF8B232B60002CDDD0029B7D
:10AA800000221A70D9E700BFC80500240EB400B533
:10AA90009CB01DAB029006906FF0004109480791F1
:10AAA0000491094953F8042B05910068019302A908
:10AAB00000F0B6F9029B00221A701CB05DF804EB9E
:10AAC00003B07047C80500240802FFFF034611F8D1
:10AAD000012B03F8012B002AF9D1704738B5074D37
:10AAE00004460846114600222A601A4601F02AF957
:10AAF000431C02D12B6803B1236038BD18300724F2
:10AB00001FB514461A46094B1B680546D8684CB158
:10AB1000074B0091CDE9013406492B4600F0E4F8DB
:10AB200000F0B8FE044B1C46F3E700BFC805002444
:10AB300098DD0108A5DD0108D3DD0108002310B56B
:10AB40000446C0E90033C0E9043383608181436671
:10AB5000C2818361194608225C30FFF729FE054B4C
:10AB60006362054BA362054BE362054B24622363DA
:10AB700010BD00BF8DB60108AFB60108E7B60108E9
:10AB80000BB70108014900F0C1B800BFD1B90108F5
:10AB900070B568224D1E55430E4605F17401FFF74E
:10ABA0006BFE044640B10021C0E900160C30A060E5
:10ABB00005F16802FFF7FCFD204670BD014800F07A
:10ABC000C5B800BF15300724014800F0C0B800BF69
:10ABD00015300724014800F0B9B800BF163007242B
:10ABE000014800F0B4B800BF1630072410B5044681
:10ABF000FFF7F0FFA3691BB1BDE81040FFF7F0BFFE
:10AC0000C4E912332365134B134A1B68A262A342A3
:10AC100004BF0123A361204600F020F860602046B5
:10AC200000F01CF8A060204600F018F80022E06058
:10AC300004216068FFF782FFA06801220921FFF765
:10AC40007DFFE06802221221FFF778FF0123A36154
:10AC5000D2E700BF00DD010885AB0108F8B5074663
:10AC6000FFF7ACFF1E4B1E68B36913B93046FFF700
:10AC7000BDFF4836D6E90134013B03D533680BB339
:10AC80003668F7E7B4F90C50D5B9164BE36004F118
:10AC90005800656600F059F8FFF796FFC4E90155C2
:10ACA000C4E904552560A5610822294604F15C0029
:10ACB000FFF77EFDC4E90D55C4E912552046F8BDE5
:10ACC0006834D9E704213846FFF762FF0446306054
:10ACD0000028D5D1FFF778FF0C233B60EEE700BFDB
:10ACE00000DD01080100FFFF0EB403B5014603AB10
:10ACF000054853F8042B0068019300F0BBF902B03B
:10AD00005DF804EB03B07047C80500242DE9F84353
:10AD10000646884600F148040027D4E90195B9F1B8
:10AD2000010905D52468002CF7D13846BDE8F88321
:10AD3000AB89012B07D9B5F90E30013303D0294671
:10AD40003046C04707436835E9E7704770477047AA
:10AD50000148FFF7FBBF00BF143007240148FFF78D
:10AD6000F6BF00BF143007242DE9F0478E689E42DD
:10AD700082460C4690461F4638D88A8912F4906F56
:10AD800032D025680969A5EB0109656905EB450520
:10AD900005EBD57501334B446D109D4238BF1D4600
:10ADA000530531D52946FFF767FD064650B90C23F8
:10ADB000CAF80030A38943F04003A3814FF0FF306D
:10ADC000BDE8F08721694A46FFF7E4FCA38923F434
:10ADD000906343F08003A381266165614E44A5EB37
:10ADE00009052660A5603E46BE4200D93E46206861
:10ADF0003246414600F0A0FEA3689B1BA360236877
:10AE0000334423600020DBE72A4600F0AFFE06460D
:10AE10000028E1D121695046FFF7E2FCC7E70000B6
:10AE20002DE9F04F98468B891B069DB007460D46CD
:10AE300014460ED50B6963B94021FFF71DFD28604C
:10AE4000286120B90C233B604FF0FF30D1E0402354
:10AE50006B610023099320238DF82930CDF80C80F5
:10AE60003023DFF8A8818DF82A304FF001092346FE
:10AE70009A4613F8012B0AB1252AF9D1BAEB040B33
:10AE80000BD05B46224629463846FFF76DFF01305E
:10AE900000F0AA80099A5A4409929AF80030002BCF
:10AEA00000F0A28000234FF0FF32CDE905230AF124
:10AEB000010A049307938DF853301A9354460522E0
:10AEC00014F8011B5148E5F71BFA049AD8B9D006CB
:10AED00044BF20238DF85330110744BF2B238DF836
:10AEE00053309AF800302A2B15D0079A5446002088
:10AEF0004FF00A0C214611F8013B303B092B4ED98B
:10AF0000B0B1079214E0A0EB080309FA03F313436E
:10AF10000493A246D2E7039B191D1B680391002BE3
:10AF2000BBBF5B4242F0020207930793B8BF049293
:10AF300023782E2B0CD163782A2B35D1039B1A1D35
:10AF40001B680392002BB8BF4FF0FF330234059308
:10AF5000DFF8C8A0217803225046E5F7D1F940B1C7
:10AF60004023A0EB0A0003FA00F0049B03430134E2
:10AF7000049314F8011B26488DF828100622E5F7E3
:10AF8000BFF9002838D0234B1BBB039B073323F0AA
:10AF9000070308330393099B3344099367E70CFBCA
:10AFA00002320C460120A5E700230134059319461F
:10AFB0004FF00A0C204610F8012B303A092A03D929
:10AFC000002BC5D00591C3E70CFB012104460123EA
:10AFD000F0E703AB00932A460F4B04A93846AFF3C2
:10AFE0000080421C0646D6D1AB895B063FF52CAFEC
:10AFF00009981DB0BDE8F08F03AB00932A46064BBD
:10B0000004A9384600F0D4F9EBE700BF34DE0108AC
:10B010003EDE01080000000069AD01083ADE0108CB
:10B020009368013B002B10B4936008DA9469A34243
:10B0300001DB0A2903D15DF8044B00F06BBB1368F8
:10B04000581C1060197008465DF8044B7047F8B53D
:10B0500006460F461446D518AC4201D1002007E041
:10B0600014F8011B3A463046FFF7DAFF431CF3D1D0
:10B07000F8BD00002DE9F04F0D469DB014469846EE
:10B08000064618B183690BB9FFF7B0FD894B9D42A5
:10B090001BD175686B6ED90705D4AB899A0502D4AC
:10B0A000A86DFFF753FEAB891B0701D52B69EBB9E0
:10B0B0002946304600F080FBC0B16B6EDC070ED530
:10B0C0004FF0FF301DB0BDE8F08F7B4B9D4201D1AA
:10B0D000B568DFE7794B9D4208BFF568DAE7AB89D1
:10B0E0009805EDD4A86DFFF732FEE9E70023099338
:10B0F00020238DF82930CDF80C803023DFF8C08173
:10B100008DF82A304FF0010923469A4613F8012B97
:10B110000AB1252AF9D1BAEB040B0BD05B462246C3
:10B1200029463046FFF793FF013000F0AA80099AC4
:10B130005A4409929AF80030002B00F0A2800023B4
:10B140004FF0FF32CDE905230AF1010A049307937A
:10B150008DF853301A935446052214F8011B5848B1
:10B16000E5F7CEF8049AD8B9D10644BF20238DF86C
:10B170005330130744BF2B238DF853309AF8003017
:10B180002A2B15D0079A544600204FF00A0C21466E
:10B1900011F8013B303B092B4ED9B0B1079214E0B6
:10B1A000A0EB080309FA03F313430493A246D2E782
:10B1B000039B191D1B680391002BBBBF5B4242F030
:10B1C000020207930793B8BF049223782E2B0CD169
:10B1D00063782A2B35D1039B1A1D1B680392002B21
:10B1E000B8BF4FF0FF3302340593DFF8E4A02178B5
:10B1F00003225046E5F784F840B14023A0EB0A0053
:10B2000003FA00F0049B03430134049314F8011B78
:10B210002C488DF828100622E5F772F800283FD058
:10B22000294B1BBB039B073323F00703083303930E
:10B23000099B3B44099367E70CFB02320C46012053
:10B24000A5E700230134059319464FF00A0C204668
:10B2500010F8012B303A092A03D9002BC5D00591EB
:10B26000C3E70CFB012104460123F0E703AB009385
:10B270002A46164B04A93046AFF300800746781CD7
:10B28000D6D16B6ED90705D4AB899A0502D4A86DC7
:10B29000FFF75DFDAB895B063FF512AF099811E73B
:10B2A00003AB00932A46094B04A9304600F080F80E
:10B2B000E4E700BFF4DD010814DE0108D4DD010875
:10B2C00034DE01083EDE0108000000004FB0010836
:10B2D0003ADE01082DE9F047164699468A680B695F
:10B2E000DDF820809342B8BF1346336091F84320C5
:10B2F00007460C460AB1013333602368990642BF02
:10B30000336802333360256815F0060506D104F171
:10B31000190AE36832689B1AAB4226DC94F8432092
:10B32000131E226818BF012392062BD404F1430296
:10B3300049463846C04701301ED02368E568326868
:10B3400003F00603042B08BFAD1AA36822690CBFE3
:10B3500025EAE57500259342C4BF9B1AED18002627
:10B360001A34B5421AD1002008E00123524649465A
:10B370003846C047013003D14FF0FF30BDE8F087B9
:10B380000135C6E7E1185A1C302081F843002244F9
:10B3900094F8451082F843100233C7E70123224690
:10B3A00049463846C0470130E6D00136D9E70000AB
:10B3B0002DE9FF470F7E0C9D782F914680460C4665
:10B3C0009A4601F1430207D8622F0AD8002F00F0F5
:10B3D000D880582F00F0A38004F1420584F8427011
:10B3E0003AE0A7F16303152BF6D801A151F823F039
:10B3F00049B401085DB40108D9B30108D9B3010803
:10B40000D9B30108D9B301085DB40108D9B3010863
:10B41000D9B30108D9B30108D9B3010869B5010846
:10B420008DB401084BB50108D9B30108D9B301089F
:10B430008BB50108D9B301088DB40108D9B301084F
:10B44000D9B3010853B501082B681A1D1B682A607F
:10B4500004F1420584F842300123A3E02068296802
:10B46000060601F104030AD50E682B60002E03DAEC
:10B470002D23764284F843305E480A2319E00E6893
:10B480002B6010F0400F18BF36B2EFE72B68206832
:10B49000191D2960010601D51E6802E04606FBD58C
:10B4A0001E8854486F2F0CBF08230A23002184F8FC
:10B4B00043106568A560002DA2BF216821F004013A
:10B4C00021600EB9002D4DD01546B6FBF3F103FBFC
:10B4D0001167C75D05F8017D3746BB420E46F4D9BA
:10B4E000082B0BD12368DE0708D5236961689942D0
:10B4F000DEBF302305F8013C05F1FF35521B226108
:10B50000CDF800A04B4603AA21464046FFF7E2FED5
:10B5100001304CD14FF0FF3004B0BDE8F087354822
:10B5200081F845702968236851F8046B29601D066D
:10B5300014D5DF0744BF43F0200323601EB92368FE
:10B5400023F0200323601023B0E7236843F0200397
:10B5500023607823284884F84530E3E7590648BF3C
:10B56000B6B2E6E71546BBE72B6826686169181D89
:10B57000286035061B6801D5196002E07006FBD50E
:10B580001980002323611546BAE72B681A1D2A602B
:10B590001D68626800212846E4F7B2FE08B1401B2E
:10B5A000606063682361002384F84330A8E723695F
:10B5B0002A4649464046D0470130ABD023689B0716
:10B5C00013D4E068039B9842B8BF1846A4E7012350
:10B5D000324649464046D04701309BD00135E368AA
:10B5E00003995B1AAB42F2DCEBE7002504F1190684
:10B5F000F5E700BF45DE010856DE010870B50D46CF
:10B600001446064618B183690BB9FFF7EFFA1C4BD5
:10B610009C4224D17468636ED80705D4A389990528
:10B6200002D4A06DFFF792FBA368013B002BA3603F
:10B6300005DAA26993421CDBEBB20A2B19D023680E
:10B640005A1C22601D70EDB2636EDA0705D4A3891F
:10B650009B0502D4A06DFFF77AFB284670BD094B0D
:10B660009C4201D1B468D6E7074B9C4208BFF468FE
:10B67000D1E729462246304600F04CF80546E3E77C
:10B68000F4DD010814DE0108D4DD010810B50C4614
:10B69000B1F90E1000F090FA0028ABBF636DA389DA
:10B6A0001B1823F48053ACBF6365A38110BD2DE943
:10B6B000F0411F468B89DB0505460C46164605D52D
:10B6C000B1F90E100223002200F0BEF9A389B4F9EB
:10B6D0000E1023F48053A38132463B462846BDE832
:10B6E000F041FFF7FBB910B50C46B1F90E1000F0B0
:10B6F000ABF9431CA38915BF606523F4805343F461
:10B700008053A38118BFA38110BDB1F90E1000F0C2
:10B71000C9B80000F8B50E461446054618B183694D
:10B720000BB9FFF763FA214B9C422BD16C68A369DC
:10B73000A360A3891A072FD523696BB323692068F7
:10B74000C01A6369F6B28342374604DC21462846B4
:10B7500000F03EF930BBA368013BA36023685A1C8C
:10B7600022601E7063690130834204D0A389DB0725
:10B7700006D50A2E04D12146284600F029F988B9B9
:10B780003846F8BD0A4B9C4201D1AC68CFE7094B63
:10B790009C4208BFEC68CAE72146284600F00CF836
:10B7A0000028CBD04FF0FF37EAE700BFF4DD0108F7
:10B7B00014DE0108D4DD0108324B70B51D68064661
:10B7C0000C4625B1AB6913B92846FFF70FFA2E4B8B
:10B7D0009C420FD16C68A389B4F90C2019072CD4B2
:10B7E000DD0611D40923336042F04003A3814FF0FA
:10B7F000FF303EE0254B9C4201D1AC68EBE7244B87
:10B800009C4208BFEC68E6E7580712D5616B41B16E
:10B8100004F14403994202D03046FEF7E1FF0023D1
:10B820006363A38923F02403A38100236360236956
:10B830002360A38943F00803A38123694BB9A3893B
:10B8400003F42073B3F5007F03D02146304600F0A7
:10B8500033F9A089B4F90C2010F001030AD00023B9
:10B86000A36063695B42A361236943B910F0800060
:10B87000BAD170BD810758BF6369A360F4E70020A7
:10B88000F7E700BFC8050024F4DD010814DE010855
:10B89000D4DD010808B5062000F0C8F9012000F049
:10B8A00059FA000038B5064D0023044608462B60BF
:10B8B00000F002FA431C02D12B6803B1236038BDAB
:10B8C000183007248A892DE9F041054610070C46F7
:10B8D00058D44B68002B05DC0B6C002B02DC0020DD
:10B8E000BDE8F081E66A002EF9D0002312F4805200
:10B8F0002F682B6032D0606DA3895A0705D5636825
:10B90000C01A636B0BB1236CC01A00230246E66AAF
:10B91000216A2846B047431CA38906D129681D29FE
:10B920002CD82A4ACA40D60728D500226260D904FA
:10B930002269226004D5421C01D12B6803B96065DD
:10B94000616B2F600029CAD004F14403994202D0F0
:10B950002846FEF745FF00206063C1E7216A012306
:10B960002846B047411CC7D12B68002BC4D01D2BE3
:10B9700001D0162B01D12F60B1E7A38943F040031A
:10B98000A381ADE70F69002FA9D093070E6808BF08
:10B990004B690F6018BF0023A6EB07088B60B8F156
:10B9A000000F9CDD216AA66A43463A462846B04706
:10B9B000002806DCA38943F04003A3814FF0FF3049
:10B9C0008EE70744A8EB0008E9E700BF010040202C
:10B9D00038B50B6905460C4613B90025284638BD15
:10B9E00018B183690BB9FFF701F9144B9C421BD1C5
:10B9F0006C68B4F90C30002BEFD0626ED00704D421
:10BA0000990502D4A06DFFF7A1F928462146FFF75A
:10BA100059FF636EDA070546E0D4A3899B05DDD4A0
:10BA2000A06DFFF794F9D9E7054B9C4201D1AC68B2
:10BA3000DFE7044B9C4208BFEC68DAE7F4DD01085D
:10BA400014DE0108D4DD010838B5074D0446084668
:10BA5000114600222A601A4600F056F9431C02D112
:10BA60002B6803B1236038BD1830072470B50E462B
:10BA7000B1F90E10002996B014461D4608DAB6F941
:10BA80000C3000222A601A0610D44FF480630EE0B6
:10BA90006A4600F0E7F80028F1DB019A02F47042F0
:10BAA000A2F500535A425A412A60EEE74023002093
:10BAB000236016B070BD00008B8973B59D070646E4
:10BAC0000C4607D504F1470323602361012363611A
:10BAD00002B070BD01AB6A46FFF7C8FF009905468A
:10BAE0003046FEF7C9FE48B9B4F90C309A05EFD4D8
:10BAF00023F0030343F00203A381E3E70D4BB3629A
:10BB0000A389206043F08003A381009B6361019BB4
:10BB100020615BB1B4F90E10304600F0B5F828B1E1
:10BB2000A38923F0030343F00103A381A089054304
:10BB3000A581CDE785AB0108884210B501EB020471
:10BB400002D98442234607D8431EA14208D011F8E7
:10BB5000012B03F8012FF8E7024401468A4200D185
:10BB600010BD13F8014D02F8014DF7E7F8B507468F
:10BB700014460E4621B9BDE8F8401146FEF77CBEDA
:10BB800022B9FEF72DFE25462846F8BD00F08CF8B8
:10BB9000A0420FD221463846FEF76EFE0546002829
:10BBA000F2D031462246FEF7F5FD31463846FEF723
:10BBB00017FEE9E73546E7E738B5074D044608467E
:10BBC000114600222A601A4600F0A6F8431C02D152
:10BBD0002B6803B1236038BD183007241F2938B5FE
:10BBE00004460D4604D9162303604FF0FF3038BDDC
:10BBF000426C12B152F821304BB9204600F030F8B7
:10BC00002A4601462046BDE8384000F017B8012B0F
:10BC10000AD0591C03D1162303600120E7E7002452
:10BC200042F82540284698470020E0E7024B0146AD
:10BC30001868FFF7D3BF00BFC805002438B5074D0B
:10BC400000230446084611462B6000F055F8431CBB
:10BC500002D12B6803B1236038BD00BF1830072420
:10BC600000F03AB838B5074D00230446084611469F
:10BC70002B6000F029F8431C02D12B6803B123602C
:10BC800038BD00BF1830072438B5064D00230446E0
:10BC900008462B6000F028F8431C02D12B6803B142
:10BCA000236038BD1830072451F8043C181F002BBE
:10BCB000BCBF0B58C0187047024B58221A604FF097
:10BCC000FF30704718300724024B58221A604FF09B
:10BCD000FF30704718300724024B58221A604FF08B
:10BCE000FF30704718300724024B58221A6000209A
:10BCF000704700BF18300724024B58221A604FF0DB
:10BD0000FF30704718300724024B58221A604FF05A
:10BD1000FF30704718300724024B58221A604FF04A
:10BD2000FF30704718300724044A05491368002B78
:10BD300008BF0B4618441060184670471C30072493
:10BD400020300724024B58221A604FF0FF30704712
:10BD500018300724FEE700BF21007F220007000003
:10BD6000CDCC4C3DCDCCCC3DCDCC4C3F0000003FAC
:10BD70000000803F0AD7233CCDCC4C3E00000000A1
:10BD8000CDCC4C3E00803B45CDCC4C3E00A08C46FB
:10BD90009A99593F44656661756C74000000000013
:10BDA00000000000CDCC8241CDCC9241CDCCA4414D
:10BDB000D7A3AE410000C4410000DC41C3F5F64109
:10BDC000CDCC8241CDCC92419A999B41D7A3AE4133
:10BDD0000000C44114AECF41B81EE941CDCC824130
:10BDE000CDCC92419A999B41D7A3AE410000C4416A
:10BDF00014AECF41C3F5F641CDCC8241CDCC9241BA
:10BE00009A999B41D7A3AE41C3F5B8410000DC41EC
:10BE1000C3F5F641CDCC8241CDCC9241D7A3AE4102
:10BE20000000C4410000DC41CDCC82415C8F8A41DE
:10BE3000CDCC92419A999B41CDCCA441D7A3AE41A0
:10BE4000C3F5B8410000C44114AECF410000DC414D
:10BE5000B81EE941C3F5F641CDCC8241CDCC92412B
:10BE6000CDCCA441D7A3AE410000C4410000DC41C9
:10BE700035607A3F3560FA3F35607A3F0000803F99
:10BE80006350FA3F0CE0743F4AB4753F4AB47540C2
:10BE90003747B8404AB475404AB4753F0000803F08
:10BEA00001BF7A40F839B84091A9704094D26B3FF5
:10BEB0004596CA3E45964A3F4596CA3E0000803F99
:10BEC00006A1ED3E35E0F23DDB432E3EDC432E3F46
:10BED000E5B2823FDC432E3FDB432E3E0000803F35
:10BEE0001D727B3F7DDD133FB0F3153E165D883C30
:10BEF00030000000030000000000803F0000803F91
:10BF00000303020303010203030303030202030109
:10BF10000000000000000000020202020101020015
:10BF20000054004000580040005C0040001C0058D5
:10BF3000000000400004004000080040000C0040E9
:10BF4000250026002700340035004700520053002A
:10BF50008E0050726573657420256400454E54450B
:10BF600052494E47204446552E2E2E0052454C45F0
:10BF70004153453D5245424F4F54005245424F4F69
:10BF800054494E472E2E2E00534156494E472E2ED1
:10BF90002E0050524553455420534156454400000D
:10BFA0000000000000000000790A0008F50A0008FF
:10BFB0007B0A00087F0A0008E10A0008F315000860
:10BFC000091B0008A31B000809180008FD1500083C
:10BFD000A5160008D5160008310C0008830A0008D1
:10BFE000506F6C6954654B20505350002D204D41CB
:10BFF000494E204D454E55202D0043616C696272BB
:10C000006174696F6E005363616C65730050726593
:10C010007365747300536176652F6C6F6164206380
:10C020006F6E666967730045786974003E002D2065
:10C0300043414C4942524154494F4E202D004465E2
:10C040006C7461004375727665004879737465722B
:10C05000657369730046696C746572205479706504
:10C06000004261636B002D205343414C4553202D0A
:10C0700000526F6F74204E6F7465005363616C657E
:10C080002054797065004F6374617665002D2054EB
:10C0900048524553484F4C4453202D00546F75630C
:10C0A00068205468726573686F6C64730052656CC5
:10C0B00065617365205468726573686F6C647300A2
:10C0C0002D20534156452F4C4F414420434F4E465F
:10C0D000494753202D005361766520436F6E666992
:10C0E0006773004C6F616420436F6E66696773000D
:10C0F000454449543A0025642E25303264004544B5
:10C100004954494E473A00524F4F54005343414C13
:10C1100045005052455345540048595354455245E3
:10C120005349530025642025250046494C54455267
:10C13000205459504500544F5543485448535F5676
:10C14000414C55450052454C5448535F56414C555F
:10C15000450044454C5441004355525645004F4319
:10C1600054415645005341564520434647004C4FE5
:10C170004144204346470042747277746820326E0F
:10C180006400427472777468203474680042657386
:10C1900073656C20326E640042657373656C203485
:10C1A0007468004D616A6F72004D696E6F724E0067
:10C1B0004D696E6F7241004D696E6F724D00506532
:10C1C0006E7461004368726F6D0045736174004363
:10C1D000004323004423004623004723004123005B
:10C1E00042000000CFC10108D1C101089DBF010874
:10C1F000D4C1010810C1010854DE0108D7C10108EB
:10C2000075C10108DAC1010856C10108DDC1010884
:10C21000E0C10108A3C10108A9C10108B0C101081A
:10C22000B7C10108BEC10108C4C10108CAC10108E3
:10C2300077C1010882C101088DC1010898C10108B8
:10C24000010C020B020A020902080302020C060A90
:10C25000060B01040105010801090106010702009E
:10C2600000030101000700060201020400050004AA
:10C2700000010000030B06090002010E010F02027B
:10C28000020300000A0A0909090A00000000FA4531
:10C2900000007A460000FA4600803B470080BB471A
:10C2A000000000000102030401020304060708095C
:10C2B0000003010300020102000000000000000072
:10C2C000000000000000000000000000000000006E
:10C2D0000000000000000000000000000000000C52
:10C2E000000C000C000C000C000C000C000C000CEE
:10C2F000000C000C0000000C000C0000000000000E
:10C300000000001B001B001B001B001B00000000A6
:10C31000000000000000000000000000000000001D
:10C320000000000000008019801980198019C07F6A
:10C33000C07F80190033C07FC07F003300330033DB
:10C3400000330000000000000000001E003F807568
:10C3500080650074003C001E0007800580658065D4
:10C360008075003F001E0004000400000000007003
:10C3700000D840D8C0D880D900730006000C801BBC
:10C38000C036C066C046C006800300000000000042
:10C390000000001E003F003300330033001E000C7D
:10C3A000C03CC066806380618063C03E801C00002A
:10C3B000000000000000000C000C000C000C000C41
:10C3C000000000000000000000000000000000006D
:10C3D00000000000000000008000000100030006D3
:10C3E00000060004000C000C000C000C000C000CFB
:10C3F0000004000600060003000180000020001079
:10C400000018000C000C00040006000600060006E0
:10C41000000600060004000C000C001800100020AC
:10C420000000000C002D003F001E00330000000043
:10C4300000000000000000000000000000000000FC
:10C4400000000000000000000000000C000C000CC8
:10C45000000CC0FFC0FF000C000C000C000C000022
:10C4600000000000000000000000000000000000CC
:10C4700000000000000000000000000000000000BC
:10C480000000000C000C0004000400080000000084
:10C490000000000000000000000000000000001E7E
:10C4A000001E00000000000000000000000000006E
:10C4B000000000000000000000000000000000007C
:10C4C00000000000000000000000000C000C000054
:10C4D0000000000000000003000300030006000647
:10C4E00000060006000C000C000C000C00180018E0
:10C4F00000180000000000000000001E003F003394
:10C50000806180618061806D806D8061806180610B
:10C510000033003F001E0000000000000000000685
:10C52000000E001E0036002600060006000600066B
:10C5300000060006000600060006000000000000DD
:10C540000000001E003F8073806180618001000355
:10C550000006000C001800300060807F807F000023
:10C56000000000000000001C003E006300630003A8
:10C57000000E000E00038001800180618073003F87
:10C58000001E00000000000000000006000E000E6B
:10C59000001E001E0016003600360066807F807F79
:10C5A0000006000600060000000000000000007FFA
:10C5B000007F006000600060006E007F806380018B
:10C5C000800180618073003F001E000000000000B9
:10C5D0000000001E003F803380610060006E007F1D
:10C5E00080738061806180618033003F001E0000A5
:10C5F000000000000000807F807F800100030003B6
:10C6000000060006000C000C000C000800180018C2
:10C6100000180000000000000000001E003F8063C2
:10C62000806180610021001E003F80618061806127
:10C630008061003F001E0000000000000000001E9E
:10C64000003F00738061806180618073803F801D46
:10C65000800180610073003F001E000000000000A8
:10C6600000000000000000000000000C000C0000B2
:10C6700000000000000000000000000C000C0000A2
:10C6800000000000000000000000000000000000AA
:10C69000000C000C00000000000000000000000C76
:10C6A000000C00040004000800000000000000006E
:10C6B00080008003000E003800600038000E800308
:10C6C00080000000000000000000000000000000EA
:10C6D000000000000000807F807F00000000807F5D
:10C6E000807F00000000000000000000000000004B
:10C6F000000000000000000000400070001C000767
:10C7000080010007001C00700040000000000000D5
:10C71000000000000000001F803FC071C060C0002A
:10C72000C00180030007000E000C000C0000000C8C
:10C73000000C0000000000000000001E003F8031DF
:10C7400080718063806F806D806D806F8067006016
:10C750000032003E001C0000000000000000000E3F
:10C76000000E001B001B001B001B80318031803F2E
:10C77000803F8031C060C060C060000000000000E9
:10C780000000007C007E0063006300630063007EA5
:10C79000007E0063806180618063007F007E000016
:10C7A000000000000000001E003F8031806100603A
:10C7B0000060006000600060006080618031003FC8
:10C7C000001E0000000000000000007C007F0063ED
:10C7D00080638061806180618061806180610063CD
:10C7E0000063007E007C0000000000000000807FED
:10C7F000807F0060006000600060007F007F00605C
:10C80000006000600060807F807F0000000000000A
:10C810000000807F807F0060006000600060007F1B
:10C82000007F006000600060006000600060000049
:10C83000000000000000001E003F803180610060A9
:10C840000060006080638063806180618031803F30
:10C85000001E000000000000000080618061806117
:10C86000806180618061807F807F80618061806184
:10C870008061806180610000000000000000003FD6
:10C88000003F000C000C000C000C000C000C000C15
:10C89000000C000C000C003F003F000000000000F6
:10C8A0000000800180018001800180018001800101
:10C8B00080018001806180618073003F001E000064
:10C8C000000000000000C060806100630066006638
:10C8D000006C0078007C0066006600638061806107
:10C8E000C060000000000000000000600060006008
:10C8F0000060006000600060006000600060006038
:10C900000060807F807F0000000000000000C07198
:10C91000C071C07BC07AC06AC06AC06EC064C060AB
:10C92000C060C060C060C060C06000000000000067
:10C93000000080718071807980798079806D806D50
:10C94000806D80658067806780678063806300009A
:10C95000000000000000001E003F00338061806185
:10C960008061806180618061806180610033003F0F
:10C97000001E0000000000000000007E007F8063B9
:10C980008061806180618063007F007E0060006064
:10C990000060006000600000000000000000001E59
:10C9A000003F0033806180618061806180618061CF
:10C9B000806580670033803F401E0000000000005B
:10C9C0000000007E007F8063806180618063007F63
:10C9D000007E00660063006380618061C0600000CB
:10C9E000000000000000000E001F80318031003088
:10C9F0000038001E00078003806180618031003FA5
:10CA0000001E0000000000000000C0FFC0FF000C7E
:10CA1000000C000C000C000C000C000C000C000CB6
:10CA2000000C000C000C0000000000000000806101
:10CA300080618061806180618061806180618061EE
:10CA4000806180618073003F001E000000000000D4
:10CA50000000C060C060C060803180318031001B48
:10CA6000001B001B001B000E000E000E0004000047
:10CA7000000000000000C0C0C0C0C0C0C0C0C0C036
:10CA8000C0CC804C804C805E80528052807380612C
:10CA900080610000000000000000C0C08060806174
:10CAA0000033003B001E000C000C001E001F003B6A
:10CAB00080718061C0C00000000000000000C0C0A4
:10CAC0008061806100330033001E001E000C000CEA
:10CAD000000C000C000C000C000C0000000000001A
:10CAE0000000803F803F8001000300030006000C2F
:10CAF000000C0018001800300060807F807F00006C
:10CB000000000000000F000F000C000C000C000CD7
:10CB1000000C000C000C000C000C000C000C000CB5
:10CB2000000C000C000F000F000000180018001887
:10CB3000000C000C000C000C0006000600060006AD
:10CB4000000300030003000000000000001E001EA0
:10CB500000060006000600060006000600060006A5
:10CB6000000600060006000600060006001E001E65
:10CB70000000000C000C001E001200330033806126
:10CB800080610000000000000000000000000000C4
:10CB90000000000000000000000000000000000095
:10CBA0000000000000000000000000000000000085
:10CBB00000000000E0FF0000000000380018000C3A
:10CBC0000000000000000000000000000000000065
:10CBD0000000000000000000000000000000000055
:10CBE000000000000000001F803F80618001801F66
:10CBF000803F80618063807FC038000000000000BB
:10CC000000000060006000600060006E007F8073C4
:10CC100080618061806180618073007F006E0000B0
:10CC20000000000000000000000000000000001EE6
:10CC3000003F807380610060006080618073003F0E
:10CC4000001E000000000000000080018001800143
:10CC50008001801D803F8073806180618061806180
:10CC60008073803F801D0000000000000000000075
:10CC7000000000000000001E003F00738061807F04
:10CC8000807F00608071003F001E000000000000F7
:10CC90000000C007C00F000C000C807F807F000CDC
:10CCA000000C000C000C000C000C000C000C000030
:10CCB000000000000000000000000000801D803F18
:10CCC000807380618061806180618073803F801D9E
:10CCD00080018063007F003E000000600060006013
:10CCE0000060006F807F8071806180618061806101
:10CCF000806180618061000000000000000000068B
:10CD0000000600000000003E003E0006000600068F
:10CD100000060006000600060006000000000000F5
:10CD20000006000600000000003E003E000600066F
:10CD30000006000600060006000600060006004683
:10CD4000007E003C000000600060006000608061C8
:10CD500000630066006C007C007600630063806105
:10CD6000C0600000000000000000003E003E000621
:10CD70000006000600060006000600060006000683
:10CD80000006000600060000000000000000000091
:10CD900000000000000080DDC0FFC0CEC0CCC0CCD1
:10CDA000C0CCC0CCC0CCC0CCC0CC000000000000C7
:10CDB00000000000000000000000006F807F807114
:10CDC000806180618061806180618061806100003C
:10CDD0000000000000000000000000000000001E35
:10CDE000003F807380618061806180618073003F5B
:10CDF000001E000000000000000000000000000015
:10CE0000006E007F807380618061806180618073CB
:10CE1000007F006E006000600060006000000000A5
:10CE200000000000801D803F807380618061806110
:10CE300080618073803F801D8001800180018001BE
:10CE4000000000000000000000000067803F003983
:10CE50000030003000300030003000300030000082
:10CE60000000000000000000000000000000001EA4
:10CE7000803F80610060007F803F80018061007F93
:10CE8000001E000000000000000000000008001864
:10CE90000018007F007F0018001800180018001804
:10CEA0000018801F800F000000000000000000003C
:10CEB000000000000000806180618061806180610D
:10CEC000806180618063807F803D00000000000001
:10CED00000000000000000000000C06080318031D0
:10CEE0008031001B001B001B000E000E000600001E
:10CEF000000000000000000000000000000080DDD5
:10CF000080DD80DD00550055005500770077002258
:10CF100000220000000000000000000000000000EF
:10CF20000000806100330033001E000C000C001E66
:10CF300000330033806100000000000000000000AA
:10CF40000000000080618061803100330033001BED
:10CF5000001B001B000E000E000E001C007C007069
:10CF600000000000000000000000C07FC07F8001C2
:10CF700000030006000C00180030C07FC07F0000D6
:10CF8000000000008003800700060006000600067F
:10CF90000006000E001C001C000E00060006000625
:10CFA0000006000680078003000600060006000653
:10CFB0000006000600060006000600060006000641
:10CFC0000006000600060006000600060038003CC9
:10CFD000000C000C000C000C000C000E00070007F9
:10CFE000000E000C000C000C000C000C003C003883
:10CFF0000000000000000000000000000000803879
:10D00000807F0047000000000000000000000000DA
:10D010000000000000000000000000000000000010
:10D0200000000000000000000010001000100010C0
:10D030000010001000000010000000000028002870
:10D0400000280000000000000000000000000000B8
:10D0500000240024007C00240048007C0048004894
:10D060000000000000380054005000380014005444
:10D070000054003800100000002000540058003018
:10D0800000280054001400080000000000100028D0
:10D090000028001000340048004800340000000060
:10D0A0000010001000100000000000000000000050
:10D0B00000000000000800100020002000200020D8
:10D0C00000200020001000080020001000080008C8
:10D0D00000080008000800080010002000100038B8
:10D0E0000010002800000000000000000000000008
:10D0F0000000000000100010007C00100010000074
:10D10000000000000000000000000000000000001F
:10D1100000000010001000100000000000000000DF
:10D1200000000038000000000000000000000000C7
:10D1300000000000000000000000001000000000DF
:10D14000000800080010001000100010002000204F
:10D150000000000000380044004400540044004433
:10D1600000440038000000000010003000500010A3
:10D1700000100010001000100000000000380044F3
:10D1800000440004000800100020007C00000000A3
:10D190000038004400040018000400040044003873
:10D1A0000000000000080018002800280048007C4B
:10D1B0000008000800000000007C004000400078EB
:10D1C000000400040044003800000000003800445F
:10D1D0000040007800440044004400380000000093
:10D1E000007C000400080010001000200020002037
:10D1F00000000000003800440044003800440044AF
:10D20000004400380000000000380044004400449E
:10D21000003C000400440038000000000000000052
:10D2200000100000000000000000001000000000DE
:10D2300000000000000000100000000000000010CE
:10D240000010001000000000000C00300040003012
:10D25000000C000000000000000000000000007C46
:10D260000000007C00000000000000000000000042
:10D2700000600018000400180060000000000000BA
:10D2800000380044000400080010001000000010E6
:10D290000000000000380044004C0054005C0040D6
:10D2A000004000380000000000100028002800287E
:10D2B0000028007C00440044000000000078004486
:10D2C000004400780044004400440078000000005E
:10D2D0000038004400400040004000400044003856
:10D2E0000000000000700048004400440044004476
:10D2F0000048007000000000007C00400040007CFE
:10D30000004000400040007C00000000007C004025
:10D310000040007800400040004000400000000055
:10D320000038004400400040005C004400440038E5
:10D3300000000000004400440044007C004400441D
:10D3400000440044000000000038001000100010ED
:10D35000001000100010003800000000000400045D
:10D360000004000400040004004400380000000031
:10D37000004400480050006000500048004800444D
:10D38000000000000040004000400040004000401D
:10D390000040007C000000000044006C006C005461
:10D3A00000440044004400440000000000440064C5
:10D3B000006400540054004C004C00440000000085
:10D3C0000038004400440044004400440044003855
:10D3D0000000000000780044004400440078004051
:10D3E00000400040000000000038004400440044B9
:10D3F0000044004400540038000400000078004459
:10D400000044004400780048004800440000000048
:10D410000038004400400030000800040044003898
:10D4200000000000007C0010001000100010001030
:10D4300000100010000000000044004400440044BC
:10D440000044004400440038000000000044004450
:10D4500000440028002800280010001000000000F0
:10D4600000440044005400540054006C002800287C
:10D4700000000000004400280028001000100028D0
:10D480000028004400000000004400440028002858
:10D49000001000100010001000000000007C0004CC
:10D4A00000080010001000200040007C0000000078
:10D4B00000180010001000100010001000100010E4
:10D4C00000100018002000200010001000100010B4
:10D4D00000080008000000000030001000100010DC
:10D4E0000010001000100010001000300010002884
:10D4F00000280044000000000000000000000000C0
:10D50000000000000000000000000000000000001B
:10D51000000000FE002000100000000000000000DD
:10D52000000000000000000000000000003800447F
:10D53000003C0044004C003400000000004000406B
:10D5400000580064004400440064005800000000DB
:10D550000000000000380044004000400044003853
:10D5600000000000000400040034004C00440044AB
:10D57000004C0034000000000000000000380044AF
:10D58000007C00400044003800000000000C001047
:10D59000007C0010001000100010001000000000BF
:10D5A000000000000034004C00440044004C0034F3
:10D5B000000400780040004000580064004400442B
:10D5C0000044004400000000001000000070001043
:10D5D00000100010001000100000000000100000FB
:10D5E000007000100010001000100010001000E08B
:10D5F00000400040004800500060005000480044D7
:10D60000000000000070001000100010001000105A
:10D61000001000100000000000000000007800541E
:10D6200000540054005400540000000000000000AA
:10D63000005800640044004400440044000000001E
:10D64000000000000038004400440044004400385A
:10D650000000000000000000005800640044004486
:10D660000064005800400040000000000034004CFE
:10D6700000440044004C003400040004000000009A
:10D6800000580064004000400040004000000000DE
:10D69000000000000038004400300008004400385A
:10D6A0000000000000200020007800200020002062
:10D6B00000200018000000000000000000440044AA
:10D6C00000440044004C0034000000000000000052
:10D6D000004400440028002800280010000000003A
:10D6E00000000000005400540054006C0028002882
:10D6F000000000000000000000440028001000109E
:10D700000028004400000000000000000044004425
:10D710000028002800100010001000600000000029
:10D72000007C0008001000200040007C0000000089
:10D730000018001000100010002000200010001041
:10D740000010001800100010001000100010001051
:10D750000010001000100010003000100010001029
:10D760000008000800100010001000300000000049
:10D7700000000074004C00000000000000000000E9
:10D7800000061016000610164552524F523A20005D
:10D79000496E76616C6964204465766963652068CA
:10D7A000616E646C65000000496E76616C6964208E
:10D7B000436C6173732068616E646C6500000000E7
:10D7C0000B00FF00C0000024A8000024B4000024C7
:10D7D00078000024E4000024CC000024D8000024B9
:10D7E0008400002408010024F0000024FC00002430
:10D7F000900000240CFE0624F4FD062400FE0624FE
:10D80000DCFD062430FE062418FE062424FE062431
:10D81000E8FD06242C01002414010024200100242A
:10D820009C000024456C656374726F736D69746845
:10D8300000000000446169737920536565642045E8
:10D84000787465726E616C0043444320436F6E666A
:10D850006967000043444320496E746572666163E2
:10D860006500000044616973792053656564204256
:10D8700075696C7420496E00018080808080808092
:10D88000048080808080808008808080808080808C
:10D890001080808080808080208080808080808058
:10D8A000400000000004081020400000020408109E
:10D8B00020400000010002000400060008000A00E9
:10D8C0000C00100020004000800000018207533D42
:10D8D0006F12833A6666464000C0F5440A1E6C3DEE
:10D8E000E02D903A000060400066E6463842893DEF
:10D8F00089D2DE3A7B148E3F0032B346EDC3973DAA
:10D9000052491D3AA2457E4000981946DCB2A63D18
:10D910006F12833AF2D215400046A146D815B03DA9
:10D92000E02D903AE5D0F23F0032B3468DDE363D31
:10D9300089D2DE3A9318643F0066E64608F3243D38
:10D9400052491D3ADD244E4000446146000000006B
:10D95000000000000000F03F748515D3B0D9EF3F00
:10D960000F89F96C58B5EF3F515B12D00193EF3F2F
:10D970007B517D3CB872EF3FAAB968318754EF3FC5
:10D980003862756E7A38EF3FE1DE1FF59D1EEF3F7E
:10D9900015B7310AFE06EF3FCBA93A37A7F1EE3FA4
:10D9A0002234124CA6DEEE3F2D89616008CEEE3F98
:10D9B000272A36D5DABFEE3F824F9D562BB4EE3F75
:10D9C000295448DD07ABEE3F85553AB07EA4EE3FC3
:10D9D000CD3B7F669EA0EE3F745FECE8759FEE3F07
:10D9E0008701EB7314A1EE3F13CE4C9989A5EE3F4E
:10D9F000DBA02A42E5ACEE3FE5C5CDB037B7EE3F40
:10DA000090F0A38291C4EE3F5D253EB203D5EE3F78
:10DA1000ADD35A999FE8EE3F475EFBF276FFEE3FAB
:10DA20009C5285DD9B19EF3F6990EFDC2037EF3F7B
:10DA300087A4FBDC1858EF3F5F9B7B33977CEF3F5D
:10DA4000DA90A4A2AFA4EF3F40456E5B76D0EF3FE3
:10DA5000000000000000E8429423914BF86AAC3FBC
:10DA6000F3C4FA50CEBFCE3FD6520CFF422EE63F53
:10DA70000000000000003843FE822B654715474038
:10DA80009423914BF86ABC3EF3C4FA50CEBF2E3FAC
:10DA9000D6520CFF422E963FBEF3F879EC61F63F6A
:10DAA0001930965BC6FEDEBF3D88AF4AED71F53F8B
:10DAB000A4FCD432680BDBBFB010F0F03995F43F12
:10DAC0007BB71F0A8B41D7BF8503B8B095C9F33F19
:10DAD0007BCF6D1AE99DD3BFA564880C190DF33F68
:10DAE00031B6F2F39B1DD0BFA08E0B7B225EF23FBE
:10DAF000F07A3B1B1D7CC9BF3F341A4A4ABBF13F39
:10DB00009F3CAF93E3F9C2BFBAE58AF05823F13FD7
:10DB10005C8D78BFCB60B9BFA70099413F95F03FBE
:10DB2000CE5F47B69D6FAABF000000000000F03F27
:10DB30000000000000000000AC479AFD8C60EE3F42
:10DB40003DF5249FCA38B33FA06A021FB3A4EC3F3F
:10DB5000BA913854A976C43FE6FC6A573620EB3FA9
:10DB6000D2E4C44A0B84CE3F2DAAA163D1C2E93FBF
:10DB70001C65C6F04506D43FED417803E686E83FD4
:10DB8000F89F1B2C9C8ED83F624853F5DC67E73F1B
:10DB9000CC7BB14EA4E0DC3F0B6E49C91676D23F78
:10DBA0007AC675A06919D7BFDDBAA76C0AC7DE3F70
:10DBB000C8F6BE484715E7BF2BB82A654715F73F9B
:10DBC000A2000000F9A2000083F9A2006E83F9A26E
:10DBD0004E6E83F9444E6E8315444E6E2915444EA5
:10DBE000FC29154427FC29155727FC29D15727FC68
:10DBF000F5D1572734F5D157DD34F5D1C0DD34F5F3
:10DC0000DBC0DD3462DBC0DD9562DBC0999562DB91
:10DC10003C999562433C999590433C994190433C93
:10DC2000000000000000F03F000000000000F0BF16
:10DC3000000000000000F0BF000000000000F03F06
:10DC400083C8C96D305F6441182D4454FB21F93FEE
:10DC5000000000000000F03F1C620CFDFFFFDFBF72
:10DC6000198F06E15355A53F9D359AE887C056BFE9
:10DC7000C3F87B024393F93E03A695595455C5BF9B
:10DC8000C40B23057610813F24CF7437EB9429BF52
:10DC9000000000000000F03F000000000000F0BFA6
:10DCA000000000000000F0BF000000000000F03F96
:10DCB00083C8C96D305F6441182D4454FB21F93F7E
:10DCC000000000000000F0BF1C620CFDFFFFDF3F02
:10DCD000198F06E15355A5BF9D359AE887C0563F79
:10DCE000C3F87B024393F9BE03A695595455C5BFAB
:10DCF000C40B23057610813F24CF7437EB9429BFE2
:10DD0000CC0500245245454E54206D616C6C6F6308
:10DD100020737563636565646564002F6D6E742F91
:10DD2000776F726B73706163652F776F726B73704F
:10DD30006163652F4743432D31302D706970656CE9
:10DD4000696E652F6A656E6B696E732D4743432D4F
:10DD500031302D706970656C696E652D34385F32B5
:10DD6000303230313132345F31363036313830365E
:10DD700034312F7372632F6E65776C69622F6E6515
:10DD8000776C69622F6C6962632F7374646C69626B
:10DD90002F72616E642E63002C2066756E63746949
:10DDA0006F6E3A2000617373657274696F6E202222
:10DDB000257322206661696C65643A2066696C652A
:10DDC00020222573222C206C696E65202564257322
:10DDD00025730A00000000000000000000000000A1
:10DDE0000000000000000000000000000000000033
:10DDF0000000000000000000000000000000000023
:10DE00000000000000000000000000000000000012
:10DE10000000000000000000000000000000000002
:10DE200000000000000000000000000000000000F2
:10DE300000000000232D302B2000686C4C0065662C
:10DE4000674546470030313233343536373839414B
:10DE50004243444546003031323334353637383961
:10DE60006162636465660000F8B500BFF8BC08BC79
:10DE70009E467047F8B500BFF8BC08BC9E46704788
:08DE8000C828FE7F010000002C
:10DE8800C5020008211C0008E1590008B55E000819
:10DE9800096D00082581000835880008B58B000841
:10DEA8001193000855490108915A0108B96B0108F6
:04DEB800819101084B
:04DEBC00A1020008B7
:10DEC000000000000000DC43000000003200000001
:10DED0001000000000000000000000000000000032
:10DEE0000000000000000000100000000000000022
:10DEF0000000000000000000000000000000000022
:10DF00001000000000000000000000000000000001
:10DF100000000000000000000090D0030090D0033B
:10DF20000B120000B8C20108070A000014D0010853
:10DF30000100000010000000060A050004050000B2
:10DF400000000000010C05010407010905000000A4
:10DF500000040600000000000000000000040800AB
:10DF6000000000000000000001040500060506098D
:10DF70000500000001050500070500000000000085
:10DF8000060B05000505000000000000010E05025B
:10DF90000205000000000000020105010F05020358
:10DFA0000500000003030500000000000000000061
:10DFB000020B06010406000000000000020C06012E
:10DFC0000507000000000000020A06000000000033
:10DFD0000000000001040800060800000000000026
:10DFE0000105080007080000000000000005080007
:10DFF0000000000000000000000000000000000021
:10E000000000000000000000000000000000000010
:10E0100001000000000000000000000000000000FF
:10E0200000000000000000000000000001000000EF
:10E0300000000000000000000000000000000000E0
:10E0400000000000000000000100000000000000CF
:10E0500000000000000000000000000000000000C0
:10E0600000000000010000000000000000000000AF
:10E0700000000000000000000000000000000000A0
:10E08000010000000000000000000000000000008F
:10E09000000000000000000000000000010000007F
:10E0A0000000000000000000000000000000000070
:10E0B000000000000000000001000000000000005F
:10E0C0000000000000000000000000000000000050
:10E0D000000000000100000000000000000000003F
:10E0E0000000000000000000000000000000000030
:10E0F000010000000000000000000000000000001F
:10E10000000000000000000000000000010000000E
:10E1100000000000000000000000000000000000FF
:10E1200000000000000000000100000000000000EE
:10E1300000000000000000000000000000000000DF
:10E1400000000000010000000000000000000000CE
:10E1500000000000000000000000000000000000BF
:10E16000010000000107080000000000000000009E
:10E170000106080000000000000000000B00FF0086
:10E180005003002444030024680300245C0300249B
:10E1900080030024740300241403002408030024D3
:10E1A0002C03002420030024F00D07248C030024FA
:10E1B00038030024CC0D0724E40D0724D80D0724D0
:10E1C000B0020024A4020024010808020B08000188
:10E1D00008000000010908020A0800000800000009
:10E1E000010C0E03020801050E000000020C0801DC
:10E1F000060E00000000000001040B0000000000FB
:10E2000000000000010707010F04000000000000EB
:10E21000010607010E0400000000000000030700D3
:10E2200000000000000000000002070000000000E5
:10E2300000000000020B07000000000000000000CA
:10E24000020A0700000000000000000006090700A5
:10E250000000000000000000C96D01086D6D01089C
:10E26000416E0108716D010800000000056E010893
:10E27000A96E0108756E01089D6D0108000000007F
:10E2800000C201000000080000C2010000000800F8
:10E29000D16E0108DD6E0108E96E0108596F0108B1
:10E2A0009D6F0108216F01083D6F0108C56E0108CF
:10E2B000756F0108816F0108056F0108C1700108C1
:10E2C00001720108E571010812010002020200401A
:10E2D0008304405700020102030100001201000202
:10E2E00002020040830440570002010203010000C3
:10E2F000040309041A0300000000000000000000ED
:10E30000000000000000000000000000000000000D
:10E310001D900108C18F0108A58E010800000000B2
:10E32000458D0108358E0108FD8D010800000000B3
:10E330000000000000000000A58D0108818D01088B
:10E34000C98D0108ED8D010809024300020100C0DA
:10E350003209040000010202010005240010010539
:10E36000240100010424020205240600010705829D
:10E370000308001009040100020A0000000705015B
:10E38000024000000705810240000000090243002E
:10E39000020100C03209040000010202010005244C
:10E3A00000100105240100010424020205240600D6
:10E3B000010705820308001009040100020A000099
:10E3C00000070501020002000705810200020000AB
:10E3D0000A06000200000040010000000907430097
:10E3E000020104C0320904000001020201000524F8
:10E3F0000010010524010001042402020524060086
:10E40000010705820308001009040100020A000048
:10E4100000070501024000000705810240000000DE
:10E4200009026500020100C050090400000001015A
:10E430000000092401000109000101090401000292
:10E44000010300000724010001410006240201012C
:10E450000006240202020009240301030102010054
:10E460000924030206010101000905010240000020
:10E47000000005250101010905810240000000009E
:10E480000525010103FF0000CC0500240000000069
:10E49000F4DD010814DE0108D4DD010800000000ED
:10E4A000000000000000000000000000000000006C
:10E4B000000000000000000000000000000000005C
:10E4C000000000000000000000000000000000004C
:10E4D000000000000000000000000000000000003C
:0CE4E00000000000000000000000000030
:0400000508000A29BC
:00000001FF
